{"mean": [120.05477142333984, 120.07072448730469, 119.0967788696289, 119.8343734741211, 119.56591796875, 119.9026107788086, 120.85450744628906, 117.70219421386719, 120.64710998535156, 120.39820861816406, 119.4464111328125, 119.88456726074219, 119.79582214355469, 117.47169494628906, 118.91377258300781, 119.32566833496094, 116.34590148925781, 119.1377944946289, 117.00984954833984, 117.05477142333984, 117.2659912109375, 113.89491271972656, 117.82969665527344, 117.59090423583984, 116.09700012207031, 117.94193267822266, 112.19767761230469, 115.92408752441406, 114.63375091552734, 115.37724304199219, 115.4146728515625, 117.48274230957031, 110.8057632446289, 110.87300872802734, 105.74922943115234, 95.3812484741211, 104.6509017944336, 107.9760971069336, 104.86573791503906, 98.81362915039062, 99.11642456054688, 99.86571502685547, 100.45629119873047, 95.6899185180664, 97.91331481933594, 96.71067810058594, 97.6621322631836, 91.03028869628906, 85.44837951660156, 83.4735107421875, 81.62372589111328, 80.6376724243164, 79.65855407714844, 79.1163558959961, 82.14289855957031, 83.08924865722656, 75.62977600097656, 69.08781433105469, 73.69564056396484, 71.32083129882812, 71.52272033691406, 66.51507568359375, 68.92524719238281, 62.15966796875, 68.41697692871094, 60.062828063964844, 62.0730094909668, 62.81032180786133, 60.15250778198242, 59.54801559448242, 63.88313674926758, 60.71435546875, 56.27779006958008, 59.47735595703125, 60.57068634033203, 59.98421096801758, 55.6661491394043, 54.082916259765625, 56.3853645324707, 52.74556350708008, 52.51601028442383, 51.67572784423828, 50.355098724365234, 48.30518341064453, 49.52745056152344, 48.08815383911133, 49.841331481933594, 45.92765808105469, 44.71601104736328, 43.85459518432617, 43.52984619140625, 40.81736373901367, 40.58714294433594, 41.727272033691406, 42.143226623535156, 39.445457458496094, 38.12575149536133, 35.63184356689453, 37.934104919433594, 37.1831169128418, 31.916854858398438, 31.308727264404297, 34.4349365234375, 31.30880355834961, 31.583444595336914, 27.8800048828125, 24.6554012298584, 26.374923706054688, 22.781879425048828, 21.156299591064453, 18.725994110107422, 17.85967445373535, 16.111568450927734, 13.276460647583008, 14.08782958984375, 12.540679931640625, 11.438337326049805, 10.186762809753418, 7.596837043762207, 7.823164939880371, 6.743290901184082, 5.195469856262207, 3.7147083282470703, 3.625197172164917, 2.9172112941741943, 2.771886110305786, 2.0301644802093506], "var": [11.536251068115234, 9.727434158325195, 15.228347778320312, 11.140021324157715, 9.546838760375977, 3.810497760772705, 6.760587215423584, 3.3306593894958496, 7.171855926513672, 15.663402557373047, 4.53632116317749, 4.662287712097168, 11.520495414733887, 3.1341466903686523, 20.160358428955078, 16.66745948791504, 8.147237777709961, 8.60389232635498, 9.068218231201172, 16.287752151489258, 8.85183048248291, 36.99522399902344, 6.838372230529785, 9.102115631103516, 13.397214889526367, 11.006694793701172, 34.654151916503906, 14.592808723449707, 20.74811363220215, 14.31539535522461, 18.242311477661133, 33.050086975097656, 60.50790786743164, 41.06055450439453, 44.925968170166016, 83.11261749267578, 41.74625778198242, 79.34197998046875, 79.55181884765625, 65.88125610351562, 77.89393615722656, 126.44261932373047, 64.59735107421875, 66.70958709716797, 118.73326873779297, 162.7241973876953, 36.174068450927734, 108.03558349609375, 25.02370834350586, 73.2500991821289, 100.06417846679688, 107.3456039428711, 24.857759475708008, 70.05593872070312, 83.27347564697266, 44.67620086669922, 57.25518035888672, 20.849523544311523, 54.93898391723633, 42.41638946533203, 13.52116584777832, 19.530513763427734, 77.9228744506836, 21.211280822753906, 62.793460845947266, 9.816316604614258, 18.00299072265625, 35.576847076416016, 19.7040958404541, 34.26396942138672, 30.60212516784668, 19.674720764160156, 22.904678344726562, 12.263161659240723, 13.173500061035156, 24.605209350585938, 15.119820594787598, 5.746082305908203, 19.83171844482422, 5.853859901428223, 6.468713283538818, 3.336979389190674, 2.4848785400390625, 9.05465316772461, 3.706317186355591, 1.780266284942627, 7.321354866027832, 4.848239898681641, 5.631414413452148, 2.715456008911133, 1.6143877506256104, 3.0782716274261475, 2.467365026473999, 1.261569857597351, 2.454908847808838, 4.496745586395264, 1.8756163120269775, 1.1921759843826294, 4.867747783660889, 3.3073201179504395, 2.1428608894348145, 3.1022441387176514, 2.6616508960723877, 4.203930854797363, 2.8160195350646973, 2.464623212814331, 0.7267059683799744, 4.1735968589782715, 1.0877563953399658, 1.139186978340149, 1.6475454568862915, 1.017287015914917, 0.6686786413192749, 0.6214448809623718, 0.6835163235664368, 0.5464220643043518, 0.7314570546150208, 0.8547560572624207, 0.6008938550949097, 0.5251927971839905, 1.3976489305496216, 0.2508825361728668, 0.23132942616939545, 0.10207833349704742, 0.1787084937095642, 0.2177411913871765, 0.2886277139186859], "true": [120.0, 120.0, 120.0, 120.0, 120.0, 120.0, 120.0, 119.0, 118.0, 117.0, 116.0, 115.0, 114.0, 113.0, 112.0, 111.0, 110.0, 109.0, 108.0, 107.0, 106.0, 105.0, 104.0, 103.0, 102.0, 101.0, 100.0, 99.0, 98.0, 97.0, 96.0, 95.0, 94.0, 93.0, 92.0, 91.0, 90.0, 89.0, 88.0, 87.0, 86.0, 85.0, 84.0, 83.0, 82.0, 81.0, 80.0, 79.0, 78.0, 77.0, 76.0, 75.0, 74.0, 73.0, 72.0, 71.0, 70.0, 69.0, 68.0, 67.0, 66.0, 65.0, 64.0, 63.0, 62.0, 61.0, 60.0, 59.0, 58.0, 57.0, 56.0, 55.0, 54.0, 53.0, 52.0, 51.0, 50.0, 49.0, 48.0, 47.0, 46.0, 45.0, 44.0, 43.0, 42.0, 41.0, 40.0, 39.0, 38.0, 37.0, 36.0, 35.0, 34.0, 33.0, 32.0, 31.0, 30.0, 29.0, 28.0, 27.0, 26.0, 25.0, 24.0, 23.0, 22.0, 21.0, 20.0, 19.0, 18.0, 17.0, 16.0, 15.0, 14.0, 13.0, 12.0, 11.0, 10.0, 9.0, 8.0, 7.0, 6.0, 5.0, 4.0, 3.0, 2.0, 1.0, 0.0], "RMSE": 8.9}