{"mean": [119.6686019897461, 119.3568344116211, 120.09822845458984, 119.5211181640625, 119.47969818115234, 118.3794937133789, 118.38392639160156, 117.3098373413086, 118.1124038696289, 117.41197204589844, 116.48795318603516, 119.36429595947266, 119.76466369628906, 121.11002349853516, 118.7712631225586, 118.722412109375, 118.4330062866211, 117.7925033569336, 117.80047607421875, 117.10426330566406, 116.37960052490234, 118.10235595703125, 116.2416000366211, 117.01114654541016, 116.83467864990234, 115.2127685546875, 115.4579086303711, 115.40702056884766, 113.56785583496094, 111.09710693359375, 110.35215759277344, 114.24278259277344, 110.31844329833984, 111.16294860839844, 109.87370300292969, 112.27595520019531, 114.99549865722656, 113.07563781738281, 107.899658203125, 111.80426025390625, 99.27205657958984, 96.63227844238281, 97.342041015625, 96.83634185791016, 94.30967712402344, 91.66687774658203, 89.07496643066406, 90.12274932861328, 92.93702697753906, 95.0062026977539, 100.96260833740234, 94.49414825439453, 94.11383819580078, 94.55262756347656, 96.4623794555664, 93.48650360107422, 96.36158752441406, 91.14888000488281, 89.37101745605469, 88.57347106933594, 81.8957748413086, 83.55926513671875, 76.48289489746094, 71.12232971191406, 70.88380432128906, 66.5791015625, 61.823646545410156, 60.149024963378906, 52.2341423034668, 49.583534240722656, 47.414085388183594, 44.720314025878906, 44.26612854003906, 39.93092346191406, 38.15636444091797, 38.98887252807617, 40.408058166503906, 37.530250549316406, 34.94192886352539, 34.52726745605469, 31.3339786529541, 32.04638671875, 29.017873764038086, 27.436925888061523, 28.028564453125, 26.25052833557129, 26.96932601928711, 25.185808181762695, 26.405197143554688, 25.562946319580078, 22.741361618041992, 19.174406051635742, 18.291790008544922, 16.913299560546875, 14.02665901184082, 11.95823860168457, 11.207982063293457, 10.764318466186523, 10.071676254272461, 8.822160720825195, 7.171069145202637, 6.18592643737793, 5.12813663482666, 4.854380130767822, 3.4655203819274902, 2.743386745452881, 2.569995403289795, 2.1195523738861084], "var": [8.247640609741211, 7.018322467803955, 3.2177891731262207, 14.352934837341309, 32.52459716796875, 7.6639723777771, 12.346348762512207, 7.0697712898254395, 7.551672458648682, 9.716513633728027, 4.688307285308838, 8.531498908996582, 8.253510475158691, 3.787571430206299, 12.303958892822266, 10.94576644897461, 7.035229682922363, 8.548615455627441, 8.9922456741333, 15.251773834228516, 5.1803297996521, 12.24632453918457, 6.318795204162598, 3.367457151412964, 11.111310958862305, 39.99515914916992, 6.376881122589111, 9.860668182373047, 16.325712203979492, 26.91237449645996, 10.701486587524414, 31.210912704467773, 68.86894989013672, 76.85929107666016, 31.195520401000977, 46.942779541015625, 8.620014190673828, 14.219362258911133, 31.235933303833008, 24.4735107421875, 222.36997985839844, 145.22308349609375, 73.54325866699219, 122.61377716064453, 124.37830352783203, 227.7385711669922, 193.33155822753906, 157.0870361328125, 84.89431762695312, 205.08981323242188, 48.47866439819336, 136.19485473632812, 105.81757354736328, 154.95521545410156, 154.1676788330078, 110.46862030029297, 191.75926208496094, 119.17894744873047, 119.52448272705078, 101.6006088256836, 102.83576202392578, 79.83387756347656, 31.594209671020508, 40.992530822753906, 48.136722564697266, 25.10155487060547, 16.40592384338379, 9.771204948425293, 7.87617301940918, 18.136743545532227, 26.214372634887695, 9.108834266662598, 27.46904945373535, 8.626173973083496, 4.9446282386779785, 5.1529622077941895, 15.515303611755371, 4.240612030029297, 6.573759078979492, 5.7130913734436035, 4.505094051361084, 2.0898196697235107, 1.7821638584136963, 3.9024198055267334, 1.6204231977462769, 3.0454680919647217, 4.810288429260254, 2.12918758392334, 2.685368299484253, 1.7316194772720337, 1.9905526638031006, 2.01796293258667, 1.341027021408081, 2.1096408367156982, 1.4108021259307861, 0.540739893913269, 0.37280651926994324, 0.8130539655685425, 0.27759841084480286, 0.1742982417345047, 0.3843098282814026, 0.47062134742736816, 0.25627419352531433, 0.41350701451301575, 0.13705889880657196, 0.2900335192680359, 0.07460813969373703, 0.22441573441028595], "true": [107.0, 106.0, 105.0, 104.0, 103.0, 102.0, 101.0, 100.0, 99.0, 98.0, 97.0, 96.0, 95.0, 94.0, 93.0, 92.0, 91.0, 90.0, 89.0, 88.0, 87.0, 86.0, 85.0, 84.0, 83.0, 82.0, 81.0, 80.0, 79.0, 78.0, 77.0, 76.0, 75.0, 74.0, 73.0, 72.0, 71.0, 70.0, 69.0, 68.0, 67.0, 66.0, 65.0, 64.0, 63.0, 62.0, 61.0, 60.0, 59.0, 58.0, 57.0, 56.0, 55.0, 54.0, 53.0, 52.0, 51.0, 50.0, 49.0, 48.0, 47.0, 46.0, 45.0, 44.0, 43.0, 42.0, 41.0, 40.0, 39.0, 38.0, 37.0, 36.0, 35.0, 34.0, 33.0, 32.0, 31.0, 30.0, 29.0, 28.0, 27.0, 26.0, 25.0, 24.0, 23.0, 22.0, 21.0, 20.0, 19.0, 18.0, 17.0, 16.0, 15.0, 14.0, 13.0, 12.0, 11.0, 10.0, 9.0, 8.0, 7.0, 6.0, 5.0, 4.0, 3.0, 2.0, 1.0, 0.0], "RMSE": 25.67}