{"mean": [113.3525619506836, 117.0750503540039, 117.90328216552734, 115.83329772949219, 115.164794921875, 115.2276611328125, 114.60643005371094, 115.14058685302734, 115.59492492675781, 114.486083984375, 115.25186920166016, 117.74932861328125, 119.28857421875, 120.06559753417969, 118.0387191772461, 117.99208068847656, 117.34269714355469, 116.36138916015625, 116.38581848144531, 115.47477722167969, 115.06269836425781, 116.64533996582031, 114.7233657836914, 114.79801177978516, 114.1344223022461, 111.94122314453125, 113.29164123535156, 112.0560531616211, 103.72660827636719, 99.34429931640625, 98.91985321044922, 109.594970703125, 101.47154235839844, 99.68960571289062, 90.85201263427734, 95.63013458251953, 102.37019348144531, 105.47392272949219, 105.07145690917969, 102.41850280761719, 91.18482971191406, 90.1820068359375, 87.88924407958984, 90.791748046875, 86.55764770507812, 85.33659362792969, 83.24747467041016, 78.88246154785156, 87.92947387695312, 86.25652313232422, 91.8581771850586, 84.53404998779297, 83.4047622680664, 88.7763442993164, 91.26460266113281, 86.69004821777344, 89.45712280273438, 87.17841339111328, 87.63298797607422, 85.65702819824219, 82.79449462890625, 82.31822204589844, 79.42086029052734, 72.20411682128906, 70.39579772949219, 68.13664245605469, 63.43549728393555, 59.65195846557617, 54.07756423950195, 48.918453216552734, 43.863704681396484, 43.434635162353516, 38.12265396118164, 36.38129425048828, 34.73545837402344, 32.51496124267578, 34.662071228027344, 31.74700927734375, 28.359466552734375, 30.092723846435547, 26.99222755432129, 26.59531021118164, 24.74789047241211, 23.56985855102539, 24.829416275024414, 24.424800872802734, 25.727481842041016, 23.984514236450195, 24.98206329345703, 23.74211311340332, 22.700958251953125, 19.460853576660156, 18.725414276123047, 17.5028018951416, 15.233800888061523, 13.738703727722168, 12.963053703308105, 13.366691589355469, 12.097414016723633, 10.895607948303223, 8.936407089233398, 7.697160243988037, 7.046694278717041, 6.388764381408691, 4.304751396179199, 4.069136619567871, 2.88594913482666, 2.5282986164093018], "var": [31.992576599121094, 13.77731990814209, 5.2327561378479, 27.768325805664062, 58.68177032470703, 11.496028900146484, 41.759056091308594, 9.192290306091309, 19.2791748046875, 29.376235961914062, 7.760021209716797, 16.333444595336914, 9.636940956115723, 3.836653232574463, 10.670001983642578, 11.906024932861328, 9.216669082641602, 9.705239295959473, 8.724993705749512, 21.31587028503418, 5.238614082336426, 11.282815933227539, 14.277388572692871, 7.4389328956604, 25.825389862060547, 49.17632293701172, 6.840478420257568, 12.385743141174316, 96.80964660644531, 123.77777099609375, 138.33482360839844, 35.74132537841797, 152.76397705078125, 136.42054748535156, 71.29280090332031, 117.10650634765625, 98.02021789550781, 30.346702575683594, 110.0979232788086, 71.17688751220703, 233.90512084960938, 115.56607055664062, 97.35498046875, 138.3067626953125, 122.6164321899414, 147.7101593017578, 86.9830551147461, 75.18455505371094, 102.16304016113281, 193.79513549804688, 236.841064453125, 164.41848754882812, 88.33638000488281, 115.6063461303711, 147.0277862548828, 103.24946594238281, 155.99398803710938, 109.73040008544922, 127.81034851074219, 56.8145637512207, 86.58025360107422, 39.54923629760742, 31.497282028198242, 37.543968200683594, 51.19983673095703, 24.888717651367188, 32.791259765625, 21.781227111816406, 15.297377586364746, 44.95823669433594, 74.3183364868164, 55.736480712890625, 63.1820182800293, 35.027610778808594, 34.25650405883789, 34.81291198730469, 52.224430084228516, 20.278337478637695, 7.593808650970459, 12.700430870056152, 13.132469177246094, 3.9478275775909424, 2.880305290222168, 9.434126853942871, 2.732632875442505, 4.305415630340576, 5.31126070022583, 3.2143633365631104, 2.7549166679382324, 2.6152920722961426, 0.9851003289222717, 2.3017027378082275, 1.1782454252243042, 1.8651816844940186, 1.8813748359680176, 0.7063217163085938, 0.39854222536087036, 0.46735879778862, 0.28652724623680115, 0.23564617335796356, 0.48190736770629883, 0.5729162096977234, 0.41777196526527405, 0.36613255739212036, 0.18914255499839783, 0.6828554272651672, 0.10257673263549805, 0.35983186960220337], "true": [107.0, 106.0, 105.0, 104.0, 103.0, 102.0, 101.0, 100.0, 99.0, 98.0, 97.0, 96.0, 95.0, 94.0, 93.0, 92.0, 91.0, 90.0, 89.0, 88.0, 87.0, 86.0, 85.0, 84.0, 83.0, 82.0, 81.0, 80.0, 79.0, 78.0, 77.0, 76.0, 75.0, 74.0, 73.0, 72.0, 71.0, 70.0, 69.0, 68.0, 67.0, 66.0, 65.0, 64.0, 63.0, 62.0, 61.0, 60.0, 59.0, 58.0, 57.0, 56.0, 55.0, 54.0, 53.0, 52.0, 51.0, 50.0, 49.0, 48.0, 47.0, 46.0, 45.0, 44.0, 43.0, 42.0, 41.0, 40.0, 39.0, 38.0, 37.0, 36.0, 35.0, 34.0, 33.0, 32.0, 31.0, 30.0, 29.0, 28.0, 27.0, 26.0, 25.0, 24.0, 23.0, 22.0, 21.0, 20.0, 19.0, 18.0, 17.0, 16.0, 15.0, 14.0, 13.0, 12.0, 11.0, 10.0, 9.0, 8.0, 7.0, 6.0, 5.0, 4.0, 3.0, 2.0, 1.0, 0.0], "RMSE": 21.79}