{"mean": [120.531494140625, 118.81947326660156, 120.04814147949219, 119.8087387084961, 120.26759338378906, 121.0039291381836, 119.5491714477539, 120.23524475097656, 119.79438781738281, 118.395263671875, 119.44002532958984, 117.9931640625, 120.6025390625, 119.62178039550781, 119.8894271850586, 119.10597229003906, 117.6748046875, 118.36869049072266, 118.29747009277344, 119.87931823730469, 118.6255874633789, 120.68840026855469, 119.13433837890625, 120.1194839477539, 117.99409484863281, 119.14033508300781, 119.7067642211914, 121.00496673583984, 119.5226821899414, 121.046142578125, 119.83719635009766, 119.07484436035156, 117.82868957519531, 119.56407165527344, 118.2735366821289, 118.3951644897461, 119.54914855957031, 118.4330062866211, 117.8764877319336, 118.44034576416016, 114.5687026977539, 115.5154037475586, 114.51277160644531, 114.77793884277344, 114.82391357421875, 112.06419372558594, 113.84834289550781, 107.819091796875, 112.0639419555664, 110.08712005615234, 108.66707611083984, 109.20945739746094, 108.89759826660156, 107.03324890136719, 105.16590881347656, 105.25791931152344, 101.25914001464844, 97.69642639160156, 96.9417495727539, 95.83071899414062, 97.1739501953125, 100.62763214111328, 92.6892318725586, 96.64607238769531, 97.72416687011719, 96.38837432861328, 94.80671691894531, 99.23211669921875, 92.35852813720703, 95.33065032958984, 91.00618743896484, 93.23054504394531, 89.5640869140625, 80.96111297607422, 79.76924896240234, 74.3313217163086, 75.63252258300781, 69.54864501953125, 65.79458618164062, 64.24330139160156, 60.755279541015625, 60.64519500732422, 58.91501998901367, 57.13518524169922, 52.3338508605957, 51.320068359375, 50.207801818847656, 49.68948745727539, 46.85611343383789, 45.502315521240234, 45.421409606933594, 44.253501892089844, 43.25246047973633, 40.82445526123047, 41.43035888671875, 34.562660217285156, 32.963226318359375, 32.946983337402344, 34.17912292480469, 34.25249099731445, 33.708152770996094, 31.356609344482422, 30.505001068115234, 28.063425064086914, 27.919124603271484, 25.799917221069336, 22.413232803344727, 20.47721290588379, 19.330081939697266, 20.13694953918457, 18.035741806030273, 17.228160858154297, 15.59734058380127, 15.137422561645508, 13.240699768066406, 10.172350883483887, 9.215846061706543, 8.065497398376465, 6.949666500091553, 4.699718952178955, 4.092113494873047, 3.5882530212402344, 2.744699001312256, 3.044593095779419, 2.5196382999420166, 1.840821623802185], "var": [9.34363842010498, 10.567619323730469, 3.728764772415161, 13.169014930725098, 8.831915855407715, 8.216168403625488, 7.903695106506348, 9.054333686828613, 10.285930633544922, 7.459846496582031, 10.544870376586914, 8.291574478149414, 11.839713096618652, 11.816276550292969, 17.91928482055664, 7.451301574707031, 6.439127445220947, 15.593709945678711, 11.79261302947998, 8.7755126953125, 15.316932678222656, 5.210424900054932, 6.406386375427246, 9.462804794311523, 15.543957710266113, 8.768977165222168, 3.029583692550659, 6.093109130859375, 3.6776280403137207, 2.7255754470825195, 10.89628791809082, 14.259401321411133, 5.148951053619385, 4.562902450561523, 6.955358505249023, 4.075545787811279, 11.954277038574219, 13.140237808227539, 9.681475639343262, 29.21245002746582, 3.1461644172668457, 27.76294708251953, 17.48540496826172, 23.530641555786133, 12.653559684753418, 25.29423713684082, 6.938174724578857, 31.06366729736328, 27.457645416259766, 9.125642776489258, 16.154796600341797, 99.04492950439453, 19.403972625732422, 37.63849639892578, 28.747549057006836, 18.41584014892578, 37.69960403442383, 110.7722396850586, 24.184444427490234, 49.18796157836914, 29.49797821044922, 91.28166961669922, 50.3306884765625, 86.43489074707031, 64.2388916015625, 20.7891902923584, 87.01880645751953, 117.98257446289062, 70.44612884521484, 41.99492645263672, 83.93689727783203, 27.697368621826172, 78.71830749511719, 48.09578323364258, 64.44914245605469, 35.43656539916992, 18.74631690979004, 16.268375396728516, 27.445377349853516, 13.570055961608887, 17.97971534729004, 8.35957145690918, 20.263635635375977, 7.913569927215576, 13.327617645263672, 3.5836997032165527, 10.880877494812012, 7.8694305419921875, 4.55412483215332, 1.928110957145691, 5.017190933227539, 5.079833984375, 3.544650077819824, 6.600291728973389, 7.6259942054748535, 5.476071357727051, 2.1290998458862305, 1.8165241479873657, 1.081112027168274, 4.858117580413818, 1.747959017753601, 0.9485851526260376, 3.4201314449310303, 1.7213715314865112, 3.4523744583129883, 3.062436580657959, 2.196406126022339, 0.8612362146377563, 1.8381491899490356, 1.487089991569519, 1.2393813133239746, 1.7306420803070068, 0.9495254755020142, 0.9883974194526672, 0.6591774821281433, 0.7029664516448975, 0.6898953318595886, 0.3973177969455719, 0.3603997826576233, 0.3905128240585327, 0.1906491219997406, 0.0616704523563385, 0.3430483043193817, 0.23501212894916534, 0.11789900809526443, 0.14864957332611084], "true": [120.0, 120.0, 120.0, 120.0, 120.0, 120.0, 119.0, 118.0, 117.0, 116.0, 115.0, 114.0, 113.0, 112.0, 111.0, 110.0, 109.0, 108.0, 107.0, 106.0, 105.0, 104.0, 103.0, 102.0, 101.0, 100.0, 99.0, 98.0, 97.0, 96.0, 95.0, 94.0, 93.0, 92.0, 91.0, 90.0, 89.0, 88.0, 87.0, 86.0, 85.0, 84.0, 83.0, 82.0, 81.0, 80.0, 79.0, 78.0, 77.0, 76.0, 75.0, 74.0, 73.0, 72.0, 71.0, 70.0, 69.0, 68.0, 67.0, 66.0, 65.0, 64.0, 63.0, 62.0, 61.0, 60.0, 59.0, 58.0, 57.0, 56.0, 55.0, 54.0, 53.0, 52.0, 51.0, 50.0, 49.0, 48.0, 47.0, 46.0, 45.0, 44.0, 43.0, 42.0, 41.0, 40.0, 39.0, 38.0, 37.0, 36.0, 35.0, 34.0, 33.0, 32.0, 31.0, 30.0, 29.0, 28.0, 27.0, 26.0, 25.0, 24.0, 23.0, 22.0, 21.0, 20.0, 19.0, 18.0, 17.0, 16.0, 15.0, 14.0, 13.0, 12.0, 11.0, 10.0, 9.0, 8.0, 7.0, 6.0, 5.0, 4.0, 3.0, 2.0, 1.0, 0.0], "RMSE": 21.51}