{"mean": [120.7654800415039, 120.2542724609375, 120.02415466308594, 120.54024505615234, 122.32691955566406, 121.38951110839844, 122.2319107055664, 121.08735656738281, 119.54060363769531, 120.23521423339844, 119.7594985961914, 117.13414001464844, 118.75814056396484, 120.43878173828125, 119.77215576171875, 119.797119140625, 119.354736328125, 119.09793853759766, 119.54813385009766, 116.69050598144531, 118.768310546875, 118.70735931396484, 116.92451477050781, 117.58197021484375, 118.37159729003906, 119.1681137084961, 118.08177185058594, 118.19984436035156, 117.1928939819336, 116.8046875, 117.66336822509766, 117.33829498291016, 117.17903900146484, 116.76771545410156, 114.6197509765625, 114.57942962646484, 114.548828125, 113.97453308105469, 113.8829345703125, 114.66606140136719, 113.11726379394531, 111.57243347167969, 111.69148254394531, 107.24830627441406, 108.02491760253906, 110.58326721191406, 108.9558334350586, 106.35884857177734, 109.49293518066406, 106.92854309082031, 107.40380859375, 105.5301513671875, 101.2369155883789, 98.26057434082031, 97.17774963378906, 95.29926300048828, 94.99879455566406, 92.56380462646484, 87.19540405273438, 84.77769470214844, 85.28766632080078, 79.8443603515625, 81.99288177490234, 80.12342834472656, 77.1285400390625, 70.79788970947266, 68.53756713867188, 70.53970336914062, 69.66281127929688, 75.54714965820312, 76.96473693847656, 76.31645202636719, 75.40478515625, 77.5067138671875, 78.41102600097656, 76.44509887695312, 69.93387603759766, 67.76290130615234, 67.02021789550781, 65.77503967285156, 65.44564819335938, 60.6479377746582, 59.77699661254883, 61.56171798706055, 56.46818923950195, 54.775634765625, 54.85858154296875, 55.75850296020508, 55.506805419921875, 53.879127502441406, 50.780967712402344, 52.099769592285156, 52.953590393066406, 52.31025314331055, 48.40672302246094, 49.96392059326172, 46.9208869934082, 48.00635528564453, 45.151668548583984, 43.2099609375, 40.509952545166016, 40.28630065917969, 36.839290618896484, 34.806678771972656, 30.63748550415039, 30.01499366760254, 28.076553344726562, 25.5996036529541, 25.854772567749023, 21.998905181884766, 20.786483764648438, 20.61941909790039, 17.788612365722656, 18.07500457763672, 20.103878021240234, 18.15898323059082, 17.945295333862305, 16.31266212463379, 16.552106857299805, 14.637425422668457, 12.926905632019043, 10.237403869628906, 9.351717948913574, 5.805001258850098, 4.9951653480529785], "var": [7.2734055519104, 10.548913955688477, 5.010291576385498, 6.5427775382995605, 8.224989891052246, 8.39028549194336, 10.139341354370117, 4.618652820587158, 5.337552547454834, 10.716301918029785, 10.305802345275879, 6.0265350341796875, 6.0210113525390625, 7.661235809326172, 6.215343952178955, 5.229491233825684, 7.367063045501709, 14.00350284576416, 7.399317264556885, 12.643064498901367, 18.127777099609375, 8.181204795837402, 19.32805633544922, 8.065607070922852, 12.497236251831055, 5.2881269454956055, 10.096636772155762, 7.580292701721191, 2.1139280796051025, 12.341423034667969, 7.5613579750061035, 11.257407188415527, 8.372842788696289, 6.79367733001709, 12.286491394042969, 19.54973793029785, 6.119967937469482, 6.845820426940918, 11.510908126831055, 20.176647186279297, 4.156586647033691, 11.115686416625977, 23.355398178100586, 7.996386528015137, 36.14806365966797, 25.52991485595703, 34.202171325683594, 47.72047805786133, 27.575334548950195, 30.097898483276367, 9.290939331054688, 62.52826690673828, 26.954402923583984, 51.77082061767578, 14.268743515014648, 32.24005126953125, 4.145707607269287, 13.540304183959961, 13.383378982543945, 26.002700805664062, 49.140438079833984, 79.3844985961914, 79.57083129882812, 34.7349967956543, 52.350379943847656, 22.528072357177734, 12.604426383972168, 14.154244422912598, 70.22815704345703, 21.540485382080078, 16.74979019165039, 28.05169677734375, 37.001190185546875, 45.6536750793457, 55.738521575927734, 42.49868392944336, 42.78004837036133, 29.67376708984375, 22.013214111328125, 24.217496871948242, 37.19728469848633, 8.060982704162598, 13.303804397583008, 4.35861873626709, 7.575225830078125, 19.387527465820312, 11.082565307617188, 20.242156982421875, 17.373977661132812, 9.748222351074219, 15.130234718322754, 8.042616844177246, 14.309235572814941, 8.360291481018066, 11.483626365661621, 18.97554588317871, 3.527930736541748, 16.520906448364258, 4.2766547203063965, 8.967183113098145, 7.570159435272217, 11.06430435180664, 3.990657329559326, 4.589480876922607, 4.389801025390625, 3.063959836959839, 1.7854695320129395, 1.598720908164978, 2.6565842628479004, 2.1750566959381104, 1.266817331314087, 0.9087954163551331, 0.7931566834449768, 1.1203546524047852, 2.4989523887634277, 0.6143351793289185, 1.5508396625518799, 0.6174312829971313, 1.0954787731170654, 0.5937338471412659, 1.2741016149520874, 0.3251221477985382, 0.8540821671485901, 0.5645594000816345, 0.22089162468910217], "true": [120.0, 120.0, 120.0, 120.0, 120.0, 119.0, 118.0, 117.0, 116.0, 115.0, 114.0, 113.0, 112.0, 111.0, 110.0, 109.0, 108.0, 107.0, 106.0, 105.0, 104.0, 103.0, 102.0, 101.0, 100.0, 99.0, 98.0, 97.0, 96.0, 95.0, 94.0, 93.0, 92.0, 91.0, 90.0, 89.0, 88.0, 87.0, 86.0, 85.0, 84.0, 83.0, 82.0, 81.0, 80.0, 79.0, 78.0, 77.0, 76.0, 75.0, 74.0, 73.0, 72.0, 71.0, 70.0, 69.0, 68.0, 67.0, 66.0, 65.0, 64.0, 63.0, 62.0, 61.0, 60.0, 59.0, 58.0, 57.0, 56.0, 55.0, 54.0, 53.0, 52.0, 51.0, 50.0, 49.0, 48.0, 47.0, 46.0, 45.0, 44.0, 43.0, 42.0, 41.0, 40.0, 39.0, 38.0, 37.0, 36.0, 35.0, 34.0, 33.0, 32.0, 31.0, 30.0, 29.0, 28.0, 27.0, 26.0, 25.0, 24.0, 23.0, 22.0, 21.0, 20.0, 19.0, 18.0, 17.0, 16.0, 15.0, 14.0, 13.0, 12.0, 11.0, 10.0, 9.0, 8.0, 7.0, 6.0, 5.0, 4.0, 3.0, 2.0, 1.0, 0.0], "RMSE": 19.19}