{"mean": [98.80626678466797, 100.97866821289062, 110.12974548339844, 104.5739974975586, 100.63072204589844, 98.73643493652344, 98.65541076660156, 100.59052276611328, 106.10604095458984, 107.20391845703125, 106.67974853515625, 102.79008483886719, 88.98188781738281, 92.16346740722656, 90.2332534790039, 81.54450988769531, 100.80731201171875, 89.16175842285156, 92.25340270996094, 84.99227905273438, 91.49043273925781, 86.6044921875, 80.32424926757812, 80.54048919677734, 77.8145980834961, 69.40800476074219, 66.03834533691406, 67.48693084716797, 65.1119155883789, 64.72976684570312, 62.07421112060547, 61.8358268737793, 63.8799934387207, 63.094627380371094, 62.93616485595703, 61.71305465698242, 61.358192443847656, 61.089134216308594, 61.784698486328125, 60.35161590576172, 60.26594161987305, 62.20561981201172, 58.34889602661133, 59.15082550048828, 59.764183044433594, 54.507225036621094, 54.30690383911133, 52.00799560546875, 50.096492767333984, 52.17932891845703, 49.56770706176758, 53.14849090576172, 51.47331619262695, 53.136688232421875, 50.13344192504883, 47.280113220214844, 46.76927947998047, 47.96424865722656, 43.57183074951172, 41.98347091674805, 50.23719024658203, 49.024818420410156, 50.671539306640625, 51.12466812133789, 40.31695556640625, 44.2359733581543, 41.82023239135742, 44.0980110168457, 44.79433059692383, 37.42683792114258, 41.78108596801758, 45.01932907104492, 43.68635559082031, 45.765785217285156, 45.783241271972656, 43.4265251159668, 44.16778564453125, 44.3427619934082, 44.63290023803711, 42.75582504272461, 45.596195220947266, 40.61713790893555, 39.80054473876953, 34.363670349121094, 29.18843650817871, 30.6695556640625, 33.40896987915039, 34.98894500732422, 30.890939712524414, 28.29886245727539, 27.461294174194336, 24.715652465820312, 21.991830825805664, 20.905120849609375, 16.64372444152832, 15.832695007324219, 11.96019172668457, 12.843938827514648, 10.727017402648926, 9.282326698303223, 8.935957908630371, 9.292203903198242, 7.74709939956665, 6.248610019683838, 4.34298038482666, 3.0457561016082764], "var": [80.19366455078125, 56.89154052734375, 34.101348876953125, 53.99457931518555, 48.96440887451172, 125.35054016113281, 45.40195083618164, 51.15167236328125, 50.76014709472656, 56.19743347167969, 30.767990112304688, 108.13626098632812, 121.78814697265625, 70.55304718017578, 129.48135375976562, 120.48262023925781, 78.65928649902344, 125.23351287841797, 149.93414306640625, 93.1546630859375, 87.09728240966797, 91.01568603515625, 108.79219055175781, 176.71803283691406, 87.86972045898438, 50.41967010498047, 21.619136810302734, 32.93361282348633, 36.85238265991211, 25.15831756591797, 27.114280700683594, 32.99184799194336, 10.86905288696289, 15.539694786071777, 18.403696060180664, 5.477027893066406, 7.94408655166626, 9.970455169677734, 30.47419548034668, 46.964046478271484, 24.53044319152832, 36.99802780151367, 12.077408790588379, 21.40781021118164, 24.505643844604492, 19.256622314453125, 6.609401702880859, 7.665599346160889, 5.075662136077881, 44.82709503173828, 8.513300895690918, 34.48398208618164, 9.305085182189941, 9.573533058166504, 10.773943901062012, 22.946033477783203, 30.318532943725586, 28.900882720947266, 10.539664268493652, 8.869054794311523, 34.55805969238281, 12.167659759521484, 35.98472213745117, 51.98368453979492, 14.545628547668457, 19.569236755371094, 32.72028350830078, 23.693004608154297, 16.6352596282959, 5.529728412628174, 7.737544059753418, 22.501689910888672, 14.658001899719238, 4.109612941741943, 11.25549030303955, 4.875583648681641, 6.003106117248535, 9.600462913513184, 11.164977073669434, 4.7518181800842285, 5.613462924957275, 5.087342739105225, 5.312007427215576, 2.9460511207580566, 6.840479373931885, 4.675570011138916, 6.4644036293029785, 2.260791063308716, 3.9789481163024902, 5.7949910163879395, 3.605241537094116, 4.439635753631592, 3.9123075008392334, 2.3928706645965576, 1.3304795026779175, 0.7023681998252869, 0.6741461753845215, 1.430023431777954, 1.486570954322815, 1.1137129068374634, 0.4883545935153961, 0.4113842844963074, 0.6392204761505127, 0.18301628530025482, 0.39856627583503723, 0.9208752512931824], "true": [105.0, 104.0, 103.0, 102.0, 101.0, 100.0, 99.0, 98.0, 97.0, 96.0, 95.0, 94.0, 93.0, 92.0, 91.0, 90.0, 89.0, 88.0, 87.0, 86.0, 85.0, 84.0, 83.0, 82.0, 81.0, 80.0, 79.0, 78.0, 77.0, 76.0, 75.0, 74.0, 73.0, 72.0, 71.0, 70.0, 69.0, 68.0, 67.0, 66.0, 65.0, 64.0, 63.0, 62.0, 61.0, 60.0, 59.0, 58.0, 57.0, 56.0, 55.0, 54.0, 53.0, 52.0, 51.0, 50.0, 49.0, 48.0, 47.0, 46.0, 45.0, 44.0, 43.0, 42.0, 41.0, 40.0, 39.0, 38.0, 37.0, 36.0, 35.0, 34.0, 33.0, 32.0, 31.0, 30.0, 29.0, 28.0, 27.0, 26.0, 25.0, 24.0, 23.0, 22.0, 21.0, 20.0, 19.0, 18.0, 17.0, 16.0, 15.0, 14.0, 13.0, 12.0, 11.0, 10.0, 9.0, 8.0, 7.0, 6.0, 5.0, 4.0, 3.0, 2.0, 1.0, 0.0], "RMSE": 8.51}