{"mean": [101.066650390625, 102.31645965576172, 101.34677124023438, 104.97099304199219, 96.28926086425781, 90.29209899902344, 96.22698211669922, 93.42728424072266, 90.10496520996094, 78.73213958740234, 83.55552673339844, 82.98401641845703, 84.8290786743164, 85.96186828613281, 90.37129211425781, 102.14028930664062, 88.39945983886719, 100.14857482910156, 88.8531265258789, 106.76371002197266, 103.296142578125, 109.23282623291016, 102.9669418334961, 108.5703125, 111.87049865722656, 103.84146881103516, 112.563720703125, 112.3800048828125, 105.27153015136719, 109.9305648803711, 105.0570068359375, 110.54487609863281, 103.1689224243164, 105.63078308105469, 94.14662170410156, 92.9062271118164, 93.88851928710938, 88.25736236572266, 78.72276306152344, 76.91402435302734, 78.51891326904297, 85.30598449707031, 74.0697250366211, 79.89887237548828, 74.43157196044922, 73.26101684570312, 73.64669799804688, 72.29380798339844, 75.24049377441406, 74.36869812011719, 69.46791076660156, 70.4512939453125, 70.93522644042969, 74.76698303222656, 73.35823822021484, 74.63829040527344, 72.21370697021484, 72.690673828125, 75.93765258789062, 71.34422302246094, 70.96176147460938, 72.64921569824219, 73.1019058227539, 71.15788269042969, 73.88969421386719, 66.38475799560547, 69.04041290283203, 62.773040771484375, 60.80607223510742, 56.9790153503418, 54.86152267456055, 49.68573760986328, 52.42771530151367, 45.735557556152344, 49.82905960083008, 47.86192321777344, 48.56487274169922, 46.19109344482422, 42.24076461791992, 39.228675842285156, 39.133995056152344, 38.17517852783203, 42.3546028137207, 40.62351608276367, 41.222782135009766, 43.413047790527344, 43.086429595947266, 36.23598861694336, 38.10625076293945, 33.476806640625, 32.328887939453125, 31.795623779296875, 30.25326156616211, 32.218788146972656, 29.640583038330078, 27.32261085510254, 26.634496688842773, 26.832422256469727, 25.972747802734375, 25.381839752197266, 25.74269676208496, 28.228673934936523, 27.505268096923828, 27.65818214416504, 29.111286163330078, 25.307703018188477, 25.042726516723633, 22.332210540771484, 21.87221908569336, 19.657302856445312, 16.825315475463867, 15.886622428894043, 16.302906036376953, 15.413599014282227, 13.514101028442383, 10.797656059265137, 10.441385269165039, 11.497629165649414, 10.779102325439453, 7.516618251800537, 5.6255340576171875, 5.259068489074707, 4.781123638153076, 3.9575271606445312, 3.5269291400909424], "var": [23.77072525024414, 25.85312271118164, 72.28084564208984, 62.48007583618164, 103.92088317871094, 75.30952453613281, 140.44676208496094, 159.7847442626953, 159.9649658203125, 44.40438461303711, 126.6147232055664, 35.69972229003906, 50.445377349853516, 84.5634994506836, 98.52991485595703, 82.19715118408203, 22.160619735717773, 90.78814697265625, 76.52423095703125, 84.87910461425781, 42.43980407714844, 67.1158218383789, 100.17362976074219, 30.31769371032715, 20.369625091552734, 71.73638153076172, 47.204071044921875, 12.483514785766602, 68.61270904541016, 29.67534828186035, 98.26666259765625, 32.98245620727539, 59.785804748535156, 92.90458679199219, 94.168212890625, 185.6580810546875, 181.13169860839844, 184.8372802734375, 19.695934295654297, 113.6989517211914, 42.23562240600586, 165.95306396484375, 21.530517578125, 90.835205078125, 66.17227935791016, 21.477615356445312, 39.200218200683594, 22.531930923461914, 36.74772262573242, 48.85242462158203, 16.766820907592773, 56.64338302612305, 57.79838180541992, 37.39347839355469, 87.85099792480469, 24.477184295654297, 74.04238891601562, 36.4498176574707, 36.94743347167969, 41.74685287475586, 89.1632308959961, 62.3441162109375, 53.59907150268555, 56.45947265625, 62.25719451904297, 38.138526916503906, 29.02812385559082, 48.19880294799805, 100.9705581665039, 55.887508392333984, 35.620826721191406, 25.884016036987305, 58.243995666503906, 16.299753189086914, 80.43719482421875, 65.38667297363281, 99.24686431884766, 23.75514793395996, 9.838048934936523, 12.0526704788208, 3.823489189147949, 18.44619369506836, 44.45450973510742, 42.09111785888672, 14.558032035827637, 12.637057304382324, 22.99040985107422, 8.195611953735352, 32.62712478637695, 27.532583236694336, 4.962286949157715, 20.534900665283203, 15.281484603881836, 40.67363357543945, 3.217294692993164, 5.870040416717529, 6.653163433074951, 5.970823287963867, 5.671690464019775, 3.584254503250122, 4.237959384918213, 3.883080244064331, 2.4286301136016846, 6.333864212036133, 2.974914312362671, 4.449219703674316, 3.8567135334014893, 1.4631518125534058, 3.205946207046509, 2.8115673065185547, 1.2336724996566772, 0.3480761647224426, 0.2371857762336731, 1.1357662677764893, 1.599326252937317, 0.5965765118598938, 1.23037588596344, 0.8988969922065735, 1.0676978826522827, 0.4696405231952667, 0.24258653819561005, 0.5977469086647034, 0.3853730261325836, 0.18689276278018951, 0.1015598252415657], "true": [120.0, 120.0, 120.0, 120.0, 120.0, 119.0, 118.0, 117.0, 116.0, 115.0, 114.0, 113.0, 112.0, 111.0, 110.0, 109.0, 108.0, 107.0, 106.0, 105.0, 104.0, 103.0, 102.0, 101.0, 100.0, 99.0, 98.0, 97.0, 96.0, 95.0, 94.0, 93.0, 92.0, 91.0, 90.0, 89.0, 88.0, 87.0, 86.0, 85.0, 84.0, 83.0, 82.0, 81.0, 80.0, 79.0, 78.0, 77.0, 76.0, 75.0, 74.0, 73.0, 72.0, 71.0, 70.0, 69.0, 68.0, 67.0, 66.0, 65.0, 64.0, 63.0, 62.0, 61.0, 60.0, 59.0, 58.0, 57.0, 56.0, 55.0, 54.0, 53.0, 52.0, 51.0, 50.0, 49.0, 48.0, 47.0, 46.0, 45.0, 44.0, 43.0, 42.0, 41.0, 40.0, 39.0, 38.0, 37.0, 36.0, 35.0, 34.0, 33.0, 32.0, 31.0, 30.0, 29.0, 28.0, 27.0, 26.0, 25.0, 24.0, 23.0, 22.0, 21.0, 20.0, 19.0, 18.0, 17.0, 16.0, 15.0, 14.0, 13.0, 12.0, 11.0, 10.0, 9.0, 8.0, 7.0, 6.0, 5.0, 4.0, 3.0, 2.0, 1.0, 0.0], "RMSE": 10.58}