{"mean": [101.54486083984375, 101.3897933959961, 105.2618408203125, 103.89414978027344, 109.0818862915039, 109.36250305175781, 111.80289459228516, 114.26290130615234, 112.9684829711914, 109.3066635131836, 108.38504791259766, 111.9381103515625, 107.1943588256836, 105.38006591796875, 110.8733901977539, 108.3177490234375, 103.35148620605469, 104.4471435546875, 104.63421630859375, 94.26396179199219, 95.64818572998047, 100.95903015136719, 96.87158203125, 97.62003326416016, 98.98780822753906, 104.15895080566406, 100.3582763671875, 108.1312026977539, 108.67311096191406, 108.69493103027344, 109.49832916259766, 109.87579345703125, 100.99016571044922, 100.48197937011719, 94.35111999511719, 97.17250061035156, 96.0529556274414, 97.73204040527344, 93.64768981933594, 98.1029281616211, 94.64471435546875, 97.83597564697266, 97.42384338378906, 102.4036636352539, 96.69723510742188, 98.54679107666016, 97.2764663696289, 93.40414428710938, 92.49043273925781, 89.44245147705078, 84.46297454833984, 79.21268463134766, 74.12178802490234, 86.06986236572266, 77.97853088378906, 72.46971130371094, 76.71688079833984, 71.16804504394531, 66.41909790039062, 71.6810531616211, 68.22666931152344, 68.0765380859375, 68.2539291381836, 67.99149322509766, 63.310638427734375, 61.61674118041992, 66.49034118652344, 65.83977508544922, 66.51172637939453, 68.29414367675781, 66.94499969482422, 67.45060729980469, 66.10768127441406, 62.83038330078125, 58.94641876220703, 62.30186080932617, 59.348899841308594, 56.86341094970703, 55.943077087402344, 57.38402557373047, 55.3429069519043, 52.7230110168457, 50.89931869506836, 49.1630744934082, 49.02777862548828, 47.957542419433594, 48.22368621826172, 44.34977340698242, 43.766231536865234, 44.82963180541992, 42.24190902709961, 41.37666320800781, 40.34230422973633, 38.93941879272461, 36.240875244140625, 35.5722770690918, 35.06969451904297, 35.0583610534668, 32.557098388671875, 31.656362533569336, 28.531139373779297, 27.331279754638672, 25.324268341064453, 22.857696533203125, 24.087947845458984, 21.132335662841797, 15.426936149597168, 15.21076488494873, 15.139673233032227, 13.29432201385498, 13.09119987487793, 13.66075611114502, 10.874673843383789, 9.407215118408203, 7.179145812988281, 6.010361671447754, 4.54118013381958, 4.143784523010254], "var": [77.20370483398438, 100.3376693725586, 96.04480743408203, 81.11338806152344, 82.88848114013672, 79.6071548461914, 44.118255615234375, 66.07472229003906, 28.939428329467773, 66.3427505493164, 98.7016830444336, 76.87464904785156, 39.062870025634766, 77.62236785888672, 43.91284942626953, 55.86353302001953, 32.4984130859375, 59.77119445800781, 68.39889526367188, 48.22618865966797, 45.08829116821289, 60.504737854003906, 49.26543426513672, 89.73388671875, 45.327735900878906, 38.32514572143555, 80.19292449951172, 62.709434509277344, 44.26573944091797, 47.71575164794922, 30.80965232849121, 30.52543830871582, 76.88882446289062, 55.96684265136719, 34.56471252441406, 55.675716400146484, 23.442703247070312, 40.36606216430664, 59.2911262512207, 90.13347625732422, 76.68997955322266, 53.6522102355957, 37.67430877685547, 49.223270416259766, 32.57976531982422, 40.00657653808594, 26.195520401000977, 65.11467742919922, 14.359060287475586, 55.647422790527344, 32.684173583984375, 32.863956451416016, 30.758493423461914, 41.60566711425781, 46.689788818359375, 83.79499816894531, 81.190673828125, 40.90293502807617, 21.22138214111328, 49.98284149169922, 55.90796661376953, 33.35038757324219, 12.214456558227539, 43.261070251464844, 10.71387004852295, 20.323848724365234, 28.228944778442383, 20.230514526367188, 11.310220718383789, 28.835264205932617, 30.873619079589844, 21.876480102539062, 17.786054611206055, 10.972565650939941, 14.292014122009277, 14.25113296508789, 4.756850719451904, 2.950047254562378, 23.149953842163086, 10.36718463897705, 4.968086242675781, 12.593618392944336, 6.021580696105957, 4.886598110198975, 2.8235743045806885, 6.598052978515625, 7.393996715545654, 12.68498706817627, 5.605806827545166, 9.74988079071045, 5.246204376220703, 1.9001355171203613, 2.116466522216797, 8.638904571533203, 0.7441474795341492, 3.124030351638794, 2.3712003231048584, 2.1226673126220703, 2.1902801990509033, 2.246504545211792, 1.2029186487197876, 0.7244125008583069, 2.3568875789642334, 2.9140257835388184, 2.2807607650756836, 0.8365769386291504, 1.1913716793060303, 0.8896679878234863, 0.8302739262580872, 0.7929141521453857, 1.3157669305801392, 1.1329425573349, 1.0202375650405884, 1.7309917211532593, 0.4996132254600525, 1.1252211332321167, 0.7471773028373718, 0.8084328770637512], "true": [117.0, 116.0, 115.0, 114.0, 113.0, 112.0, 111.0, 110.0, 109.0, 108.0, 107.0, 106.0, 105.0, 104.0, 103.0, 102.0, 101.0, 100.0, 99.0, 98.0, 97.0, 96.0, 95.0, 94.0, 93.0, 92.0, 91.0, 90.0, 89.0, 88.0, 87.0, 86.0, 85.0, 84.0, 83.0, 82.0, 81.0, 80.0, 79.0, 78.0, 77.0, 76.0, 75.0, 74.0, 73.0, 72.0, 71.0, 70.0, 69.0, 68.0, 67.0, 66.0, 65.0, 64.0, 63.0, 62.0, 61.0, 60.0, 59.0, 58.0, 57.0, 56.0, 55.0, 54.0, 53.0, 52.0, 51.0, 50.0, 49.0, 48.0, 47.0, 46.0, 45.0, 44.0, 43.0, 42.0, 41.0, 40.0, 39.0, 38.0, 37.0, 36.0, 35.0, 34.0, 33.0, 32.0, 31.0, 30.0, 29.0, 28.0, 27.0, 26.0, 25.0, 24.0, 23.0, 22.0, 21.0, 20.0, 19.0, 18.0, 17.0, 16.0, 15.0, 14.0, 13.0, 12.0, 11.0, 10.0, 9.0, 8.0, 7.0, 6.0, 5.0, 4.0, 3.0, 2.0, 1.0, 0.0], "RMSE": 14.4}