{"mean": [104.84053039550781, 108.78719329833984, 103.19282531738281, 109.83726501464844, 101.6574935913086, 96.44459533691406, 101.37774658203125, 100.75971221923828, 101.71189880371094, 90.46910095214844, 94.79552459716797, 94.84952545166016, 97.99738311767578, 99.79200744628906, 99.98297882080078, 107.38163757324219, 93.01499938964844, 101.18711853027344, 89.93470001220703, 106.67787170410156, 102.47785949707031, 107.63716888427734, 98.27302551269531, 108.8930892944336, 111.32735443115234, 105.71700286865234, 110.95843505859375, 107.4901123046875, 104.3863754272461, 110.00396728515625, 106.0667724609375, 112.22434997558594, 108.11959075927734, 105.47505950927734, 95.81356811523438, 94.63386535644531, 96.8317642211914, 86.635986328125, 81.87013244628906, 75.83757019042969, 76.6869125366211, 85.2219009399414, 72.33594512939453, 82.33216857910156, 75.29656219482422, 74.18694305419922, 73.89848327636719, 71.63530731201172, 76.97229766845703, 71.20877838134766, 68.99298858642578, 70.91065979003906, 69.55775451660156, 74.66475677490234, 71.33350372314453, 73.24513244628906, 72.17053985595703, 71.89805603027344, 72.67230987548828, 70.79499816894531, 72.00758361816406, 70.70348358154297, 74.18058776855469, 72.68941497802734, 70.52566528320312, 69.86771392822266, 68.76578521728516, 63.3701171875, 60.3309211730957, 61.1497802734375, 56.80950164794922, 55.137184143066406, 58.45032501220703, 51.577850341796875, 56.9055290222168, 53.86406707763672, 53.42659378051758, 52.527687072753906, 49.01686096191406, 44.10145950317383, 46.524715423583984, 44.109153747558594, 48.585018157958984, 46.339759826660156, 46.22214889526367, 45.99592590332031, 43.818939208984375, 39.52321243286133, 41.346099853515625, 39.900875091552734, 40.50587844848633, 35.43950271606445, 34.5479850769043, 36.47693634033203, 34.194580078125, 31.648794174194336, 32.2185173034668, 31.668201446533203, 30.2911434173584, 28.618732452392578, 28.197982788085938, 31.705469131469727, 28.991464614868164, 29.1312313079834, 29.367794036865234, 25.624134063720703, 25.350360870361328, 22.351341247558594, 21.482473373413086, 18.962743759155273, 15.638427734375, 15.2517671585083, 15.519627571105957, 14.645425796508789, 12.547505378723145, 9.879791259765625, 9.559353828430176, 9.46849250793457, 8.569341659545898, 6.048710346221924, 4.629775047302246, 4.282248497009277, 3.5352070331573486, 3.172100067138672, 3.0212759971618652], "var": [35.029109954833984, 39.25273513793945, 83.96248626708984, 32.26454544067383, 105.61752319335938, 74.40510559082031, 125.0013427734375, 150.43003845214844, 171.90341186523438, 160.8915252685547, 202.39695739746094, 111.58244323730469, 136.6344451904297, 186.59817504882812, 124.72941589355469, 102.62254333496094, 24.682010650634766, 95.45032501220703, 146.67425537109375, 96.35562133789062, 78.10626220703125, 47.105682373046875, 183.657958984375, 49.52509307861328, 17.150667190551758, 86.47611236572266, 54.29558181762695, 56.419925689697266, 123.0332260131836, 58.46409606933594, 79.86273956298828, 28.469472885131836, 87.6658935546875, 165.76983642578125, 126.09759521484375, 215.6417694091797, 197.68487548828125, 228.80050659179688, 95.45012664794922, 109.29313659667969, 69.93582916259766, 198.2440948486328, 17.201658248901367, 121.5212173461914, 169.52403259277344, 44.57735824584961, 55.85737228393555, 29.26373291015625, 47.283233642578125, 58.18976593017578, 19.95549964904785, 50.30936813354492, 21.344520568847656, 43.01801300048828, 42.74453353881836, 23.376323699951172, 19.466625213623047, 40.19535827636719, 32.140533447265625, 34.497413635253906, 31.357736587524414, 34.90003967285156, 25.986557006835938, 27.235164642333984, 12.748149871826172, 26.721336364746094, 23.855676651000977, 38.80690002441406, 39.25105285644531, 19.509124755859375, 51.75541305541992, 33.58303451538086, 72.25883483886719, 31.202329635620117, 74.34201049804688, 40.06231689453125, 73.49742126464844, 19.303077697753906, 20.72091293334961, 14.321256637573242, 35.481475830078125, 18.189699172973633, 59.60406494140625, 32.969703674316406, 25.31927490234375, 25.788864135742188, 20.155380249023438, 13.757346153259277, 24.319902420043945, 18.026714324951172, 4.748185157775879, 16.360239028930664, 10.252546310424805, 14.596076011657715, 5.560857772827148, 5.8071160316467285, 5.619293212890625, 6.087070465087891, 4.121391296386719, 2.927048683166504, 2.857881546020508, 2.9930691719055176, 1.9930906295776367, 3.542757272720337, 3.8689541816711426, 3.3734054565429688, 3.5491483211517334, 1.0697810649871826, 2.3613486289978027, 2.3810529708862305, 1.0702582597732544, 0.29361891746520996, 0.1880909949541092, 0.6355195641517639, 1.1720962524414062, 0.5219125151634216, 1.0130335092544556, 0.5264303684234619, 0.7874165177345276, 0.5845831632614136, 0.16071262955665588, 0.4359647035598755, 0.21695448458194733, 0.1574331372976303, 0.13353021442890167], "true": [120.0, 120.0, 120.0, 120.0, 120.0, 119.0, 118.0, 117.0, 116.0, 115.0, 114.0, 113.0, 112.0, 111.0, 110.0, 109.0, 108.0, 107.0, 106.0, 105.0, 104.0, 103.0, 102.0, 101.0, 100.0, 99.0, 98.0, 97.0, 96.0, 95.0, 94.0, 93.0, 92.0, 91.0, 90.0, 89.0, 88.0, 87.0, 86.0, 85.0, 84.0, 83.0, 82.0, 81.0, 80.0, 79.0, 78.0, 77.0, 76.0, 75.0, 74.0, 73.0, 72.0, 71.0, 70.0, 69.0, 68.0, 67.0, 66.0, 65.0, 64.0, 63.0, 62.0, 61.0, 60.0, 59.0, 58.0, 57.0, 56.0, 55.0, 54.0, 53.0, 52.0, 51.0, 50.0, 49.0, 48.0, 47.0, 46.0, 45.0, 44.0, 43.0, 42.0, 41.0, 40.0, 39.0, 38.0, 37.0, 36.0, 35.0, 34.0, 33.0, 32.0, 31.0, 30.0, 29.0, 28.0, 27.0, 26.0, 25.0, 24.0, 23.0, 22.0, 21.0, 20.0, 19.0, 18.0, 17.0, 16.0, 15.0, 14.0, 13.0, 12.0, 11.0, 10.0, 9.0, 8.0, 7.0, 6.0, 5.0, 4.0, 3.0, 2.0, 1.0, 0.0], "RMSE": 8.55}