{"mean": [119.83808898925781, 118.29450988769531, 117.27629089355469, 115.56022644042969, 116.4070053100586, 113.61649322509766, 114.81492614746094, 112.22412109375, 108.8553237915039, 115.95613861083984, 114.1601791381836, 118.58526611328125, 114.43182373046875, 113.72233581542969, 113.21768951416016, 119.12418365478516, 117.96380615234375, 115.782470703125, 115.43719482421875, 117.05716705322266, 116.40650939941406, 119.27449798583984, 117.00691223144531, 116.5709228515625, 116.17927551269531, 111.29328918457031, 112.794921875, 116.70113372802734, 117.57861328125, 111.740478515625, 111.95660400390625, 117.9053726196289, 114.97635650634766, 118.4148941040039, 115.81573486328125, 115.1134033203125, 115.47492980957031, 109.80863189697266, 113.16429138183594, 113.99967956542969, 112.47413635253906, 109.42002868652344, 102.85176086425781, 109.28995513916016, 104.8856430053711, 103.09461975097656, 104.40277099609375, 99.17335510253906, 101.99369812011719, 97.22510528564453, 94.95209503173828, 91.6201171875, 91.69017028808594, 91.57179260253906, 91.72773742675781, 91.35316467285156, 93.96138000488281, 88.61441802978516, 88.32550811767578, 83.91404724121094, 82.81050872802734, 80.22190856933594, 73.60125732421875, 69.94706726074219, 70.5413818359375, 67.8976821899414, 67.85667419433594, 66.00459289550781, 69.29180145263672, 67.64552307128906, 68.54759216308594, 66.00988006591797, 63.48394012451172, 65.29011535644531, 62.20603561401367, 61.702545166015625, 55.75206756591797, 55.466583251953125, 53.0157356262207, 51.4263801574707, 50.605262756347656, 51.74492645263672, 53.045677185058594, 48.727996826171875, 45.00345230102539, 45.112579345703125, 44.79608917236328, 44.90523147583008, 44.52430725097656, 42.00321578979492, 43.39387512207031, 41.80608367919922, 39.379154205322266, 37.977027893066406, 37.592159271240234, 37.22631072998047, 36.23512268066406, 35.46753692626953, 37.19568634033203, 38.54740524291992, 33.21086883544922, 31.245620727539062, 27.306238174438477, 26.060327529907227, 21.84038734436035, 19.341758728027344, 19.064470291137695, 18.275554656982422, 18.04695701599121, 14.303277969360352, 14.422688484191895, 13.071306228637695, 12.694319725036621, 11.935556411743164, 10.426904678344727, 9.066085815429688, 8.550516128540039, 5.924986839294434, 6.117130279541016, 4.423640251159668, 3.6249375343322754, 2.6793715953826904, 2.268812417984009, 1.9922345876693726], "var": [6.68453311920166, 6.469747066497803, 25.71576690673828, 37.836814880371094, 21.157833099365234, 55.806724548339844, 56.800899505615234, 65.23701477050781, 58.72488784790039, 14.798857688903809, 16.977855682373047, 3.180382490158081, 40.7845573425293, 22.135356903076172, 50.06723403930664, 5.203036308288574, 10.706609725952148, 32.66837692260742, 18.70881462097168, 12.363887786865234, 9.543988227844238, 13.967569351196289, 24.519607543945312, 9.104937553405762, 15.463543891906738, 88.5243148803711, 42.5970573425293, 14.299177169799805, 31.127723693847656, 22.451793670654297, 37.8505973815918, 7.873616695404053, 24.97101593017578, 9.676605224609375, 8.046233177185059, 10.009086608886719, 9.183304786682129, 31.603513717651367, 3.9348981380462646, 18.432294845581055, 24.475927352905273, 66.24613189697266, 39.40974807739258, 15.796244621276855, 34.67548751831055, 22.521482467651367, 30.43100929260254, 65.29267120361328, 39.29829406738281, 74.68276977539062, 21.983163833618164, 20.112018585205078, 85.16060638427734, 33.33876419067383, 36.81778335571289, 29.857261657714844, 46.25117492675781, 62.55396270751953, 46.405372619628906, 35.28763961791992, 145.15399169921875, 36.29756546020508, 60.0656852722168, 69.30189514160156, 25.871732711791992, 58.49537658691406, 9.794184684753418, 34.71380615234375, 23.92523956298828, 34.10022735595703, 59.02616500854492, 47.49848556518555, 22.626922607421875, 32.35301208496094, 9.431792259216309, 18.11207389831543, 14.2023286819458, 23.259187698364258, 18.61870002746582, 4.425808429718018, 7.1201372146606445, 9.001440048217773, 4.380200386047363, 15.39734172821045, 4.288674831390381, 4.154989719390869, 7.180714130401611, 9.073003768920898, 7.780759811401367, 4.873414516448975, 3.4299354553222656, 5.239211559295654, 9.73195743560791, 7.181138515472412, 7.429006576538086, 2.2432525157928467, 6.611472129821777, 5.007075786590576, 8.325928688049316, 8.588650703430176, 6.125363349914551, 3.2147433757781982, 2.4304637908935547, 3.4091005325317383, 2.2160167694091797, 3.0155627727508545, 1.8077547550201416, 1.6472768783569336, 2.35193133354187, 1.4687100648880005, 0.8787697553634644, 1.2812758684158325, 1.0472865104675293, 0.5122118592262268, 0.7029260396957397, 0.9496396780014038, 1.132494568824768, 0.6298248171806335, 0.5758344531059265, 0.19283556938171387, 0.09754887968301773, 0.23866833746433258, 0.24479250609874725, 0.1570778787136078], "true": [120.0, 120.0, 120.0, 120.0, 119.0, 118.0, 117.0, 116.0, 115.0, 114.0, 113.0, 112.0, 111.0, 110.0, 109.0, 108.0, 107.0, 106.0, 105.0, 104.0, 103.0, 102.0, 101.0, 100.0, 99.0, 98.0, 97.0, 96.0, 95.0, 94.0, 93.0, 92.0, 91.0, 90.0, 89.0, 88.0, 87.0, 86.0, 85.0, 84.0, 83.0, 82.0, 81.0, 80.0, 79.0, 78.0, 77.0, 76.0, 75.0, 74.0, 73.0, 72.0, 71.0, 70.0, 69.0, 68.0, 67.0, 66.0, 65.0, 64.0, 63.0, 62.0, 61.0, 60.0, 59.0, 58.0, 57.0, 56.0, 55.0, 54.0, 53.0, 52.0, 51.0, 50.0, 49.0, 48.0, 47.0, 46.0, 45.0, 44.0, 43.0, 42.0, 41.0, 40.0, 39.0, 38.0, 37.0, 36.0, 35.0, 34.0, 33.0, 32.0, 31.0, 30.0, 29.0, 28.0, 27.0, 26.0, 25.0, 24.0, 23.0, 22.0, 21.0, 20.0, 19.0, 18.0, 17.0, 16.0, 15.0, 14.0, 13.0, 12.0, 11.0, 10.0, 9.0, 8.0, 7.0, 6.0, 5.0, 4.0, 3.0, 2.0, 1.0, 0.0], "RMSE": 15.02}