{"mean": [120.41192626953125, 119.21063232421875, 119.79107666015625, 116.77701568603516, 116.88508605957031, 116.7392578125, 117.2763671875, 112.2659912109375, 113.78239440917969, 117.19969177246094, 115.5805892944336, 119.60371398925781, 115.97288513183594, 117.16249084472656, 116.54286193847656, 119.20933532714844, 118.37532806396484, 118.4797134399414, 114.20755767822266, 116.43123626708984, 117.40428161621094, 120.4077377319336, 116.1830825805664, 117.5082015991211, 115.7262191772461, 110.79637145996094, 113.63847351074219, 112.7425537109375, 117.93147277832031, 110.29541015625, 108.84197998046875, 118.73123931884766, 115.5526351928711, 118.29325103759766, 113.5465087890625, 115.22489166259766, 114.3755874633789, 106.23319244384766, 112.4179458618164, 113.28691101074219, 110.1779556274414, 105.85539245605469, 104.20176696777344, 107.7720947265625, 96.92098999023438, 97.44172668457031, 95.68624114990234, 89.77171325683594, 93.26286315917969, 88.70752716064453, 88.93897247314453, 83.26533508300781, 83.57191467285156, 85.85225677490234, 84.5010757446289, 78.63392639160156, 85.68263244628906, 78.4580078125, 78.72286224365234, 76.1574935913086, 75.6237564086914, 79.08199310302734, 76.4886474609375, 74.68730163574219, 74.51698303222656, 74.05025482177734, 75.59952545166016, 74.89454650878906, 73.50617980957031, 69.16389465332031, 68.34092712402344, 69.39288330078125, 65.49080657958984, 66.80691528320312, 63.2081413269043, 62.321983337402344, 57.32993698120117, 53.212440490722656, 51.81638717651367, 49.69863510131836, 49.252323150634766, 50.89249038696289, 50.761695861816406, 48.85614013671875, 47.91617965698242, 47.07052993774414, 45.83399963378906, 46.25920104980469, 45.59874725341797, 42.96543502807617, 43.72306442260742, 42.80473709106445, 40.70070266723633, 38.09204864501953, 36.731327056884766, 37.187198638916016, 35.12907791137695, 34.38850784301758, 37.0085334777832, 37.568992614746094, 32.423946380615234, 30.1927547454834, 26.27947998046875, 25.507755279541016, 21.217693328857422, 18.663225173950195, 17.806196212768555, 17.706073760986328, 17.324817657470703, 14.203855514526367, 14.30577278137207, 13.632166862487793, 12.641581535339355, 12.320281028747559, 10.994869232177734, 8.647196769714355, 7.888352394104004, 5.4718804359436035, 5.147441864013672, 4.056495189666748, 3.147014617919922, 2.5412213802337646, 2.064009428024292, 2.075000047683716], "var": [6.84205961227417, 6.079097747802734, 14.87003231048584, 111.8743896484375, 22.239702224731445, 12.341594696044922, 45.08356857299805, 142.8798065185547, 77.39765930175781, 20.913896560668945, 20.68807029724121, 4.085165500640869, 49.29883575439453, 12.952690124511719, 11.174649238586426, 18.018962860107422, 9.016569137573242, 12.65656566619873, 76.08566284179688, 4.169398784637451, 7.704545497894287, 13.469046592712402, 101.01980590820312, 11.220531463623047, 19.682344436645508, 159.2269744873047, 61.36890411376953, 85.19873809814453, 27.309059143066406, 103.5382308959961, 150.55384826660156, 6.61284065246582, 28.071441650390625, 17.619558334350586, 35.37435531616211, 25.06264305114746, 25.334308624267578, 87.34384155273438, 13.755335807800293, 38.73610305786133, 104.22969055175781, 211.6409912109375, 61.170387268066406, 49.13987731933594, 122.95856475830078, 82.61814880371094, 94.79532623291016, 162.4944610595703, 144.67617797851562, 148.4468994140625, 61.26034927368164, 21.843263626098633, 21.146221160888672, 46.9463996887207, 50.55813217163086, 35.07597351074219, 160.85752868652344, 101.15450286865234, 23.97907829284668, 10.439120292663574, 16.29587745666504, 24.39570426940918, 14.231292724609375, 29.118576049804688, 13.472875595092773, 35.006134033203125, 11.632403373718262, 65.05107879638672, 6.5165534019470215, 18.629375457763672, 14.165614128112793, 29.14824867248535, 14.237906455993652, 33.661582946777344, 9.515806198120117, 12.930419921875, 11.678207397460938, 7.338226318359375, 2.033775806427002, 3.178257465362549, 3.0048861503601074, 4.047433376312256, 2.5993545055389404, 5.2950263023376465, 3.362790584564209, 1.446523666381836, 3.1212880611419678, 2.634005546569824, 3.7797913551330566, 3.0803415775299072, 1.1202176809310913, 1.7358543872833252, 3.531858444213867, 2.369777202606201, 3.068258047103882, 2.0379068851470947, 3.5703916549682617, 3.2191319465637207, 7.13848352432251, 4.408431053161621, 4.537389755249023, 2.494684934616089, 2.642472267150879, 3.079850912094116, 1.238669991493225, 2.12968111038208, 1.3254917860031128, 1.3844882249832153, 2.1350879669189453, 2.012070417404175, 0.870200514793396, 1.5318007469177246, 0.8608450889587402, 0.7477653622627258, 0.9520504474639893, 0.673637330532074, 0.6298646926879883, 0.5525863766670227, 0.49560269713401794, 0.2664453089237213, 0.11970053613185883, 0.19900059700012207, 0.2089647352695465, 0.11548721790313721], "true": [120.0, 120.0, 120.0, 120.0, 119.0, 118.0, 117.0, 116.0, 115.0, 114.0, 113.0, 112.0, 111.0, 110.0, 109.0, 108.0, 107.0, 106.0, 105.0, 104.0, 103.0, 102.0, 101.0, 100.0, 99.0, 98.0, 97.0, 96.0, 95.0, 94.0, 93.0, 92.0, 91.0, 90.0, 89.0, 88.0, 87.0, 86.0, 85.0, 84.0, 83.0, 82.0, 81.0, 80.0, 79.0, 78.0, 77.0, 76.0, 75.0, 74.0, 73.0, 72.0, 71.0, 70.0, 69.0, 68.0, 67.0, 66.0, 65.0, 64.0, 63.0, 62.0, 61.0, 60.0, 59.0, 58.0, 57.0, 56.0, 55.0, 54.0, 53.0, 52.0, 51.0, 50.0, 49.0, 48.0, 47.0, 46.0, 45.0, 44.0, 43.0, 42.0, 41.0, 40.0, 39.0, 38.0, 37.0, 36.0, 35.0, 34.0, 33.0, 32.0, 31.0, 30.0, 29.0, 28.0, 27.0, 26.0, 25.0, 24.0, 23.0, 22.0, 21.0, 20.0, 19.0, 18.0, 17.0, 16.0, 15.0, 14.0, 13.0, 12.0, 11.0, 10.0, 9.0, 8.0, 7.0, 6.0, 5.0, 4.0, 3.0, 2.0, 1.0, 0.0], "RMSE": 13.64}