{"mean": [108.29959869384766, 109.74641418457031, 113.15867614746094, 105.74208068847656, 105.69160461425781, 102.4672622680664, 106.13023376464844, 102.56645202636719, 107.4419937133789, 109.43116760253906, 109.34566497802734, 109.171875, 97.36775207519531, 110.67515563964844, 101.00035858154297, 101.94090270996094, 105.96467590332031, 102.69950103759766, 106.41224670410156, 105.33418273925781, 106.43729400634766, 98.22201538085938, 93.42440032958984, 96.2275390625, 98.9371337890625, 90.0615005493164, 87.6089859008789, 91.66725158691406, 82.80335998535156, 79.54597473144531, 78.7032699584961, 79.11965942382812, 77.92507934570312, 76.09672546386719, 79.48075866699219, 81.42250061035156, 76.81182861328125, 79.99781799316406, 77.52922058105469, 79.26377868652344, 77.45133209228516, 76.0006103515625, 73.00384521484375, 69.61216735839844, 72.27216339111328, 70.91426086425781, 69.25108337402344, 63.945701599121094, 61.490264892578125, 63.3277702331543, 59.86247634887695, 64.08092498779297, 61.49125289916992, 60.257354736328125, 59.99604415893555, 55.51201629638672, 56.682579040527344, 53.44084930419922, 51.28702926635742, 52.02482223510742, 57.008567810058594, 52.95048141479492, 51.58015060424805, 49.307369232177734, 44.57775115966797, 46.87730407714844, 47.66055679321289, 48.23073196411133, 47.342227935791016, 42.77173614501953, 42.83840560913086, 42.933982849121094, 41.012794494628906, 45.50477981567383, 42.48748016357422, 42.703495025634766, 43.498931884765625, 43.124515533447266, 43.994606018066406, 40.703857421875, 43.181915283203125, 37.62144088745117, 34.591529846191406, 29.965124130249023, 26.893535614013672, 29.961624145507812, 30.562673568725586, 31.726003646850586, 28.451929092407227, 24.64484405517578, 25.62101173400879, 22.642444610595703, 21.127002716064453, 20.820423126220703, 16.78353500366211, 17.30510902404785, 13.414262771606445, 12.8056640625, 10.414701461791992, 10.339475631713867, 10.052840232849121, 10.076423645019531, 7.833340644836426, 6.053461074829102, 4.200711727142334, 2.931500196456909], "var": [65.78138732910156, 45.39632797241211, 35.15132141113281, 80.99464416503906, 104.7572250366211, 70.04461669921875, 68.34429168701172, 101.27572631835938, 60.869991302490234, 31.287166595458984, 42.93693161010742, 35.64459991455078, 206.70556640625, 29.510730743408203, 128.65614318847656, 78.12390899658203, 39.054935455322266, 59.224700927734375, 61.14773941040039, 57.209678649902344, 40.89012145996094, 84.81031799316406, 73.82572174072266, 147.39207458496094, 55.239845275878906, 78.64201354980469, 131.8455352783203, 114.1351089477539, 151.69754028320312, 96.61304473876953, 161.5808868408203, 69.89595031738281, 74.80076599121094, 95.1856918334961, 83.01896667480469, 43.46115493774414, 45.88347625732422, 58.37117385864258, 28.198705673217773, 60.10758590698242, 70.05901336669922, 76.87596130371094, 86.99302673339844, 65.22049713134766, 43.56911087036133, 85.2353286743164, 39.5517692565918, 38.39263153076172, 34.19159698486328, 38.7288932800293, 11.753522872924805, 10.000432014465332, 16.05910873413086, 5.6649980545043945, 11.688478469848633, 16.770858764648438, 4.457282066345215, 5.895658016204834, 3.6768503189086914, 12.072920799255371, 11.50747013092041, 7.038280963897705, 4.440587043762207, 2.746602773666382, 2.168944835662842, 5.826846122741699, 3.409862756729126, 1.840510368347168, 1.6697403192520142, 4.371761322021484, 1.353083848953247, 1.6939349174499512, 3.5646636486053467, 5.062612533569336, 2.2940680980682373, 4.468936443328857, 3.8779826164245605, 3.331249952316284, 3.445728063583374, 2.2374842166900635, 5.09597635269165, 3.228524923324585, 1.9629204273223877, 4.730522632598877, 1.5078480243682861, 1.995954155921936, 4.123455047607422, 2.6315462589263916, 4.798211574554443, 2.0871214866638184, 1.0972813367843628, 2.3873918056488037, 1.7596906423568726, 0.8572162389755249, 1.0364080667495728, 0.8505406975746155, 1.1803889274597168, 0.30584952235221863, 1.1719728708267212, 0.5103685855865479, 0.3510200083255768, 0.661057710647583, 0.7152774930000305, 0.21315722167491913, 0.23718813061714172, 0.32149964570999146], "true": [105.0, 104.0, 103.0, 102.0, 101.0, 100.0, 99.0, 98.0, 97.0, 96.0, 95.0, 94.0, 93.0, 92.0, 91.0, 90.0, 89.0, 88.0, 87.0, 86.0, 85.0, 84.0, 83.0, 82.0, 81.0, 80.0, 79.0, 78.0, 77.0, 76.0, 75.0, 74.0, 73.0, 72.0, 71.0, 70.0, 69.0, 68.0, 67.0, 66.0, 65.0, 64.0, 63.0, 62.0, 61.0, 60.0, 59.0, 58.0, 57.0, 56.0, 55.0, 54.0, 53.0, 52.0, 51.0, 50.0, 49.0, 48.0, 47.0, 46.0, 45.0, 44.0, 43.0, 42.0, 41.0, 40.0, 39.0, 38.0, 37.0, 36.0, 35.0, 34.0, 33.0, 32.0, 31.0, 30.0, 29.0, 28.0, 27.0, 26.0, 25.0, 24.0, 23.0, 22.0, 21.0, 20.0, 19.0, 18.0, 17.0, 16.0, 15.0, 14.0, 13.0, 12.0, 11.0, 10.0, 9.0, 8.0, 7.0, 6.0, 5.0, 4.0, 3.0, 2.0, 1.0, 0.0], "RMSE": 10.24}