{"mean": [119.18619537353516, 120.18155670166016, 119.11116790771484, 120.2421646118164, 119.60700988769531, 120.01847076416016, 121.26631164550781, 117.75150299072266, 120.74481201171875, 119.8792724609375, 118.4444351196289, 120.53950500488281, 120.1562728881836, 118.04931640625, 119.32913970947266, 119.1153564453125, 116.20753479003906, 118.04476165771484, 115.71114349365234, 115.54734802246094, 115.4625473022461, 114.71354675292969, 115.53714752197266, 114.669921875, 112.1316146850586, 115.3802719116211, 110.03669738769531, 111.336181640625, 110.74836730957031, 114.61698913574219, 112.26104736328125, 115.7594223022461, 108.99168395996094, 102.9100570678711, 95.21099090576172, 92.88147735595703, 97.20428466796875, 100.62762451171875, 99.08091735839844, 91.03756713867188, 92.4925765991211, 93.9355697631836, 93.69181823730469, 86.76435852050781, 86.64054870605469, 92.71223449707031, 92.37541961669922, 97.08167266845703, 81.8862075805664, 78.92357635498047, 77.0035400390625, 74.23191833496094, 75.46751403808594, 71.18206024169922, 78.56048583984375, 87.90219116210938, 75.03797912597656, 65.50344848632812, 66.34016418457031, 65.48570251464844, 67.51792907714844, 65.38011169433594, 66.71353912353516, 61.57659912109375, 66.75086975097656, 62.2085075378418, 60.58263397216797, 59.95783615112305, 56.18311309814453, 56.87581253051758, 57.01092529296875, 52.70502853393555, 49.88584899902344, 50.722007751464844, 52.9538459777832, 53.16145706176758, 51.21558380126953, 48.77436065673828, 50.435935974121094, 45.65739822387695, 47.95606231689453, 45.49005889892578, 46.214149475097656, 44.94977569580078, 47.87862014770508, 46.25609588623047, 47.352787017822266, 44.654762268066406, 44.665191650390625, 41.56462478637695, 41.80714416503906, 38.626609802246094, 36.8011360168457, 39.462890625, 38.74542999267578, 37.05695343017578, 37.13677215576172, 35.40253448486328, 36.669166564941406, 36.91206359863281, 30.81267738342285, 30.69643783569336, 33.028961181640625, 31.116668701171875, 30.668254852294922, 28.80463218688965, 26.068859100341797, 27.314401626586914, 24.733905792236328, 23.31484603881836, 20.425457000732422, 18.642526626586914, 16.926692962646484, 13.864595413208008, 15.29133129119873, 13.42637825012207, 12.569008827209473, 11.668014526367188, 9.18068790435791, 9.222670555114746, 7.474743843078613, 5.674317359924316, 4.168230056762695, 4.098181247711182, 3.5518569946289062, 2.673077344894409, 1.4566658735275269], "var": [15.742463111877441, 12.377847671508789, 16.826452255249023, 8.594511985778809, 13.594758987426758, 4.641477108001709, 14.117956161499023, 4.143543243408203, 6.459192752838135, 17.185396194458008, 4.28583288192749, 5.755927562713623, 11.066442489624023, 6.27283239364624, 18.897838592529297, 24.430036544799805, 4.524190425872803, 10.070121765136719, 11.971209526062012, 20.152597427368164, 15.469342231750488, 7.4746413230896, 9.12734603881836, 14.888031959533691, 43.43877029418945, 29.68630027770996, 24.81989288330078, 9.280834197998047, 34.274375915527344, 25.256704330444336, 22.45061492919922, 49.74078369140625, 35.60514831542969, 49.4932746887207, 46.179443359375, 56.913719177246094, 52.91687774658203, 63.727420806884766, 29.75599479675293, 83.35115051269531, 68.18502044677734, 49.04043960571289, 66.45500946044922, 111.88417053222656, 66.65908813476562, 177.67469787597656, 81.79231262207031, 102.82257080078125, 102.53479766845703, 132.9207305908203, 112.17867279052734, 92.88513946533203, 35.30227279663086, 40.767669677734375, 221.2992401123047, 133.9039306640625, 130.17147827148438, 31.463844299316406, 42.869869232177734, 14.419589042663574, 10.380708694458008, 25.69574737548828, 78.20752716064453, 40.78871536254883, 33.101322174072266, 12.813529014587402, 32.49970245361328, 29.81770896911621, 3.834848403930664, 42.922969818115234, 13.447426795959473, 26.567415237426758, 10.129826545715332, 5.053153038024902, 9.279984474182129, 15.593240737915039, 24.31691551208496, 8.031360626220703, 11.802450180053711, 11.969000816345215, 9.795130729675293, 2.0643725395202637, 4.8458476066589355, 14.058829307556152, 32.04246139526367, 27.71276092529297, 38.44595718383789, 33.2512092590332, 41.12671661376953, 13.013689994812012, 32.994895935058594, 15.969806671142578, 3.879513740539551, 21.90966033935547, 4.13552188873291, 6.061766624450684, 6.494879722595215, 3.000251054763794, 11.836792945861816, 6.957735538482666, 5.771000385284424, 9.195809364318848, 9.319215774536133, 7.428182125091553, 6.377834320068359, 4.400157928466797, 4.227963924407959, 2.833806037902832, 1.8722869157791138, 2.048858165740967, 0.8652154803276062, 1.3507747650146484, 1.5357029438018799, 1.0665640830993652, 1.525661587715149, 0.8769965767860413, 1.1500316858291626, 0.8870646953582764, 0.6714111566543579, 0.8236414194107056, 1.7755544185638428, 0.482970654964447, 0.25184863805770874, 0.36934763193130493, 0.446165531873703, 0.9100433588027954, 0.4020961821079254], "true": [120.0, 120.0, 120.0, 120.0, 120.0, 120.0, 120.0, 119.0, 118.0, 117.0, 116.0, 115.0, 114.0, 113.0, 112.0, 111.0, 110.0, 109.0, 108.0, 107.0, 106.0, 105.0, 104.0, 103.0, 102.0, 101.0, 100.0, 99.0, 98.0, 97.0, 96.0, 95.0, 94.0, 93.0, 92.0, 91.0, 90.0, 89.0, 88.0, 87.0, 86.0, 85.0, 84.0, 83.0, 82.0, 81.0, 80.0, 79.0, 78.0, 77.0, 76.0, 75.0, 74.0, 73.0, 72.0, 71.0, 70.0, 69.0, 68.0, 67.0, 66.0, 65.0, 64.0, 63.0, 62.0, 61.0, 60.0, 59.0, 58.0, 57.0, 56.0, 55.0, 54.0, 53.0, 52.0, 51.0, 50.0, 49.0, 48.0, 47.0, 46.0, 45.0, 44.0, 43.0, 42.0, 41.0, 40.0, 39.0, 38.0, 37.0, 36.0, 35.0, 34.0, 33.0, 32.0, 31.0, 30.0, 29.0, 28.0, 27.0, 26.0, 25.0, 24.0, 23.0, 22.0, 21.0, 20.0, 19.0, 18.0, 17.0, 16.0, 15.0, 14.0, 13.0, 12.0, 11.0, 10.0, 9.0, 8.0, 7.0, 6.0, 5.0, 4.0, 3.0, 2.0, 1.0, 0.0], "RMSE": 6.86}