{"mean": [121.76396179199219, 121.005859375, 121.05717468261719, 121.11164855957031, 122.94282531738281, 121.9275131225586, 123.29969787597656, 121.638671875, 120.6537094116211, 121.10209655761719, 120.54219055175781, 118.04341888427734, 120.12127685546875, 121.43965148925781, 120.58781433105469, 121.08952331542969, 120.56645202636719, 119.9940414428711, 120.49459075927734, 117.95973205566406, 120.12772369384766, 120.06025695800781, 118.0105209350586, 118.989990234375, 119.39796447753906, 120.36070251464844, 118.92826080322266, 119.2753677368164, 118.42669677734375, 118.17891693115234, 118.4949951171875, 118.72061920166016, 118.5539321899414, 117.638916015625, 115.19444274902344, 114.82047271728516, 115.79681396484375, 114.62589263916016, 115.17478942871094, 114.34725189208984, 113.72673034667969, 109.51951599121094, 108.82542419433594, 105.27058410644531, 109.1938705444336, 110.48184967041016, 103.71476745605469, 104.2899398803711, 106.00106048583984, 102.5205078125, 106.06196594238281, 102.03298950195312, 93.45623016357422, 85.77201843261719, 89.29493713378906, 86.61156463623047, 84.0970230102539, 81.85885620117188, 80.45767974853516, 77.72742462158203, 81.75514221191406, 81.23481750488281, 80.31669616699219, 76.01469421386719, 73.87335205078125, 68.94820404052734, 68.47148895263672, 71.5201187133789, 73.01107788085938, 74.47003936767578, 77.19773864746094, 71.97132873535156, 70.7163314819336, 67.75617218017578, 69.64488220214844, 66.30909729003906, 60.22966384887695, 60.68217086791992, 58.82372283935547, 59.51720428466797, 58.89348220825195, 55.93097686767578, 53.565399169921875, 57.73040008544922, 52.0461311340332, 52.99492263793945, 51.566978454589844, 52.162269592285156, 53.7283821105957, 51.035736083984375, 48.55427932739258, 50.22018814086914, 50.51030731201172, 49.66492462158203, 46.917449951171875, 46.284767150878906, 44.872779846191406, 45.6690788269043, 42.55562210083008, 40.40106964111328, 38.382179260253906, 38.72312545776367, 36.05303192138672, 34.65450668334961, 29.320846557617188, 29.022281646728516, 26.556640625, 25.253982543945312, 25.893966674804688, 21.817214965820312, 21.362096786499023, 20.315189361572266, 17.89557456970215, 17.823209762573242, 20.530200958251953, 18.24382972717285, 17.673194885253906, 16.06148338317871, 16.401519775390625, 14.499882698059082, 12.731298446655273, 10.582542419433594, 9.185277938842773, 5.613687515258789, 4.3705339431762695], "var": [7.882354736328125, 8.88136100769043, 5.234477519989014, 7.083603858947754, 7.553274631500244, 9.90388011932373, 10.188874244689941, 3.96419095993042, 6.2213616371154785, 10.814850807189941, 10.099587440490723, 7.56059455871582, 4.389857292175293, 6.446884632110596, 6.111576080322266, 4.880988597869873, 7.666844844818115, 12.501899719238281, 7.910152435302734, 9.087804794311523, 17.391324996948242, 7.69059419631958, 19.077016830444336, 6.198666095733643, 13.72321605682373, 5.409412860870361, 7.188362121582031, 5.925550937652588, 2.572749376296997, 12.058669090270996, 5.5606560707092285, 8.005972862243652, 7.943819046020508, 7.682209491729736, 12.370903015136719, 30.25899314880371, 6.416218280792236, 11.120429992675781, 18.9642276763916, 30.217899322509766, 8.640617370605469, 27.651092529296875, 66.0703353881836, 13.7314453125, 32.530696868896484, 37.62657928466797, 131.08189392089844, 67.07826232910156, 76.30123901367188, 51.22881317138672, 32.22451400756836, 84.4456558227539, 91.91657257080078, 47.19260787963867, 68.73251342773438, 54.08498764038086, 6.242556095123291, 23.618976593017578, 19.31170082092285, 11.038581848144531, 12.780198097229004, 42.26955795288086, 15.961249351501465, 24.785985946655273, 38.71200180053711, 13.055113792419434, 27.907615661621094, 16.95514488220215, 28.511510848999023, 23.090988159179688, 27.672096252441406, 20.786104202270508, 24.195873260498047, 63.34550857543945, 91.70884704589844, 18.77250099182129, 19.31787872314453, 59.822120666503906, 24.949695587158203, 8.711980819702148, 26.734970092773438, 4.830714702606201, 6.731463432312012, 9.371793746948242, 3.9607834815979004, 3.7132036685943604, 5.363947868347168, 5.139655590057373, 7.062261581420898, 3.5113604068756104, 5.737479209899902, 5.652473449707031, 5.10099458694458, 3.1367948055267334, 3.456028461456299, 10.018636703491211, 2.307356357574463, 7.066614627838135, 2.452833652496338, 2.1669867038726807, 3.165283679962158, 6.173171520233154, 1.0668048858642578, 3.9759061336517334, 2.656345844268799, 3.286851406097412, 1.7299280166625977, 2.2707815170288086, 3.1437628269195557, 2.430851697921753, 1.3253607749938965, 1.0137208700180054, 0.47107505798339844, 1.0474090576171875, 2.8769233226776123, 0.7501712441444397, 1.3783543109893799, 0.6542158722877502, 1.118604302406311, 0.8562318682670593, 1.0493190288543701, 0.8694990873336792, 0.9390628933906555, 0.2699802815914154, 0.11800253391265869], "true": [120.0, 120.0, 120.0, 120.0, 120.0, 119.0, 118.0, 117.0, 116.0, 115.0, 114.0, 113.0, 112.0, 111.0, 110.0, 109.0, 108.0, 107.0, 106.0, 105.0, 104.0, 103.0, 102.0, 101.0, 100.0, 99.0, 98.0, 97.0, 96.0, 95.0, 94.0, 93.0, 92.0, 91.0, 90.0, 89.0, 88.0, 87.0, 86.0, 85.0, 84.0, 83.0, 82.0, 81.0, 80.0, 79.0, 78.0, 77.0, 76.0, 75.0, 74.0, 73.0, 72.0, 71.0, 70.0, 69.0, 68.0, 67.0, 66.0, 65.0, 64.0, 63.0, 62.0, 61.0, 60.0, 59.0, 58.0, 57.0, 56.0, 55.0, 54.0, 53.0, 52.0, 51.0, 50.0, 49.0, 48.0, 47.0, 46.0, 45.0, 44.0, 43.0, 42.0, 41.0, 40.0, 39.0, 38.0, 37.0, 36.0, 35.0, 34.0, 33.0, 32.0, 31.0, 30.0, 29.0, 28.0, 27.0, 26.0, 25.0, 24.0, 23.0, 22.0, 21.0, 20.0, 19.0, 18.0, 17.0, 16.0, 15.0, 14.0, 13.0, 12.0, 11.0, 10.0, 9.0, 8.0, 7.0, 6.0, 5.0, 4.0, 3.0, 2.0, 1.0, 0.0], "RMSE": 17.24}