{"mean": [114.87174987792969, 112.13909912109375, 113.30435943603516, 110.8863296508789, 112.13421630859375, 105.49717712402344, 111.05305480957031, 110.4320297241211, 114.31884765625, 110.20207214355469, 114.54054260253906, 112.97623443603516, 109.62519836425781, 107.64031982421875, 104.95413970947266, 102.83537292480469, 106.89083099365234, 101.44725036621094, 103.00923156738281, 99.22491455078125, 102.08785247802734, 101.24614715576172, 103.10539245605469, 97.47125244140625, 97.99473571777344, 97.21937561035156, 87.65296173095703, 90.24293518066406, 92.61688995361328, 85.90874481201172, 80.15287017822266, 74.64728546142578, 77.37556457519531, 79.75421142578125, 76.42382049560547, 77.14776611328125, 76.3963623046875, 78.95121765136719, 77.47807312011719, 73.12922668457031, 73.75840759277344, 70.03395080566406, 72.29811096191406, 70.73481750488281, 72.17808532714844, 71.54539489746094, 67.0643081665039, 68.14813995361328, 67.489013671875, 63.812294006347656, 60.935096740722656, 64.6039047241211, 66.86835479736328, 63.75678253173828, 63.42535400390625, 60.405845642089844, 60.58738327026367, 60.8709602355957, 58.436676025390625, 57.44978713989258, 57.04375076293945, 58.41450119018555, 54.599952697753906, 54.924964904785156, 50.81682586669922, 52.98247146606445, 51.83367156982422, 52.0758171081543, 51.83404541015625, 47.413917541503906, 48.170860290527344, 46.92476272583008, 46.09506607055664, 47.704017639160156, 45.10999298095703, 46.31154251098633, 46.975379943847656, 43.64047622680664, 46.06736373901367, 41.935272216796875, 44.426124572753906, 37.74036407470703, 34.78828048706055, 30.7303466796875, 27.833858489990234, 29.25799560546875, 29.865259170532227, 32.36368942260742, 28.72837257385254, 24.953937530517578, 25.923812866210938, 23.79837417602539, 22.737638473510742, 21.457059860229492, 17.661670684814453, 16.701448440551758, 13.217114448547363, 13.312723159790039, 11.543228149414062, 10.5255765914917, 10.932019233703613, 11.222029685974121, 8.585184097290039, 7.064988613128662, 4.494414806365967, 3.63581919670105], "var": [17.53175163269043, 9.912890434265137, 27.426090240478516, 22.346359252929688, 35.64229965209961, 70.09703063964844, 16.771686553955078, 13.657502174377441, 19.468719482421875, 10.349061965942383, 10.709562301635742, 5.961297035217285, 22.81006622314453, 61.192283630371094, 51.47903823852539, 90.93423461914062, 33.81693649291992, 120.81611633300781, 137.3155975341797, 99.27537536621094, 59.738853454589844, 70.60464477539062, 60.883392333984375, 47.268314361572266, 61.55862045288086, 41.97517776489258, 42.92844009399414, 50.98923873901367, 15.259090423583984, 37.29419708251953, 36.5772819519043, 50.6530876159668, 45.49740219116211, 102.57514190673828, 45.94192123413086, 52.50833511352539, 67.6584701538086, 53.13766860961914, 31.293968200683594, 11.858970642089844, 50.667232513427734, 31.252809524536133, 51.73193359375, 26.73251724243164, 55.58559036254883, 17.153528213500977, 4.302895545959473, 7.465185642242432, 4.845264911651611, 10.986589431762695, 22.531068801879883, 14.08060359954834, 6.936774730682373, 17.386138916015625, 7.074139595031738, 21.782180786132812, 12.360129356384277, 13.080578804016113, 4.297637939453125, 15.146303176879883, 6.162550926208496, 14.827632904052734, 5.932835578918457, 10.571105003356934, 11.206012725830078, 7.637610912322998, 2.343596935272217, 6.2139201164245605, 7.007569789886475, 9.385931968688965, 3.6297991275787354, 6.141732215881348, 8.124216079711914, 14.382797241210938, 2.540109395980835, 13.642476081848145, 2.428408622741699, 3.6074109077453613, 10.384549140930176, 5.285109519958496, 3.0953471660614014, 3.620509624481201, 4.855442047119141, 1.4620949029922485, 2.441500663757324, 3.8306078910827637, 2.302536725997925, 2.8088996410369873, 1.9635283946990967, 2.5234622955322266, 2.236086845397949, 3.435563802719116, 3.872545003890991, 0.9118236303329468, 0.3510359823703766, 0.5853234529495239, 0.8923600912094116, 1.2947821617126465, 0.4044250249862671, 0.8463380336761475, 0.5900435447692871, 0.3751204013824463, 0.6187624335289001, 0.5547895431518555, 0.20707225799560547, 0.3062986135482788], "true": [105.0, 104.0, 103.0, 102.0, 101.0, 100.0, 99.0, 98.0, 97.0, 96.0, 95.0, 94.0, 93.0, 92.0, 91.0, 90.0, 89.0, 88.0, 87.0, 86.0, 85.0, 84.0, 83.0, 82.0, 81.0, 80.0, 79.0, 78.0, 77.0, 76.0, 75.0, 74.0, 73.0, 72.0, 71.0, 70.0, 69.0, 68.0, 67.0, 66.0, 65.0, 64.0, 63.0, 62.0, 61.0, 60.0, 59.0, 58.0, 57.0, 56.0, 55.0, 54.0, 53.0, 52.0, 51.0, 50.0, 49.0, 48.0, 47.0, 46.0, 45.0, 44.0, 43.0, 42.0, 41.0, 40.0, 39.0, 38.0, 37.0, 36.0, 35.0, 34.0, 33.0, 32.0, 31.0, 30.0, 29.0, 28.0, 27.0, 26.0, 25.0, 24.0, 23.0, 22.0, 21.0, 20.0, 19.0, 18.0, 17.0, 16.0, 15.0, 14.0, 13.0, 12.0, 11.0, 10.0, 9.0, 8.0, 7.0, 6.0, 5.0, 4.0, 3.0, 2.0, 1.0, 0.0], "RMSE": 11.97}