{"mean": [112.73095703125, 111.2210693359375, 112.371337890625, 107.5008773803711, 109.39179992675781, 98.80812072753906, 107.43803405761719, 107.44805908203125, 111.3210220336914, 104.60760498046875, 110.9026107788086, 106.93856048583984, 104.5801010131836, 103.77253723144531, 102.13227081298828, 97.68190002441406, 103.6599349975586, 100.4281234741211, 103.225341796875, 102.33817291259766, 99.64839172363281, 100.00396728515625, 102.87208557128906, 93.9720458984375, 94.95698547363281, 93.49594116210938, 86.40385437011719, 87.02257537841797, 91.6136474609375, 85.3563232421875, 77.03477478027344, 70.6904296875, 74.74992370605469, 76.32660675048828, 75.05039978027344, 75.67335510253906, 75.31229400634766, 74.63468933105469, 80.7234115600586, 76.9267349243164, 75.55606842041016, 72.35763549804688, 73.02774047851562, 70.3271713256836, 70.50685119628906, 70.23477935791016, 65.62791442871094, 65.3673324584961, 63.93626022338867, 62.54168701171875, 57.99010467529297, 63.42167282104492, 64.9043960571289, 60.14727020263672, 58.77022171020508, 55.19464111328125, 56.21660232543945, 56.8728141784668, 53.07868576049805, 52.270965576171875, 52.67133712768555, 55.17780685424805, 51.12046432495117, 49.44430923461914, 45.622798919677734, 47.1305046081543, 48.31459426879883, 48.411354064941406, 47.11219787597656, 42.73273468017578, 42.97165298461914, 41.75954055786133, 41.99445724487305, 45.570274353027344, 43.14795684814453, 43.898643493652344, 44.368186950683594, 41.761680603027344, 44.424720764160156, 40.527984619140625, 43.143245697021484, 36.574424743652344, 34.124141693115234, 29.683034896850586, 27.687450408935547, 30.951379776000977, 30.523107528686523, 32.60818862915039, 28.644506454467773, 24.098175048828125, 25.061248779296875, 22.45427703857422, 21.874740600585938, 20.629005432128906, 17.31016731262207, 16.8647518157959, 13.342813491821289, 12.740490913391113, 10.055426597595215, 9.939199447631836, 9.896125793457031, 10.235239028930664, 7.986488342285156, 5.934294700622559, 3.926861524581909, 2.9170644283294678], "var": [28.62801170349121, 16.386028289794922, 70.04072570800781, 70.73458099365234, 114.5202865600586, 144.8679656982422, 35.485084533691406, 51.035003662109375, 27.70388412475586, 39.34408187866211, 26.290714263916016, 28.084243774414062, 92.46180725097656, 84.3612289428711, 36.64577865600586, 34.89153289794922, 79.87305450439453, 78.05619812011719, 49.57155227661133, 53.78046417236328, 134.25802612304688, 107.82846069335938, 83.28814697265625, 95.4345932006836, 142.6494598388672, 125.15418243408203, 112.9619369506836, 56.25054168701172, 46.74604797363281, 44.1630744934082, 28.401214599609375, 35.04384231567383, 39.81297302246094, 80.23902893066406, 45.57324981689453, 16.292951583862305, 35.677242279052734, 54.96805953979492, 31.505672454833984, 17.48239517211914, 51.13928985595703, 58.77164840698242, 63.757568359375, 49.23381042480469, 48.254112243652344, 46.06368637084961, 14.735419273376465, 6.409065246582031, 11.896928787231445, 27.34792137145996, 13.688512802124023, 10.568780899047852, 15.374678611755371, 22.549169540405273, 5.879100322723389, 16.004323959350586, 11.943193435668945, 17.002376556396484, 7.394685745239258, 13.755948066711426, 3.142669677734375, 8.111263275146484, 3.6411025524139404, 7.751628875732422, 3.521200656890869, 2.1997148990631104, 1.6880701780319214, 1.881496787071228, 4.738755226135254, 4.862827301025391, 1.6421382427215576, 4.223557472229004, 2.97757625579834, 3.880833387374878, 2.5615038871765137, 7.053036689758301, 3.125467300415039, 2.3596651554107666, 4.124295234680176, 3.715627670288086, 2.1848397254943848, 4.35842227935791, 4.343994140625, 0.7865594029426575, 1.7163649797439575, 2.989131450653076, 2.471242904663086, 2.341233491897583, 2.3774197101593018, 2.3145461082458496, 1.5522754192352295, 3.490058422088623, 3.0341172218322754, 1.0247997045516968, 0.34986844658851624, 0.45798951387405396, 1.0483506917953491, 1.440604329109192, 0.4894550144672394, 0.8106029629707336, 0.6689465641975403, 0.4109754264354706, 0.8639585375785828, 0.33760637044906616, 0.23977318406105042, 0.1578523814678192], "true": [105.0, 104.0, 103.0, 102.0, 101.0, 100.0, 99.0, 98.0, 97.0, 96.0, 95.0, 94.0, 93.0, 92.0, 91.0, 90.0, 89.0, 88.0, 87.0, 86.0, 85.0, 84.0, 83.0, 82.0, 81.0, 80.0, 79.0, 78.0, 77.0, 76.0, 75.0, 74.0, 73.0, 72.0, 71.0, 70.0, 69.0, 68.0, 67.0, 66.0, 65.0, 64.0, 63.0, 62.0, 61.0, 60.0, 59.0, 58.0, 57.0, 56.0, 55.0, 54.0, 53.0, 52.0, 51.0, 50.0, 49.0, 48.0, 47.0, 46.0, 45.0, 44.0, 43.0, 42.0, 41.0, 40.0, 39.0, 38.0, 37.0, 36.0, 35.0, 34.0, 33.0, 32.0, 31.0, 30.0, 29.0, 28.0, 27.0, 26.0, 25.0, 24.0, 23.0, 22.0, 21.0, 20.0, 19.0, 18.0, 17.0, 16.0, 15.0, 14.0, 13.0, 12.0, 11.0, 10.0, 9.0, 8.0, 7.0, 6.0, 5.0, 4.0, 3.0, 2.0, 1.0, 0.0], "RMSE": 9.96}