{"mean": [118.81251525878906, 119.35398864746094, 118.6639633178711, 118.24066162109375, 116.5126953125, 118.44178771972656, 116.87431335449219, 118.35392761230469, 119.26750183105469, 118.26783752441406, 119.05335998535156, 120.06596374511719, 117.97513580322266, 116.57893371582031, 119.3356704711914, 117.8248062133789, 118.28291320800781, 114.67988586425781, 117.3230209350586, 115.4563980102539, 115.71580505371094, 116.69041442871094, 116.06654357910156, 116.11854553222656, 115.17146301269531, 117.54825592041016, 116.93172454833984, 115.89402770996094, 113.60404205322266, 112.53968811035156, 112.2223892211914, 109.3779525756836, 109.84161376953125, 108.41922760009766, 107.76924896240234, 106.44929504394531, 106.17523193359375, 107.7477035522461, 99.9398422241211, 102.6482925415039, 98.10118865966797, 97.24009704589844, 103.68110656738281, 95.18147277832031, 97.4859390258789, 93.25508117675781, 90.17329406738281, 86.55644226074219, 87.02357482910156, 82.89679718017578, 82.92742919921875, 79.83525085449219, 73.47423553466797, 73.97055053710938, 73.1505126953125, 75.02015686035156, 74.40069580078125, 76.88903045654297, 78.66593933105469, 79.00291442871094, 71.82328796386719, 74.10114288330078, 69.04191589355469, 66.58551025390625, 65.09690856933594, 68.6380844116211, 68.80609130859375, 65.84818267822266, 66.076171875, 66.306884765625, 63.291893005371094, 62.19968795776367, 60.1826171875, 57.7401123046875, 59.041908264160156, 56.80389404296875, 54.71161651611328, 52.64250564575195, 47.95316696166992, 47.78770446777344, 45.759986877441406, 45.193931579589844, 43.35682678222656, 41.7707633972168, 40.446258544921875, 39.57634735107422, 38.15748596191406, 35.73435592651367, 33.20478439331055, 31.978408813476562, 27.299091339111328, 24.67133140563965, 24.753780364990234, 19.919055938720703, 18.990549087524414, 16.913555145263672, 16.382850646972656, 14.928243637084961, 15.212267875671387, 14.409952163696289, 12.604207992553711, 10.929348945617676, 8.422886848449707, 6.602774143218994, 5.321612358093262, 4.219244956970215, 3.408229112625122, 2.922328472137451], "var": [8.075493812561035, 10.23121452331543, 15.082488059997559, 8.055469512939453, 14.98451042175293, 9.924812316894531, 6.747209072113037, 9.328744888305664, 5.748786926269531, 8.980934143066406, 8.258079528808594, 9.088861465454102, 4.841817378997803, 8.458701133728027, 6.269924640655518, 21.963157653808594, 16.739646911621094, 4.749850749969482, 8.41905403137207, 9.812911987304688, 14.837268829345703, 2.329866409301758, 14.294707298278809, 15.964531898498535, 21.524646759033203, 16.44142723083496, 2.3522837162017822, 18.802967071533203, 14.084978103637695, 30.92974281311035, 3.7066025733947754, 32.8618278503418, 12.64682674407959, 24.268829345703125, 34.55732727050781, 33.16701889038086, 15.68298625946045, 18.28451156616211, 62.434791564941406, 43.30232238769531, 34.96175765991211, 40.453765869140625, 23.941503524780273, 35.146385192871094, 73.49795532226562, 88.06768035888672, 54.57327651977539, 70.4617919921875, 128.7366180419922, 52.33584213256836, 105.76023864746094, 62.56538009643555, 57.222023010253906, 25.73844337463379, 105.15037536621094, 37.86208724975586, 39.66826248168945, 63.38713836669922, 27.816373825073242, 36.97260665893555, 14.898870468139648, 23.584558486938477, 14.203155517578125, 5.368866443634033, 16.063234329223633, 19.834009170532227, 11.992706298828125, 12.146876335144043, 8.125110626220703, 4.671311378479004, 14.378111839294434, 10.558269500732422, 11.251167297363281, 10.224494934082031, 7.101345062255859, 5.323603630065918, 4.624998092651367, 5.465694904327393, 7.562924385070801, 7.636953353881836, 6.661365032196045, 5.363272666931152, 9.366841316223145, 4.688077926635742, 5.881697177886963, 4.186620712280273, 6.078777313232422, 1.9754136800765991, 2.2863221168518066, 6.14633321762085, 2.587392807006836, 4.197776794433594, 1.7223186492919922, 1.7955958843231201, 1.3247039318084717, 1.4096975326538086, 0.8613330125808716, 1.4379154443740845, 2.168449640274048, 0.8308857083320618, 0.24148912727832794, 0.5224836468696594, 0.2694626748561859, 0.18580974638462067, 0.5812516212463379, 0.8970800042152405, 0.23671850562095642, 0.11540652066469193], "true": [107.0, 106.0, 105.0, 104.0, 103.0, 102.0, 101.0, 100.0, 99.0, 98.0, 97.0, 96.0, 95.0, 94.0, 93.0, 92.0, 91.0, 90.0, 89.0, 88.0, 87.0, 86.0, 85.0, 84.0, 83.0, 82.0, 81.0, 80.0, 79.0, 78.0, 77.0, 76.0, 75.0, 74.0, 73.0, 72.0, 71.0, 70.0, 69.0, 68.0, 67.0, 66.0, 65.0, 64.0, 63.0, 62.0, 61.0, 60.0, 59.0, 58.0, 57.0, 56.0, 55.0, 54.0, 53.0, 52.0, 51.0, 50.0, 49.0, 48.0, 47.0, 46.0, 45.0, 44.0, 43.0, 42.0, 41.0, 40.0, 39.0, 38.0, 37.0, 36.0, 35.0, 34.0, 33.0, 32.0, 31.0, 30.0, 29.0, 28.0, 27.0, 26.0, 25.0, 24.0, 23.0, 22.0, 21.0, 20.0, 19.0, 18.0, 17.0, 16.0, 15.0, 14.0, 13.0, 12.0, 11.0, 10.0, 9.0, 8.0, 7.0, 6.0, 5.0, 4.0, 3.0, 2.0, 1.0, 0.0], "RMSE": 24.23}