{"mean": [121.3346939086914, 119.78794860839844, 119.98927307128906, 120.1591567993164, 120.91024017333984, 122.39436340332031, 120.53886413574219, 121.055908203125, 120.07478332519531, 118.45843505859375, 119.50080871582031, 118.7310562133789, 120.98797607421875, 120.17231750488281, 120.977294921875, 119.57035064697266, 117.65858459472656, 118.9115982055664, 118.72171783447266, 120.21041107177734, 118.22491455078125, 120.28468322753906, 119.02803802490234, 120.23062896728516, 118.92864990234375, 120.1486587524414, 119.70623779296875, 122.1685562133789, 119.92720031738281, 120.84767150878906, 120.33306884765625, 119.5014419555664, 117.99571228027344, 120.01911926269531, 117.68448638916016, 118.6795883178711, 120.32735443115234, 118.68350982666016, 116.65806579589844, 118.40765380859375, 113.9979248046875, 115.18753814697266, 113.653076171875, 111.78501892089844, 112.79331970214844, 110.6469955444336, 110.9502944946289, 103.98277282714844, 109.25169372558594, 107.89192199707031, 102.47381591796875, 105.07341003417969, 106.62828063964844, 104.16845703125, 98.31193542480469, 100.53243255615234, 96.16448974609375, 92.38179016113281, 90.42646026611328, 89.37322235107422, 88.04539489746094, 99.66641998291016, 92.61787414550781, 94.50843811035156, 93.49259948730469, 93.99223327636719, 93.10236358642578, 101.69025421142578, 98.46150207519531, 98.77999877929688, 98.67975616455078, 98.81705474853516, 95.28672790527344, 93.40132141113281, 87.03227233886719, 82.19685363769531, 83.13980102539062, 81.47820281982422, 73.44247436523438, 69.70833587646484, 60.83331298828125, 62.65456008911133, 65.05268859863281, 52.51415252685547, 48.148048400878906, 44.1886100769043, 41.8004035949707, 42.39935302734375, 40.9771842956543, 37.93798065185547, 39.46116256713867, 38.37998580932617, 38.087947845458984, 40.173973083496094, 40.25189971923828, 35.727569580078125, 33.529273986816406, 36.763614654541016, 36.817893981933594, 40.229793548583984, 40.097496032714844, 35.659358978271484, 33.534629821777344, 31.249889373779297, 29.475662231445312, 28.007495880126953, 24.74640655517578, 23.110239028930664, 23.209171295166016, 25.21474266052246, 22.49741554260254, 21.332597732543945, 20.091007232666016, 17.703012466430664, 16.5080509185791, 13.1256103515625, 12.852404594421387, 12.367819786071777, 10.09735107421875, 7.617055416107178, 6.464461326599121, 6.035366058349609, 5.643104553222656, 5.023493766784668, 4.041471004486084, 2.898313522338867], "var": [10.56091022491455, 10.237737655639648, 4.225697994232178, 15.308709144592285, 8.2080078125, 9.062043190002441, 7.179771423339844, 9.918649673461914, 10.454768180847168, 12.830546379089355, 10.453580856323242, 9.467805862426758, 11.543140411376953, 13.142645835876465, 20.842605590820312, 5.509629726409912, 12.453873634338379, 20.411083221435547, 9.840291023254395, 9.521998405456543, 18.54863929748535, 10.047266960144043, 6.384191036224365, 19.111352920532227, 12.578304290771484, 11.698948860168457, 2.957458734512329, 8.159168243408203, 4.001768589019775, 6.798861503601074, 17.435144424438477, 15.910537719726562, 9.37714672088623, 8.609823226928711, 23.411834716796875, 4.81095552444458, 15.472649574279785, 13.020564079284668, 9.640521049499512, 26.830427169799805, 4.231075286865234, 21.673486709594727, 23.24513053894043, 35.81742858886719, 35.32960510253906, 42.36190414428711, 11.286890983581543, 48.940921783447266, 33.92219543457031, 12.259346961975098, 22.332504272460938, 99.01229095458984, 70.83845520019531, 44.785396575927734, 58.41864013671875, 24.20326805114746, 69.78616333007812, 149.0585479736328, 70.85095977783203, 108.12982940673828, 108.99476623535156, 51.513519287109375, 87.06785583496094, 72.5548095703125, 167.87095642089844, 150.12464904785156, 57.19246292114258, 82.75796508789062, 26.11658477783203, 68.4655990600586, 66.61602783203125, 68.43505859375, 178.89157104492188, 68.4687271118164, 162.43130493164062, 86.98553466796875, 178.1174774169922, 62.417869567871094, 78.73109436035156, 104.42355346679688, 129.70359802246094, 81.0933609008789, 78.13883209228516, 103.11516571044922, 16.5611629486084, 16.491167068481445, 6.106811046600342, 5.982794761657715, 5.975549221038818, 2.973435878753662, 4.5074052810668945, 9.824698448181152, 7.150665283203125, 8.405959129333496, 11.235926628112793, 8.172566413879395, 7.372835636138916, 12.621747970581055, 11.630073547363281, 9.724580764770508, 10.671852111816406, 9.95637035369873, 7.322619438171387, 3.227959632873535, 2.5431501865386963, 6.751657485961914, 1.9271266460418701, 1.8685812950134277, 3.1713762283325195, 4.3424859046936035, 4.1322245597839355, 2.202038288116455, 1.0740476846694946, 0.6070889830589294, 0.5927660465240479, 2.3903284072875977, 0.5636785626411438, 0.9627206921577454, 0.3500532805919647, 0.5745033621788025, 0.38433095812797546, 0.2653411626815796, 0.7403648495674133, 0.4255368709564209, 0.22364017367362976, 0.23961476981639862], "true": [120.0, 120.0, 120.0, 120.0, 120.0, 120.0, 119.0, 118.0, 117.0, 116.0, 115.0, 114.0, 113.0, 112.0, 111.0, 110.0, 109.0, 108.0, 107.0, 106.0, 105.0, 104.0, 103.0, 102.0, 101.0, 100.0, 99.0, 98.0, 97.0, 96.0, 95.0, 94.0, 93.0, 92.0, 91.0, 90.0, 89.0, 88.0, 87.0, 86.0, 85.0, 84.0, 83.0, 82.0, 81.0, 80.0, 79.0, 78.0, 77.0, 76.0, 75.0, 74.0, 73.0, 72.0, 71.0, 70.0, 69.0, 68.0, 67.0, 66.0, 65.0, 64.0, 63.0, 62.0, 61.0, 60.0, 59.0, 58.0, 57.0, 56.0, 55.0, 54.0, 53.0, 52.0, 51.0, 50.0, 49.0, 48.0, 47.0, 46.0, 45.0, 44.0, 43.0, 42.0, 41.0, 40.0, 39.0, 38.0, 37.0, 36.0, 35.0, 34.0, 33.0, 32.0, 31.0, 30.0, 29.0, 28.0, 27.0, 26.0, 25.0, 24.0, 23.0, 22.0, 21.0, 20.0, 19.0, 18.0, 17.0, 16.0, 15.0, 14.0, 13.0, 12.0, 11.0, 10.0, 9.0, 8.0, 7.0, 6.0, 5.0, 4.0, 3.0, 2.0, 1.0, 0.0], "RMSE": 21.69}