{"mean": [119.9688491821289, 122.12750244140625, 120.56501770019531, 120.91749572753906, 122.0107421875, 121.12785339355469, 120.4892578125, 120.8419189453125, 120.89219665527344, 119.4981460571289, 119.93229675292969, 120.0131607055664, 117.8826904296875, 120.8431396484375, 120.09053802490234, 120.22151947021484, 121.15152740478516, 116.93853759765625, 119.77183532714844, 121.3408203125, 120.53858947753906, 120.22884368896484, 119.81727600097656, 120.58145904541016, 119.94903564453125, 120.34410095214844, 118.73384094238281, 120.42781066894531, 119.48040771484375, 119.76164245605469, 118.73431396484375, 117.4460678100586, 119.3001708984375, 117.7901840209961, 118.6418685913086, 121.18157958984375, 118.23881530761719, 118.39125061035156, 119.5123519897461, 118.63716125488281, 117.45540618896484, 115.6888656616211, 112.4164047241211, 112.3173828125, 111.07344818115234, 109.69927978515625, 110.41934967041016, 110.0426025390625, 108.32047271728516, 107.24659729003906, 105.92485046386719, 107.5277328491211, 103.39796447753906, 103.7220458984375, 101.44508361816406, 99.17237854003906, 99.87098693847656, 94.03302001953125, 90.90834045410156, 89.98081970214844, 91.37418365478516, 97.3037338256836, 96.92733764648438, 90.6019058227539, 97.08848571777344, 90.13896179199219, 92.27154541015625, 99.7548828125, 94.37865447998047, 94.49952697753906, 100.72000122070312, 99.52230072021484, 92.89794158935547, 92.89767456054688, 92.75553131103516, 88.27752685546875, 84.17450714111328, 75.50193786621094, 74.79286193847656, 65.30912780761719, 67.21971130371094, 62.83306121826172, 64.21562957763672, 56.47589111328125, 48.800682067871094, 46.1638298034668, 41.397029876708984, 42.97864532470703, 43.663414001464844, 39.083213806152344, 36.460594177246094, 37.09579086303711, 40.0901985168457, 37.512596130371094, 40.208866119384766, 30.72213363647461, 33.68129348754883, 34.459930419921875, 36.14910888671875, 40.05666732788086, 37.7872314453125, 35.93379592895508, 31.807342529296875, 31.71311378479004, 30.627166748046875, 27.631298065185547, 25.48111915588379, 23.014606475830078, 22.51321029663086, 24.35520362854004, 22.762866973876953, 22.825763702392578, 21.02644920349121, 18.04341697692871, 17.319787979125977, 12.680732727050781, 12.512595176696777, 12.633465766906738, 9.97447395324707, 6.264198303222656, 6.727042198181152, 5.950525760650635, 5.799080848693848, 4.857814788818359, 3.926445484161377, 2.766356945037842], "var": [8.693371772766113, 8.790487289428711, 6.199405670166016, 7.389461040496826, 6.932004451751709, 9.40501594543457, 11.408344268798828, 14.628095626831055, 16.574342727661133, 14.397194862365723, 22.549694061279297, 7.815057277679443, 5.255722999572754, 19.282194137573242, 7.3487868309021, 9.308095932006836, 14.523797988891602, 15.864706993103027, 6.460492134094238, 3.3883354663848877, 14.151154518127441, 8.976302146911621, 4.4268717765808105, 12.124180793762207, 12.66248893737793, 15.964227676391602, 26.089344024658203, 13.701705932617188, 14.852086067199707, 7.804441452026367, 3.4279682636260986, 11.415796279907227, 5.416545391082764, 20.439075469970703, 10.953461647033691, 4.45086669921875, 10.94615364074707, 11.348356246948242, 10.958806037902832, 23.066879272460938, 16.349061965942383, 10.01858139038086, 24.76477813720703, 9.484454154968262, 33.30137252807617, 12.563577651977539, 44.02888488769531, 24.056737899780273, 33.94386291503906, 15.864175796508789, 43.84308624267578, 15.171225547790527, 64.89329528808594, 41.91350173950195, 52.07520294189453, 61.362796783447266, 68.06358337402344, 39.128562927246094, 178.6563720703125, 188.87033081054688, 113.65589141845703, 84.04721069335938, 43.249107360839844, 63.70283508300781, 125.40524291992188, 77.72320556640625, 147.92666625976562, 58.166229248046875, 39.95427703857422, 102.1759033203125, 51.093692779541016, 35.332984924316406, 96.15352630615234, 18.657480239868164, 31.242677688598633, 78.21401977539062, 72.76436614990234, 81.99961853027344, 220.40953063964844, 112.65398406982422, 135.53729248046875, 66.71286010742188, 122.53191375732422, 85.1412582397461, 27.449731826782227, 56.73518753051758, 4.7984161376953125, 5.340931415557861, 7.0605878829956055, 9.796061515808105, 2.053764581680298, 3.8568339347839355, 7.2424702644348145, 10.556451797485352, 8.638583183288574, 4.260202884674072, 2.4613308906555176, 20.27947998046875, 11.389025688171387, 2.6912875175476074, 6.264195919036865, 7.581057071685791, 3.142397165298462, 4.596855163574219, 2.0360429286956787, 8.139628410339355, 5.541804313659668, 2.420334577560425, 2.512662410736084, 4.6478071212768555, 3.430690288543701, 0.9314103722572327, 1.7748199701309204, 1.8871217966079712, 1.9002186059951782, 0.6609323620796204, 0.9734044671058655, 0.8920658230781555, 0.5672552585601807, 0.22172456979751587, 0.43599769473075867, 0.4780918061733246, 0.4254298806190491, 0.34249645471572876, 0.34361329674720764, 0.4933333396911621], "true": [120.0, 120.0, 120.0, 120.0, 120.0, 120.0, 119.0, 118.0, 117.0, 116.0, 115.0, 114.0, 113.0, 112.0, 111.0, 110.0, 109.0, 108.0, 107.0, 106.0, 105.0, 104.0, 103.0, 102.0, 101.0, 100.0, 99.0, 98.0, 97.0, 96.0, 95.0, 94.0, 93.0, 92.0, 91.0, 90.0, 89.0, 88.0, 87.0, 86.0, 85.0, 84.0, 83.0, 82.0, 81.0, 80.0, 79.0, 78.0, 77.0, 76.0, 75.0, 74.0, 73.0, 72.0, 71.0, 70.0, 69.0, 68.0, 67.0, 66.0, 65.0, 64.0, 63.0, 62.0, 61.0, 60.0, 59.0, 58.0, 57.0, 56.0, 55.0, 54.0, 53.0, 52.0, 51.0, 50.0, 49.0, 48.0, 47.0, 46.0, 45.0, 44.0, 43.0, 42.0, 41.0, 40.0, 39.0, 38.0, 37.0, 36.0, 35.0, 34.0, 33.0, 32.0, 31.0, 30.0, 29.0, 28.0, 27.0, 26.0, 25.0, 24.0, 23.0, 22.0, 21.0, 20.0, 19.0, 18.0, 17.0, 16.0, 15.0, 14.0, 13.0, 12.0, 11.0, 10.0, 9.0, 8.0, 7.0, 6.0, 5.0, 4.0, 3.0, 2.0, 1.0, 0.0], "RMSE": 21.83}