{"mean": [104.3606185913086, 103.3850326538086, 107.27555084228516, 104.1623764038086, 105.17912292480469, 94.06053161621094, 101.5094985961914, 98.39028930664062, 100.84075164794922, 109.94346618652344, 105.25471496582031, 100.72120666503906, 91.54016876220703, 87.36050415039062, 94.97239685058594, 90.59965515136719, 100.50157165527344, 87.62528991699219, 92.43467712402344, 87.16043853759766, 92.79456329345703, 93.02742767333984, 81.53633880615234, 78.60100555419922, 78.25767517089844, 71.19390106201172, 68.05357360839844, 71.65022277832031, 68.11418151855469, 68.89118957519531, 63.23418045043945, 60.7889289855957, 61.3924560546875, 66.38175201416016, 62.98945999145508, 58.58759689331055, 61.899314880371094, 62.88972091674805, 62.60723876953125, 64.02828216552734, 59.04457473754883, 59.57080841064453, 63.1458625793457, 58.799888610839844, 59.72307586669922, 52.23229217529297, 53.35236358642578, 50.339515686035156, 48.438899993896484, 50.9107551574707, 47.88817596435547, 51.95963668823242, 50.68471145629883, 54.32257843017578, 52.95426559448242, 46.235206604003906, 45.10124969482422, 46.411170959472656, 43.39210510253906, 42.155616760253906, 47.80097579956055, 52.832969665527344, 49.19791793823242, 50.05791473388672, 42.50825119018555, 44.92896270751953, 40.802513122558594, 41.66803741455078, 41.059410095214844, 40.611812591552734, 41.99433898925781, 42.916587829589844, 44.31218719482422, 49.41941452026367, 47.227176666259766, 42.031227111816406, 44.786048889160156, 43.03985595703125, 44.772979736328125, 40.7050895690918, 44.38683319091797, 41.77423858642578, 39.0249137878418, 34.079097747802734, 31.005483627319336, 30.791988372802734, 32.4132080078125, 35.41852569580078, 30.575326919555664, 27.242916107177734, 27.1593017578125, 24.150136947631836, 22.730743408203125, 19.95720672607422, 16.654735565185547, 15.329824447631836, 12.192732810974121, 12.657770156860352, 10.41862678527832, 8.591094017028809, 8.139154434204102, 9.389028549194336, 7.49478006362915, 6.149497032165527, 4.250454902648926, 2.354491710662842], "var": [18.340084075927734, 104.36477661132812, 46.90459060668945, 64.20553588867188, 70.08837127685547, 110.70165252685547, 99.69139099121094, 113.29408264160156, 130.93569946289062, 26.036672592163086, 128.00375366210938, 130.34027099609375, 112.60970306396484, 29.437602996826172, 190.79444885253906, 92.6480712890625, 115.69815063476562, 163.90394592285156, 192.7355194091797, 220.53945922851562, 202.5005645751953, 142.2661590576172, 55.82240676879883, 90.50820922851562, 246.08889770507812, 107.92926788330078, 121.34253692626953, 115.89640808105469, 44.49872970581055, 88.87965393066406, 68.3760757446289, 26.062524795532227, 5.652711391448975, 29.960773468017578, 10.4429349899292, 6.632279872894287, 24.770112991333008, 15.161110877990723, 19.886728286743164, 33.13694381713867, 17.549455642700195, 16.077646255493164, 19.393840789794922, 20.89366340637207, 25.488649368286133, 13.260753631591797, 9.086557388305664, 10.483872413635254, 6.713510513305664, 47.10304641723633, 5.742344856262207, 20.7359619140625, 33.927005767822266, 55.84785842895508, 27.21571922302246, 25.16463279724121, 13.179366111755371, 15.050917625427246, 7.106034755706787, 10.626622200012207, 14.236305236816406, 36.42369079589844, 27.185964584350586, 32.68234634399414, 20.69791603088379, 49.982452392578125, 4.955214023590088, 9.292981147766113, 14.870100975036621, 13.308309555053711, 8.702742576599121, 8.683287620544434, 15.226327896118164, 5.093426704406738, 17.56471061706543, 14.175678253173828, 5.5549235343933105, 7.396608829498291, 4.73195743560791, 7.03433084487915, 9.100325584411621, 4.357603549957275, 1.8955641984939575, 1.0997258424758911, 6.298593997955322, 7.633595943450928, 3.191765308380127, 5.485038757324219, 2.2725577354431152, 2.9190025329589844, 2.5443379878997803, 4.218583583831787, 4.354791164398193, 3.271502733230591, 0.8170993328094482, 0.9065629243850708, 2.361635684967041, 0.9700813293457031, 1.2026827335357666, 0.6986388564109802, 0.5156522393226624, 0.9743260741233826, 1.1925593614578247, 0.5988656282424927, 0.656852662563324, 0.24547748267650604], "true": [105.0, 104.0, 103.0, 102.0, 101.0, 100.0, 99.0, 98.0, 97.0, 96.0, 95.0, 94.0, 93.0, 92.0, 91.0, 90.0, 89.0, 88.0, 87.0, 86.0, 85.0, 84.0, 83.0, 82.0, 81.0, 80.0, 79.0, 78.0, 77.0, 76.0, 75.0, 74.0, 73.0, 72.0, 71.0, 70.0, 69.0, 68.0, 67.0, 66.0, 65.0, 64.0, 63.0, 62.0, 61.0, 60.0, 59.0, 58.0, 57.0, 56.0, 55.0, 54.0, 53.0, 52.0, 51.0, 50.0, 49.0, 48.0, 47.0, 46.0, 45.0, 44.0, 43.0, 42.0, 41.0, 40.0, 39.0, 38.0, 37.0, 36.0, 35.0, 34.0, 33.0, 32.0, 31.0, 30.0, 29.0, 28.0, 27.0, 26.0, 25.0, 24.0, 23.0, 22.0, 21.0, 20.0, 19.0, 18.0, 17.0, 16.0, 15.0, 14.0, 13.0, 12.0, 11.0, 10.0, 9.0, 8.0, 7.0, 6.0, 5.0, 4.0, 3.0, 2.0, 1.0, 0.0], "RMSE": 8.33}