{"mean": [119.48763275146484, 118.02470397949219, 118.4224624633789, 121.47523498535156, 119.3760986328125, 120.7589111328125, 120.7491455078125, 119.89976501464844, 120.01031494140625, 118.76678466796875, 118.07746887207031, 120.6718521118164, 118.75174713134766, 119.3178939819336, 120.1029052734375, 118.55899810791016, 115.6724853515625, 115.98756408691406, 117.92828369140625, 117.25567626953125, 119.01216125488281, 113.3252182006836, 116.08834075927734, 113.3511962890625, 110.15705871582031, 112.3098373413086, 111.90999603271484, 114.8319320678711, 111.36043548583984, 112.58975982666016, 113.18001556396484, 111.96934509277344, 110.17269134521484, 101.7768783569336, 95.97822570800781, 103.36894226074219, 96.55337524414062, 97.29700469970703, 99.65033721923828, 96.13546752929688, 96.71231842041016, 95.39200592041016, 96.84786987304688, 92.6695327758789, 83.72819519042969, 86.6373291015625, 95.34928894042969, 94.22028350830078, 90.1112289428711, 80.62901306152344, 75.10173034667969, 71.46974182128906, 83.29295349121094, 68.07978820800781, 85.19981384277344, 83.0981216430664, 74.4644546508789, 65.71073150634766, 63.16862106323242, 64.2688217163086, 70.25328826904297, 66.79608154296875, 60.59899139404297, 59.62235641479492, 64.69278717041016, 62.975502014160156, 62.44853973388672, 62.18186569213867, 57.482017517089844, 59.21259307861328, 57.23189163208008, 52.76195526123047, 49.16495132446289, 51.47539138793945, 53.37190628051758, 50.17261505126953, 54.4498405456543, 48.24375915527344, 48.510929107666016, 44.97011947631836, 48.1269645690918, 47.20513153076172, 48.069488525390625, 46.3203010559082, 43.91130447387695, 43.36748504638672, 46.120704650878906, 44.39361572265625, 43.34170913696289, 42.42718505859375, 42.301490783691406, 39.33905792236328, 37.187660217285156, 40.139854431152344, 38.153953552246094, 37.458343505859375, 35.64019012451172, 35.45234298706055, 38.05105972290039, 37.09440994262695, 30.39139747619629, 29.037616729736328, 33.760833740234375, 30.8905086517334, 29.94745445251465, 28.446523666381836, 26.494787216186523, 26.540857315063477, 24.950231552124023, 23.703838348388672, 20.276573181152344, 18.717199325561523, 17.17453384399414, 13.8311128616333, 14.664143562316895, 13.421737670898438, 12.511896133422852, 11.704537391662598, 8.303300857543945, 9.250151634216309, 7.132887840270996, 5.532285213470459, 3.581606388092041, 4.772330284118652, 4.281717300415039, 2.7545974254608154, 1.6188294887542725], "var": [4.669003009796143, 15.145840644836426, 14.561347961425781, 8.648743629455566, 10.632290840148926, 11.149090766906738, 19.120532989501953, 2.5210351943969727, 12.499711036682129, 8.770858764648438, 9.108055114746094, 6.705182075500488, 17.131683349609375, 19.643495559692383, 20.069332122802734, 14.109249114990234, 16.202526092529297, 8.765345573425293, 14.210280418395996, 18.29085350036621, 33.24318313598633, 21.02533721923828, 22.527118682861328, 30.67621421813965, 55.38623809814453, 20.864839553833008, 55.5089225769043, 12.80980110168457, 24.793115615844727, 38.105594635009766, 39.1289176940918, 28.307310104370117, 10.559910774230957, 21.745403289794922, 35.37179183959961, 75.35442352294922, 139.3397216796875, 41.80888366699219, 34.69542694091797, 41.921417236328125, 14.799946784973145, 73.13347625732422, 27.809341430664062, 52.8072395324707, 119.98623657226562, 98.91034698486328, 99.5732421875, 97.09457397460938, 194.06466674804688, 115.00130462646484, 22.998130798339844, 20.44898796081543, 118.55049133300781, 20.097129821777344, 147.57766723632812, 109.53419494628906, 63.280452728271484, 31.97679328918457, 18.27724838256836, 9.604893684387207, 19.00383949279785, 41.0394401550293, 11.25838851928711, 16.238365173339844, 22.623106002807617, 59.78960037231445, 6.975057125091553, 26.19489860534668, 42.56279754638672, 32.736083984375, 27.423114776611328, 11.380196571350098, 6.182243347167969, 6.136932849884033, 4.626217842102051, 8.712986946105957, 20.025144577026367, 21.07200813293457, 10.996960639953613, 9.80157470703125, 17.780454635620117, 16.007347106933594, 10.983654975891113, 5.706592559814453, 7.285187244415283, 27.03943634033203, 11.98981761932373, 28.103015899658203, 18.911561965942383, 28.28964614868164, 13.277189254760742, 5.546374797821045, 12.344524383544922, 6.219052791595459, 6.5316643714904785, 8.194663047790527, 4.3091888427734375, 3.8730783462524414, 15.02324390411377, 4.849902629852295, 5.693708896636963, 6.070619583129883, 0.7316839098930359, 4.934159755706787, 3.1769533157348633, 4.71491003036499, 3.9357285499572754, 3.977790355682373, 2.616926670074463, 3.0138368606567383, 1.6322706937789917, 0.8669022917747498, 1.4686676263809204, 1.3767435550689697, 1.0892727375030518, 1.4339197874069214, 1.001485824584961, 0.4968098998069763, 0.3213501572608948, 0.5145412683486938, 1.6245509386062622, 0.4920612871646881, 0.6251612901687622, 1.0435712337493896, 0.5662234425544739, 0.5295006036758423, 0.3724938631057739], "true": [120.0, 120.0, 120.0, 120.0, 120.0, 120.0, 120.0, 119.0, 118.0, 117.0, 116.0, 115.0, 114.0, 113.0, 112.0, 111.0, 110.0, 109.0, 108.0, 107.0, 106.0, 105.0, 104.0, 103.0, 102.0, 101.0, 100.0, 99.0, 98.0, 97.0, 96.0, 95.0, 94.0, 93.0, 92.0, 91.0, 90.0, 89.0, 88.0, 87.0, 86.0, 85.0, 84.0, 83.0, 82.0, 81.0, 80.0, 79.0, 78.0, 77.0, 76.0, 75.0, 74.0, 73.0, 72.0, 71.0, 70.0, 69.0, 68.0, 67.0, 66.0, 65.0, 64.0, 63.0, 62.0, 61.0, 60.0, 59.0, 58.0, 57.0, 56.0, 55.0, 54.0, 53.0, 52.0, 51.0, 50.0, 49.0, 48.0, 47.0, 46.0, 45.0, 44.0, 43.0, 42.0, 41.0, 40.0, 39.0, 38.0, 37.0, 36.0, 35.0, 34.0, 33.0, 32.0, 31.0, 30.0, 29.0, 28.0, 27.0, 26.0, 25.0, 24.0, 23.0, 22.0, 21.0, 20.0, 19.0, 18.0, 17.0, 16.0, 15.0, 14.0, 13.0, 12.0, 11.0, 10.0, 9.0, 8.0, 7.0, 6.0, 5.0, 4.0, 3.0, 2.0, 1.0, 0.0], "RMSE": 7.14}