{"mean": [121.81779479980469, 122.1634292602539, 122.1302490234375, 122.51939392089844, 120.8507080078125, 122.10237884521484, 119.67086029052734, 123.97218322753906, 122.61338806152344, 122.93829345703125, 122.5357666015625, 122.5453109741211, 120.88984680175781, 120.6766128540039, 121.18951416015625, 120.96195220947266, 119.606689453125, 118.73747253417969, 120.4483871459961, 119.1152114868164, 122.54176330566406, 122.33512878417969, 121.37544250488281, 120.8537826538086, 121.00294494628906, 121.53404235839844, 120.05562591552734, 119.957275390625, 120.56233215332031, 119.5093002319336, 121.5834732055664, 120.4549560546875, 120.1457290649414, 116.43748474121094, 117.71003723144531, 116.448486328125, 114.67295837402344, 115.07548522949219, 115.63056945800781, 115.54527282714844, 110.48341369628906, 115.05397033691406, 115.01688385009766, 108.62324523925781, 112.59912109375, 108.3018798828125, 106.6308822631836, 107.01185607910156, 105.30731201171875, 106.45841979980469, 98.29792785644531, 103.57044982910156, 98.6399917602539, 97.46501159667969, 90.89551544189453, 88.22077178955078, 86.92327880859375, 85.04182434082031, 85.65972900390625, 75.34586334228516, 76.67524719238281, 76.17688751220703, 73.76469421386719, 74.25030517578125, 72.5296859741211, 67.26006317138672, 61.5181999206543, 64.02449035644531, 66.89756774902344, 67.16581726074219, 70.93635559082031, 72.17952728271484, 67.9095687866211, 69.82984924316406, 69.17788696289062, 68.86524963378906, 71.38382720947266, 56.962303161621094, 56.978065490722656, 62.964866638183594, 61.09862518310547, 55.88825607299805, 53.51390838623047, 54.2834358215332, 51.040008544921875, 55.805946350097656, 47.90483856201172, 50.131874084472656, 48.687782287597656, 50.28574752807617, 47.866268157958984, 46.487220764160156, 44.61783981323242, 47.39352035522461, 43.880985260009766, 41.22027587890625, 40.64958572387695, 43.72842025756836, 39.4776725769043, 43.13356399536133, 43.80504608154297, 41.261253356933594, 39.20975875854492, 35.996761322021484, 29.176441192626953, 30.001434326171875, 28.621898651123047, 25.22080421447754, 24.748493194580078, 22.779605865478516, 23.044124603271484, 21.20092010498047, 18.862783432006836, 17.582260131835938, 20.033390045166016, 18.08770751953125, 17.861679077148438, 16.3203067779541, 16.09885025024414, 13.352340698242188, 10.270276069641113, 8.871797561645508, 7.2237372398376465, 5.143378257751465, 3.791559934616089], "var": [6.008784770965576, 4.132662773132324, 7.743403911590576, 6.695589542388916, 9.926358222961426, 7.523782253265381, 12.394837379455566, 11.194625854492188, 5.015145301818848, 7.09496545791626, 9.019158363342285, 11.73913860321045, 3.585005283355713, 7.896387100219727, 9.458060264587402, 8.128652572631836, 4.6070756912231445, 6.909957408905029, 28.990671157836914, 8.986408233642578, 5.196261405944824, 4.870999813079834, 14.404889106750488, 10.974449157714844, 4.898010730743408, 4.036673069000244, 8.15653133392334, 8.046927452087402, 4.86151647567749, 3.82698917388916, 3.6549386978149414, 15.152276039123535, 13.444563865661621, 9.938542366027832, 7.796426773071289, 20.91287612915039, 8.410650253295898, 13.081993103027344, 10.919954299926758, 10.646601676940918, 12.353397369384766, 18.89739227294922, 14.239335060119629, 40.842994689941406, 55.88591766357422, 16.290672302246094, 65.92794799804688, 78.92412567138672, 85.30598449707031, 98.42467498779297, 122.08743286132812, 62.33082580566406, 79.01042175292969, 145.56588745117188, 80.33236694335938, 103.86186218261719, 150.76458740234375, 80.78133392333984, 61.68630599975586, 30.53829002380371, 80.54478454589844, 74.10259246826172, 53.46708679199219, 80.31778717041016, 90.62184143066406, 24.935548782348633, 8.119912147521973, 36.75457763671875, 31.467832565307617, 15.242912292480469, 40.78022003173828, 44.69564437866211, 34.36590576171875, 151.40200805664062, 110.8241195678711, 159.6419677734375, 73.36554718017578, 20.202116012573242, 40.58853530883789, 44.86323928833008, 62.262359619140625, 36.71104431152344, 26.56624412536621, 20.175928115844727, 13.313189506530762, 57.54204177856445, 4.136396884918213, 20.57672691345215, 12.574601173400879, 16.679487228393555, 27.093414306640625, 21.67561912536621, 6.030289173126221, 21.465065002441406, 9.56245231628418, 12.806600570678711, 29.227935791015625, 16.28830337524414, 20.175052642822266, 17.26055145263672, 17.60596466064453, 25.18922996520996, 11.2545747756958, 5.975879192352295, 3.458622694015503, 3.646472215652466, 4.179199695587158, 1.0527386665344238, 1.3410007953643799, 2.2362136840820312, 1.5790340900421143, 3.709892749786377, 1.2428635358810425, 0.9836302995681763, 1.3244744539260864, 1.3564189672470093, 1.459212303161621, 0.5601217150688171, 0.8279655575752258, 0.9585797786712646, 0.8579681515693665, 0.6353750824928284, 1.030944585800171, 1.1979706287384033, 0.44554945826530457], "true": [120.0, 120.0, 120.0, 120.0, 120.0, 119.0, 118.0, 117.0, 116.0, 115.0, 114.0, 113.0, 112.0, 111.0, 110.0, 109.0, 108.0, 107.0, 106.0, 105.0, 104.0, 103.0, 102.0, 101.0, 100.0, 99.0, 98.0, 97.0, 96.0, 95.0, 94.0, 93.0, 92.0, 91.0, 90.0, 89.0, 88.0, 87.0, 86.0, 85.0, 84.0, 83.0, 82.0, 81.0, 80.0, 79.0, 78.0, 77.0, 76.0, 75.0, 74.0, 73.0, 72.0, 71.0, 70.0, 69.0, 68.0, 67.0, 66.0, 65.0, 64.0, 63.0, 62.0, 61.0, 60.0, 59.0, 58.0, 57.0, 56.0, 55.0, 54.0, 53.0, 52.0, 51.0, 50.0, 49.0, 48.0, 47.0, 46.0, 45.0, 44.0, 43.0, 42.0, 41.0, 40.0, 39.0, 38.0, 37.0, 36.0, 35.0, 34.0, 33.0, 32.0, 31.0, 30.0, 29.0, 28.0, 27.0, 26.0, 25.0, 24.0, 23.0, 22.0, 21.0, 20.0, 19.0, 18.0, 17.0, 16.0, 15.0, 14.0, 13.0, 12.0, 11.0, 10.0, 9.0, 8.0, 7.0, 6.0, 5.0, 4.0, 3.0, 2.0, 1.0, 0.0], "RMSE": 17.63}