{"mean": [117.43522644042969, 116.625244140625, 117.40318298339844, 117.1941146850586, 114.38999938964844, 112.56978607177734, 114.2938232421875, 113.35569763183594, 112.49591064453125, 109.42120361328125, 110.23112487792969, 109.59516906738281, 109.7725601196289, 113.117431640625, 111.8632583618164, 115.8292236328125, 115.50333404541016, 115.62123107910156, 113.6200180053711, 113.45262145996094, 116.05827331542969, 114.52763366699219, 118.49888610839844, 117.71600341796875, 116.08308410644531, 115.72178649902344, 116.68162536621094, 118.359619140625, 116.3918228149414, 114.54286193847656, 115.42829895019531, 111.0693130493164, 113.81181335449219, 110.3992919921875, 110.02867126464844, 111.08976745605469, 106.79899597167969, 107.43659973144531, 103.0947494506836, 93.45951843261719, 95.57008361816406, 98.34089660644531, 97.62229919433594, 100.65199279785156, 97.67428588867188, 91.29654693603516, 100.04318237304688, 101.70272827148438, 96.70344543457031, 95.25582122802734, 88.8132095336914, 95.33052062988281, 97.01873779296875, 88.72527313232422, 97.14665985107422, 102.5615463256836, 102.72110748291016, 95.3832778930664, 95.2562255859375, 93.72087097167969, 100.47083282470703, 90.34639739990234, 92.2403564453125, 90.5340576171875, 88.68699645996094, 72.05085754394531, 68.04181671142578, 67.37117004394531, 65.59602355957031, 59.142730712890625, 58.39006423950195, 55.10847854614258, 57.5598258972168, 58.66852569580078, 61.68986892700195, 54.10723114013672, 57.979034423828125, 57.094139099121094, 56.935768127441406, 52.48493576049805, 53.796775817871094, 51.38319778442383, 53.67768478393555, 47.20103454589844, 47.5254020690918, 49.51298141479492, 51.17854309082031, 38.60166931152344, 41.991943359375, 44.290000915527344, 46.902618408203125, 49.79702377319336, 52.68701171875, 54.23899459838867, 47.806922912597656, 37.033966064453125, 38.20579147338867, 34.7351188659668, 28.920330047607422, 27.475805282592773, 28.20440101623535, 30.029369354248047, 26.976154327392578, 28.606395721435547, 29.755630493164062, 27.142786026000977, 25.312028884887695, 21.787139892578125, 22.338760375976562, 20.32265853881836, 16.688465118408203, 16.460296630859375, 17.256038665771484, 17.351091384887695, 13.502835273742676, 12.41099739074707, 11.847862243652344, 13.425344467163086, 11.463850021362305, 8.620123863220215, 5.837337970733643, 6.647885799407959, 5.464760780334473, 4.444602012634277, 3.7135379314422607], "var": [7.798512935638428, 19.45048713684082, 14.802370071411133, 13.922441482543945, 10.223838806152344, 19.115291595458984, 16.048843383789062, 2.7822322845458984, 26.91017723083496, 34.166683197021484, 28.99521255493164, 16.933834075927734, 34.257225036621094, 17.483980178833008, 43.676666259765625, 18.905778884887695, 9.618605613708496, 10.533004760742188, 12.942506790161133, 16.433935165405273, 22.923742294311523, 13.4308443069458, 9.89732551574707, 20.326034545898438, 27.18880271911621, 8.9679594039917, 20.566570281982422, 18.319046020507812, 22.719133377075195, 25.39475440979004, 42.50699996948242, 47.09718704223633, 18.940114974975586, 87.05680084228516, 12.751932144165039, 39.45022201538086, 103.38954162597656, 22.421693801879883, 50.23125457763672, 86.59739685058594, 46.84732437133789, 27.299402236938477, 101.28559875488281, 83.99213409423828, 114.41044616699219, 145.343017578125, 54.394439697265625, 39.10931396484375, 73.71959686279297, 86.6648178100586, 81.5666732788086, 36.939144134521484, 70.99665832519531, 154.21604919433594, 98.69552612304688, 56.648109436035156, 73.76658630371094, 62.70390701293945, 152.59811401367188, 150.90301513671875, 27.116024017333984, 227.95484924316406, 97.24076080322266, 137.86911010742188, 58.40736389160156, 142.38687133789062, 29.65871810913086, 46.55582809448242, 31.620813369750977, 20.25463104248047, 11.824136734008789, 16.451187133789062, 20.352567672729492, 11.702900886535645, 18.906383514404297, 22.661842346191406, 25.979389190673828, 33.63446044921875, 18.76565933227539, 12.910155296325684, 16.639652252197266, 8.700087547302246, 8.74701976776123, 14.813458442687988, 8.644942283630371, 16.844898223876953, 39.51555252075195, 15.296621322631836, 14.94750690460205, 48.66489791870117, 41.71745300292969, 19.562753677368164, 45.18115234375, 19.76146697998047, 23.215559005737305, 34.07630157470703, 21.953826904296875, 6.7085418701171875, 25.649168014526367, 4.77246618270874, 4.189340591430664, 3.4925570487976074, 1.019041657447815, 5.667570114135742, 2.928515672683716, 3.469421148300171, 4.405601501464844, 3.3425238132476807, 4.434834957122803, 1.4939333200454712, 1.292030692100525, 0.9681457877159119, 1.433135747909546, 2.078090190887451, 1.1117842197418213, 0.9375951290130615, 0.5259605646133423, 0.6506948471069336, 0.34270399808883667, 0.7307448387145996, 0.4500703811645508, 0.26760637760162354, 1.1059341430664062, 0.4818558394908905, 0.2120944857597351], "true": [120.0, 120.0, 120.0, 120.0, 120.0, 119.0, 118.0, 117.0, 116.0, 115.0, 114.0, 113.0, 112.0, 111.0, 110.0, 109.0, 108.0, 107.0, 106.0, 105.0, 104.0, 103.0, 102.0, 101.0, 100.0, 99.0, 98.0, 97.0, 96.0, 95.0, 94.0, 93.0, 92.0, 91.0, 90.0, 89.0, 88.0, 87.0, 86.0, 85.0, 84.0, 83.0, 82.0, 81.0, 80.0, 79.0, 78.0, 77.0, 76.0, 75.0, 74.0, 73.0, 72.0, 71.0, 70.0, 69.0, 68.0, 67.0, 66.0, 65.0, 64.0, 63.0, 62.0, 61.0, 60.0, 59.0, 58.0, 57.0, 56.0, 55.0, 54.0, 53.0, 52.0, 51.0, 50.0, 49.0, 48.0, 47.0, 46.0, 45.0, 44.0, 43.0, 42.0, 41.0, 40.0, 39.0, 38.0, 37.0, 36.0, 35.0, 34.0, 33.0, 32.0, 31.0, 30.0, 29.0, 28.0, 27.0, 26.0, 25.0, 24.0, 23.0, 22.0, 21.0, 20.0, 19.0, 18.0, 17.0, 16.0, 15.0, 14.0, 13.0, 12.0, 11.0, 10.0, 9.0, 8.0, 7.0, 6.0, 5.0, 4.0, 3.0, 2.0, 1.0, 0.0], "RMSE": 14.72}