{"mean": [115.5230484008789, 119.05696868896484, 119.93257141113281, 114.78663635253906, 113.68953704833984, 112.43587493896484, 111.37443542480469, 109.43632507324219, 110.7013931274414, 108.4024658203125, 110.26609802246094, 109.0546875, 111.44819641113281, 111.44248962402344, 111.42204284667969, 115.26454162597656, 113.70477294921875, 112.3843994140625, 110.16609191894531, 113.67997741699219, 114.27298736572266, 118.1540298461914, 118.1976089477539, 118.05986022949219, 115.47833251953125, 112.77079772949219, 116.219970703125, 116.88946533203125, 116.8993911743164, 116.51390075683594, 118.2196044921875, 111.97480773925781, 109.86228942871094, 112.5633773803711, 111.66346740722656, 110.8838882446289, 103.28507232666016, 109.91453552246094, 99.58866882324219, 101.6581802368164, 99.15792846679688, 100.22311401367188, 104.68780517578125, 99.26016998291016, 96.74356842041016, 93.00247955322266, 96.33868408203125, 94.97196960449219, 93.96524810791016, 92.60045623779297, 92.74819946289062, 97.71240997314453, 95.06439971923828, 94.32548522949219, 97.4028549194336, 100.40397644042969, 97.08738708496094, 97.75701141357422, 97.39825439453125, 94.21036529541016, 96.78462982177734, 91.40751647949219, 86.32816314697266, 84.17755126953125, 81.99272918701172, 70.97128295898438, 73.04476165771484, 67.19743347167969, 63.847206115722656, 54.08852005004883, 56.273597717285156, 55.9952392578125, 56.389427185058594, 56.1260871887207, 59.276283264160156, 57.44353485107422, 58.25980758666992, 52.205284118652344, 54.64570999145508, 51.75543975830078, 51.70488739013672, 49.759376525878906, 55.32661056518555, 48.184688568115234, 47.68755340576172, 49.737022399902344, 46.49690628051758, 43.14231872558594, 41.240325927734375, 44.1161003112793, 40.88039779663086, 48.14130783081055, 51.044334411621094, 52.53522872924805, 46.69327163696289, 36.65981674194336, 37.98292922973633, 34.1443977355957, 28.009227752685547, 29.891443252563477, 27.483102798461914, 30.747482299804688, 26.6726016998291, 29.305545806884766, 29.557498931884766, 27.214223861694336, 25.25225257873535, 22.4765682220459, 21.52821159362793, 19.72940444946289, 17.12979507446289, 17.260845184326172, 17.41226577758789, 16.730777740478516, 13.69908332824707, 11.974247932434082, 12.264132499694824, 13.988489151000977, 11.143521308898926, 8.212048530578613, 5.512969017028809, 6.586528778076172, 6.475613594055176, 4.243935585021973, 3.602130889892578], "var": [5.826466083526611, 13.719156265258789, 4.691837310791016, 26.626123428344727, 9.002237319946289, 51.02402114868164, 32.823486328125, 23.684457778930664, 17.239315032958984, 38.00017166137695, 37.71170425415039, 13.279679298400879, 7.402223110198975, 17.258861541748047, 43.9537239074707, 8.039556503295898, 9.522943496704102, 55.699344635009766, 90.19169616699219, 50.25820541381836, 27.517210006713867, 8.247403144836426, 12.317343711853027, 6.825005531311035, 13.834281921386719, 12.583831787109375, 5.41042423248291, 11.505607604980469, 17.285614013671875, 7.100801467895508, 6.852883338928223, 12.904626846313477, 20.627958297729492, 28.90093421936035, 48.83271408081055, 49.07672882080078, 215.4866180419922, 29.4043025970459, 15.859355926513672, 59.52738952636719, 53.992401123046875, 137.1367645263672, 45.68776321411133, 85.51080322265625, 113.37004089355469, 63.333866119384766, 84.80540466308594, 273.4884338378906, 206.30982971191406, 137.6309051513672, 118.51697540283203, 42.375553131103516, 127.2035903930664, 141.54139709472656, 73.74474334716797, 73.14026641845703, 73.19712829589844, 217.73411560058594, 100.11833953857422, 83.2877197265625, 208.38510131835938, 126.85517120361328, 58.642059326171875, 71.08512878417969, 40.47509765625, 99.08924102783203, 66.85868835449219, 63.068206787109375, 35.613990783691406, 11.704967498779297, 21.442447662353516, 59.69108581542969, 21.235946655273438, 36.339290618896484, 20.832860946655273, 12.530290603637695, 28.046913146972656, 7.160998821258545, 9.332758903503418, 19.680484771728516, 12.458111763000488, 11.119702339172363, 13.913496971130371, 12.561983108520508, 3.4729795455932617, 17.361637115478516, 12.948953628540039, 25.46253204345703, 13.949246406555176, 42.404296875, 10.448955535888672, 7.175551891326904, 50.945411682128906, 21.91986656188965, 24.2371826171875, 32.3638916015625, 27.97357177734375, 12.445341110229492, 2.3759090900421143, 14.696677207946777, 3.8414368629455566, 5.260314464569092, 2.930753707885742, 5.1205267906188965, 16.212894439697266, 1.0030866861343384, 2.695589303970337, 1.458198070526123, 1.6737029552459717, 0.7882801294326782, 1.5720220804214478, 1.6082262992858887, 1.9078329801559448, 2.009812831878662, 1.3515312671661377, 0.8896303176879883, 1.4724056720733643, 0.9696957468986511, 0.8230302929878235, 1.5882248878479004, 0.28245481848716736, 0.43162763118743896, 0.5363162159919739, 0.11626763641834259, 0.3183867335319519], "true": [120.0, 120.0, 120.0, 120.0, 120.0, 119.0, 118.0, 117.0, 116.0, 115.0, 114.0, 113.0, 112.0, 111.0, 110.0, 109.0, 108.0, 107.0, 106.0, 105.0, 104.0, 103.0, 102.0, 101.0, 100.0, 99.0, 98.0, 97.0, 96.0, 95.0, 94.0, 93.0, 92.0, 91.0, 90.0, 89.0, 88.0, 87.0, 86.0, 85.0, 84.0, 83.0, 82.0, 81.0, 80.0, 79.0, 78.0, 77.0, 76.0, 75.0, 74.0, 73.0, 72.0, 71.0, 70.0, 69.0, 68.0, 67.0, 66.0, 65.0, 64.0, 63.0, 62.0, 61.0, 60.0, 59.0, 58.0, 57.0, 56.0, 55.0, 54.0, 53.0, 52.0, 51.0, 50.0, 49.0, 48.0, 47.0, 46.0, 45.0, 44.0, 43.0, 42.0, 41.0, 40.0, 39.0, 38.0, 37.0, 36.0, 35.0, 34.0, 33.0, 32.0, 31.0, 30.0, 29.0, 28.0, 27.0, 26.0, 25.0, 24.0, 23.0, 22.0, 21.0, 20.0, 19.0, 18.0, 17.0, 16.0, 15.0, 14.0, 13.0, 12.0, 11.0, 10.0, 9.0, 8.0, 7.0, 6.0, 5.0, 4.0, 3.0, 2.0, 1.0, 0.0], "RMSE": 14.28}