{"mean": [121.8201904296875, 122.167236328125, 122.11275482177734, 122.67198181152344, 120.8456802368164, 122.0970458984375, 119.70960998535156, 123.9156723022461, 122.6177978515625, 122.93997955322266, 122.5239486694336, 122.78352355957031, 120.27105712890625, 120.5988540649414, 121.28997802734375, 121.03059387207031, 119.13045501708984, 118.65999603271484, 120.44099426269531, 119.22135925292969, 122.233642578125, 122.3813705444336, 121.38578796386719, 120.83872985839844, 120.80889892578125, 121.55760192871094, 120.252197265625, 119.92440032958984, 120.4014663696289, 119.7558364868164, 121.5635757446289, 120.45695495605469, 120.14399719238281, 116.6270523071289, 117.14601135253906, 117.06404876708984, 114.8945083618164, 115.05859375, 115.7579574584961, 114.26395416259766, 111.37288665771484, 115.10089111328125, 111.82548522949219, 108.24281311035156, 109.8541259765625, 106.44517517089844, 105.7804183959961, 106.53996276855469, 103.94279479980469, 106.54002380371094, 98.55376434326172, 105.82182312011719, 96.3270492553711, 97.14620208740234, 90.94371032714844, 86.39627838134766, 87.55787658691406, 84.52275848388672, 85.38033294677734, 74.91679382324219, 78.88602447509766, 77.07218933105469, 73.97596740722656, 74.38397979736328, 76.3438720703125, 68.40254974365234, 62.5217399597168, 63.842140197753906, 66.64540100097656, 68.88825988769531, 70.81562805175781, 71.55836486816406, 65.1080322265625, 70.0601806640625, 70.3803482055664, 69.03596496582031, 66.73731994628906, 57.654502868652344, 55.88762283325195, 61.19145965576172, 59.16210174560547, 57.517173767089844, 51.986900329589844, 53.07757568359375, 49.53364181518555, 56.38146209716797, 49.292842864990234, 49.12140655517578, 48.824432373046875, 47.76201248168945, 47.297874450683594, 46.80531311035156, 42.650062561035156, 48.184871673583984, 43.752357482910156, 42.45085144042969, 40.13985061645508, 42.99616241455078, 39.39430618286133, 42.63825607299805, 43.966819763183594, 40.312931060791016, 38.85321044921875, 33.51131820678711, 31.63222312927246, 29.959415435791016, 27.698261260986328, 25.077838897705078, 24.670894622802734, 22.769630432128906, 22.48418617248535, 21.13766860961914, 17.767765045166016, 17.65932846069336, 20.100574493408203, 18.014280319213867, 17.79013442993164, 16.06760025024414, 14.771435737609863, 13.344271659851074, 10.267332077026367, 8.940942764282227, 7.237151145935059, 4.957037925720215, 4.173713684082031], "var": [6.000763416290283, 4.128299236297607, 7.782634735107422, 6.331838130950928, 9.943344116210938, 7.528383731842041, 12.323244094848633, 11.142230033874512, 5.006680488586426, 7.098040580749512, 8.984835624694824, 11.250499725341797, 3.1103334426879883, 7.823754787445068, 9.362868309020996, 8.190271377563477, 4.772976875305176, 7.017848014831543, 29.01609992980957, 8.974505424499512, 5.479428768157959, 4.845492839813232, 14.385552406311035, 10.976263046264648, 4.6788811683654785, 4.0519866943359375, 7.938934326171875, 8.001992225646973, 4.892383575439453, 3.723667621612549, 3.650660991668701, 15.148963928222656, 13.684345245361328, 10.070401191711426, 7.782822132110596, 20.104843139648438, 8.182419776916504, 13.043927192687988, 10.676512718200684, 12.538922309875488, 12.12216854095459, 18.752948760986328, 14.117609977722168, 42.41903305053711, 61.39148712158203, 19.772397994995117, 60.17018127441406, 88.44017028808594, 94.83650970458984, 96.36980438232422, 130.42286682128906, 55.262001037597656, 83.95085144042969, 145.04861450195312, 80.20864868164062, 93.80609130859375, 149.6665496826172, 87.17906951904297, 61.11199188232422, 31.577611923217773, 94.14543151855469, 84.58320617675781, 63.34796142578125, 82.80493927001953, 110.1201171875, 26.772348403930664, 9.198689460754395, 34.796443939208984, 30.4150447845459, 40.26088333129883, 43.90583801269531, 40.75458526611328, 23.43372917175293, 157.89453125, 123.82197570800781, 167.40805053710938, 53.35140609741211, 23.37604331970215, 35.81098937988281, 42.002037048339844, 47.964969635009766, 61.674930572509766, 20.226272583007812, 19.83727264404297, 11.06932258605957, 62.1734733581543, 6.102299213409424, 16.28537940979004, 12.908059120178223, 12.687702178955078, 25.40028190612793, 21.977615356445312, 5.160322666168213, 23.37962532043457, 9.431459426879883, 17.558135986328125, 24.967870712280273, 14.237041473388672, 20.106054306030273, 16.21157455444336, 17.403118133544922, 21.317792892456055, 11.554941177368164, 3.9509811401367188, 3.4111335277557373, 3.8321309089660645, 3.7769455909729004, 0.98216313123703, 1.313178539276123, 2.3010895252227783, 1.5486599206924438, 3.7292473316192627, 1.0936014652252197, 0.9737547039985657, 1.3156951665878296, 1.3389393091201782, 1.5163192749023438, 0.5455755591392517, 0.7708107233047485, 0.9570093750953674, 0.8583428263664246, 0.6323013305664062, 1.0402109622955322, 1.1842377185821533, 0.5175668001174927], "true": [120.0, 120.0, 120.0, 120.0, 120.0, 119.0, 118.0, 117.0, 116.0, 115.0, 114.0, 113.0, 112.0, 111.0, 110.0, 109.0, 108.0, 107.0, 106.0, 105.0, 104.0, 103.0, 102.0, 101.0, 100.0, 99.0, 98.0, 97.0, 96.0, 95.0, 94.0, 93.0, 92.0, 91.0, 90.0, 89.0, 88.0, 87.0, 86.0, 85.0, 84.0, 83.0, 82.0, 81.0, 80.0, 79.0, 78.0, 77.0, 76.0, 75.0, 74.0, 73.0, 72.0, 71.0, 70.0, 69.0, 68.0, 67.0, 66.0, 65.0, 64.0, 63.0, 62.0, 61.0, 60.0, 59.0, 58.0, 57.0, 56.0, 55.0, 54.0, 53.0, 52.0, 51.0, 50.0, 49.0, 48.0, 47.0, 46.0, 45.0, 44.0, 43.0, 42.0, 41.0, 40.0, 39.0, 38.0, 37.0, 36.0, 35.0, 34.0, 33.0, 32.0, 31.0, 30.0, 29.0, 28.0, 27.0, 26.0, 25.0, 24.0, 23.0, 22.0, 21.0, 20.0, 19.0, 18.0, 17.0, 16.0, 15.0, 14.0, 13.0, 12.0, 11.0, 10.0, 9.0, 8.0, 7.0, 6.0, 5.0, 4.0, 3.0, 2.0, 1.0, 0.0], "RMSE": 17.37}