{"mean": [116.75370025634766, 112.24212646484375, 115.8152084350586, 114.6150894165039, 115.8038101196289, 116.70146179199219, 112.34220886230469, 113.9456787109375, 114.5230941772461, 113.10295104980469, 112.24723052978516, 111.54891204833984, 114.09175872802734, 114.91986083984375, 113.7585678100586, 113.61299133300781, 110.7546157836914, 111.17791748046875, 112.6509780883789, 114.02091217041016, 111.72103118896484, 112.4088134765625, 111.7050552368164, 113.02162170410156, 107.44746398925781, 110.33305358886719, 111.66302490234375, 110.6895751953125, 107.71003723144531, 110.15647888183594, 109.2864761352539, 108.33302307128906, 107.52010345458984, 106.61479187011719, 108.3950424194336, 106.64350891113281, 111.38165283203125, 104.81163024902344, 106.1292495727539, 110.88773345947266, 99.2933578491211, 107.89276123046875, 102.3790054321289, 94.94952392578125, 107.89697265625, 104.141845703125, 98.82554626464844, 100.0950698852539, 95.10247802734375, 96.40885925292969, 91.7515869140625, 93.12958526611328, 91.7410659790039, 87.28092956542969, 84.64413452148438, 88.86392211914062, 89.8426742553711, 80.41096496582031, 80.24787902832031, 82.8439712524414, 72.06975555419922, 86.23402404785156, 71.16032409667969, 67.5313491821289, 68.59574890136719, 80.82876586914062, 68.46295166015625, 77.82305908203125, 72.35192108154297, 63.9820556640625, 67.37074279785156, 62.45067596435547, 76.1085205078125, 61.41260528564453, 59.581024169921875, 58.1934814453125, 55.74213409423828, 53.010475158691406, 54.53160858154297, 60.377647399902344, 49.227848052978516, 51.70221710205078, 49.86894226074219, 48.29203414916992, 47.963661193847656, 43.668235778808594, 41.31723403930664, 39.8871955871582, 40.26637649536133, 38.07019805908203, 37.152557373046875, 37.77186584472656, 38.05590057373047, 34.85999298095703, 35.82024383544922, 35.301551818847656, 34.18158721923828, 32.77281188964844, 32.06303405761719, 31.737539291381836, 30.315353393554688, 29.221593856811523, 28.529857635498047, 27.86106300354004, 28.052820205688477, 26.272653579711914, 26.353626251220703, 26.34487533569336, 24.583364486694336, 23.112314224243164, 22.537914276123047, 21.032760620117188, 19.2108097076416, 18.585481643676758, 16.766338348388672, 15.999170303344727, 14.782312393188477, 13.24052906036377, 12.032063484191895, 9.848702430725098, 8.405644416809082, 7.947711944580078, 6.001441955566406, 4.761418342590332, 3.6857762336730957, 3.1680474281311035], "var": [32.12696838378906, 36.10254669189453, 5.913771629333496, 28.169832229614258, 24.87630844116211, 29.48004150390625, 31.735036849975586, 11.889336585998535, 29.567230224609375, 19.19987678527832, 22.619319915771484, 10.693585395812988, 32.44709014892578, 2.966845989227295, 36.55631637573242, 21.957714080810547, 13.15188980102539, 37.064552307128906, 10.016003608703613, 21.56710433959961, 28.729835510253906, 35.11177062988281, 20.846071243286133, 47.502159118652344, 31.88620948791504, 17.079639434814453, 27.401491165161133, 53.91313552856445, 59.16133117675781, 33.60025405883789, 27.48322868347168, 41.16854476928711, 47.39188003540039, 102.45012664794922, 4.811197757720947, 69.07262420654297, 45.318233489990234, 65.3136978149414, 94.14927673339844, 83.18500518798828, 145.85543823242188, 79.85189819335938, 93.42266082763672, 104.24127960205078, 39.0416259765625, 52.57783889770508, 83.71846008300781, 55.800289154052734, 147.22291564941406, 135.80715942382812, 117.75688171386719, 181.3387451171875, 150.41464233398438, 205.86746215820312, 109.31117248535156, 180.7514190673828, 204.65487670898438, 192.13426208496094, 200.13499450683594, 237.96463012695312, 173.08714294433594, 370.8338928222656, 80.17999267578125, 107.90718078613281, 110.8968276977539, 124.07852935791016, 82.49314880371094, 221.98458862304688, 259.37945556640625, 70.49417114257812, 104.575927734375, 96.77378845214844, 152.97811889648438, 119.66934967041016, 16.63703155517578, 34.4967155456543, 58.83848571777344, 68.67240905761719, 59.9273796081543, 136.1479949951172, 41.91374588012695, 89.20791625976562, 51.93818283081055, 22.081026077270508, 42.8486442565918, 38.443702697753906, 19.63663101196289, 12.767423629760742, 16.42730140686035, 8.482723236083984, 14.855646133422852, 2.416210651397705, 27.051057815551758, 5.219562530517578, 5.205101013183594, 14.637335777282715, 10.324593544006348, 3.403057813644409, 3.7872393131256104, 1.994860053062439, 3.3497612476348877, 5.896784782409668, 7.293889045715332, 2.4576539993286133, 4.8734588623046875, 4.125518798828125, 3.01454758644104, 2.364703416824341, 1.2756048440933228, 1.2245323657989502, 0.9533807635307312, 2.7057528495788574, 0.49784329533576965, 1.7282153367996216, 0.35876011848449707, 1.6862308979034424, 0.47912606596946716, 0.5023360252380371, 0.93940669298172, 0.8069049715995789, 0.7976760268211365, 0.6861331462860107, 0.5481647253036499, 0.4796319305896759, 0.3503907322883606, 0.2609005868434906], "true": [120.0, 120.0, 120.0, 120.0, 120.0, 120.0, 119.0, 118.0, 117.0, 116.0, 115.0, 114.0, 113.0, 112.0, 111.0, 110.0, 109.0, 108.0, 107.0, 106.0, 105.0, 104.0, 103.0, 102.0, 101.0, 100.0, 99.0, 98.0, 97.0, 96.0, 95.0, 94.0, 93.0, 92.0, 91.0, 90.0, 89.0, 88.0, 87.0, 86.0, 85.0, 84.0, 83.0, 82.0, 81.0, 80.0, 79.0, 78.0, 77.0, 76.0, 75.0, 74.0, 73.0, 72.0, 71.0, 70.0, 69.0, 68.0, 67.0, 66.0, 65.0, 64.0, 63.0, 62.0, 61.0, 60.0, 59.0, 58.0, 57.0, 56.0, 55.0, 54.0, 53.0, 52.0, 51.0, 50.0, 49.0, 48.0, 47.0, 46.0, 45.0, 44.0, 43.0, 42.0, 41.0, 40.0, 39.0, 38.0, 37.0, 36.0, 35.0, 34.0, 33.0, 32.0, 31.0, 30.0, 29.0, 28.0, 27.0, 26.0, 25.0, 24.0, 23.0, 22.0, 21.0, 20.0, 19.0, 18.0, 17.0, 16.0, 15.0, 14.0, 13.0, 12.0, 11.0, 10.0, 9.0, 8.0, 7.0, 6.0, 5.0, 4.0, 3.0, 2.0, 1.0, 0.0], "RMSE": 11.37}