{"mean": [112.1965103149414, 109.14205169677734, 110.651611328125, 112.0207290649414, 109.52082824707031, 106.44661712646484, 108.13386535644531, 109.00858306884766, 104.38722229003906, 107.1296157836914, 104.71402740478516, 106.10066223144531, 98.03421783447266, 104.56678771972656, 100.54345703125, 103.79020690917969, 96.66285705566406, 99.18449401855469, 100.50941467285156, 96.48383331298828, 94.05081176757812, 93.22335815429688, 94.02326965332031, 89.92143249511719, 94.0620346069336, 94.33541107177734, 94.81446075439453, 92.30339050292969, 90.44216918945312, 93.1480484008789, 92.67333984375, 95.50132751464844, 88.93315887451172, 92.62804412841797, 84.71720886230469, 84.6887435913086, 86.31809997558594, 83.64674377441406, 86.53410339355469, 82.44064331054688, 78.17802429199219, 89.5863037109375, 89.08728790283203, 85.4522705078125, 79.03548431396484, 77.4970474243164, 73.27511596679688, 77.57008361816406, 72.70442199707031, 77.40441131591797, 74.16886138916016, 74.2773666381836, 69.93963623046875, 68.31197357177734, 76.5595703125, 72.8603744506836, 68.78331756591797, 65.60657501220703, 61.71870040893555, 59.352317810058594, 65.05438232421875, 56.0437126159668, 58.659934997558594, 55.32025146484375, 53.483787536621094, 54.48242950439453, 50.35581588745117, 51.42436599731445, 45.31053924560547, 45.38848876953125, 43.6526985168457, 42.971492767333984, 39.63060760498047, 40.32949447631836, 39.98576736450195, 38.698787689208984, 37.77690887451172, 36.169010162353516, 33.08417892456055, 31.95429039001465, 31.236248016357422, 29.355648040771484, 29.191329956054688, 28.1812744140625, 25.65537452697754, 25.193105697631836, 24.84225082397461, 23.48271942138672, 23.062299728393555, 22.170246124267578, 20.6492862701416, 20.204822540283203, 18.464401245117188, 17.426733016967773, 16.140426635742188, 14.951726913452148, 12.948637008666992, 12.321489334106445, 11.235225677490234, 9.890047073364258, 8.688936233520508, 6.771252632141113, 5.613558292388916, 4.723657608032227, 2.8982772827148438, 2.2923061847686768], "var": [23.868566513061523, 23.020883560180664, 18.422286987304688, 51.71337890625, 21.591344833374023, 24.735061645507812, 32.08993148803711, 24.643056869506836, 24.032529830932617, 32.46780014038086, 62.446319580078125, 49.103126525878906, 72.08859252929688, 119.92253875732422, 61.85226821899414, 59.8714714050293, 82.9563980102539, 221.5601348876953, 51.41641616821289, 102.31498718261719, 78.03466033935547, 152.81460571289062, 79.25155639648438, 271.59759521484375, 159.8086700439453, 145.57862854003906, 109.77391052246094, 83.72274780273438, 308.7252502441406, 135.86288452148438, 232.1661376953125, 250.97854614257812, 154.0843505859375, 114.71260833740234, 357.9274597167969, 129.43724060058594, 148.8085174560547, 369.7273864746094, 328.26202392578125, 303.383056640625, 64.2332992553711, 104.83068084716797, 151.65866088867188, 242.7115020751953, 175.6355438232422, 147.88540649414062, 147.15113830566406, 119.29730224609375, 80.7396240234375, 177.29409790039062, 80.19945526123047, 290.0858459472656, 144.80296325683594, 115.04106903076172, 151.8119659423828, 86.1800765991211, 121.81737518310547, 100.9957046508789, 124.06422424316406, 104.41462707519531, 142.6937713623047, 65.94120788574219, 77.00836944580078, 32.05306625366211, 104.73924255371094, 47.8855094909668, 44.255714416503906, 94.67041778564453, 22.22685432434082, 23.999042510986328, 7.8377485275268555, 20.7334041595459, 23.505489349365234, 14.118486404418945, 4.035149574279785, 11.081192970275879, 6.416759014129639, 2.4065983295440674, 1.5954103469848633, 1.9292696714401245, 2.1402716636657715, 3.3415746688842773, 2.570233106613159, 4.3467817306518555, 3.503138542175293, 4.073731899261475, 2.3242714405059814, 0.7141595482826233, 2.673898220062256, 2.276639938354492, 1.2898868322372437, 1.0779902935028076, 0.7763201594352722, 0.7148531079292297, 1.0344464778900146, 0.5128421187400818, 0.5469515323638916, 0.42252272367477417, 1.293763518333435, 0.47930583357810974, 0.35186219215393066, 0.08590072393417358, 0.347364604473114, 0.6510495543479919, 0.28192031383514404, 0.7520138621330261], "true": [105.0, 104.0, 103.0, 102.0, 101.0, 100.0, 99.0, 98.0, 97.0, 96.0, 95.0, 94.0, 93.0, 92.0, 91.0, 90.0, 89.0, 88.0, 87.0, 86.0, 85.0, 84.0, 83.0, 82.0, 81.0, 80.0, 79.0, 78.0, 77.0, 76.0, 75.0, 74.0, 73.0, 72.0, 71.0, 70.0, 69.0, 68.0, 67.0, 66.0, 65.0, 64.0, 63.0, 62.0, 61.0, 60.0, 59.0, 58.0, 57.0, 56.0, 55.0, 54.0, 53.0, 52.0, 51.0, 50.0, 49.0, 48.0, 47.0, 46.0, 45.0, 44.0, 43.0, 42.0, 41.0, 40.0, 39.0, 38.0, 37.0, 36.0, 35.0, 34.0, 33.0, 32.0, 31.0, 30.0, 29.0, 28.0, 27.0, 26.0, 25.0, 24.0, 23.0, 22.0, 21.0, 20.0, 19.0, 18.0, 17.0, 16.0, 15.0, 14.0, 13.0, 12.0, 11.0, 10.0, 9.0, 8.0, 7.0, 6.0, 5.0, 4.0, 3.0, 2.0, 1.0, 0.0], "RMSE": 12.77}