{"mean": [119.86354064941406, 119.8033676147461, 118.38482666015625, 117.71685791015625, 117.65476989746094, 117.18101501464844, 120.89787292480469, 115.5055923461914, 117.05909729003906, 116.86164855957031, 118.01590728759766, 116.31596374511719, 118.54386901855469, 115.55815124511719, 116.24385070800781, 113.66087341308594, 115.90348815917969, 117.0980453491211, 113.92250061035156, 111.53177642822266, 110.82635498046875, 108.90895080566406, 111.58662414550781, 109.4489517211914, 112.46128845214844, 110.27055358886719, 107.569091796875, 108.73514556884766, 107.92189025878906, 102.37918853759766, 104.52375793457031, 107.77703857421875, 105.86927795410156, 105.39472961425781, 101.47264099121094, 100.22950744628906, 99.73197937011719, 101.40032196044922, 96.57229614257812, 95.8608169555664, 95.87445831298828, 93.35697937011719, 93.24097442626953, 91.36192321777344, 90.53782653808594, 98.94833374023438, 91.59257507324219, 90.8213882446289, 84.82533264160156, 80.55923461914062, 86.84373474121094, 78.29151916503906, 83.67440032958984, 75.08335876464844, 77.85627746582031, 70.56364440917969, 75.93944549560547, 76.00849151611328, 73.62086486816406, 81.7754898071289, 74.51251220703125, 69.69522857666016, 66.6456298828125, 70.8279037475586, 67.11278533935547, 66.55818939208984, 67.39380645751953, 65.7274398803711, 57.33189010620117, 61.085548400878906, 60.107765197753906, 54.31321334838867, 62.97972869873047, 58.647430419921875, 56.87541961669922, 54.6275749206543, 53.57715606689453, 52.934608459472656, 48.476104736328125, 45.83324432373047, 48.40339660644531, 48.38084030151367, 45.16875457763672, 44.37899398803711, 42.82884979248047, 41.25703811645508, 41.83257293701172, 39.54163360595703, 38.19644546508789, 38.26082229614258, 37.132896423339844, 38.900394439697266, 35.13813781738281, 34.292388916015625, 33.85469436645508, 31.673969268798828, 33.311973571777344, 31.000041961669922, 28.712631225585938, 29.121295928955078, 27.11785316467285, 28.863666534423828, 26.099323272705078, 26.00986671447754, 24.681079864501953, 23.839269638061523, 24.012258529663086, 22.928165435791016, 22.087139129638672, 20.245630264282227, 19.673870086669922, 18.725563049316406, 17.59593963623047, 16.02461814880371, 15.929374694824219, 14.010786056518555, 12.546186447143555, 12.07926082611084, 10.978839874267578, 9.588698387145996, 8.51136302947998, 7.350244998931885, 6.068209171295166, 4.530016899108887, 3.483281373977661, 2.7880470752716064, 1.6730451583862305], "var": [20.211139678955078, 13.584183692932129, 25.503280639648438, 16.32004737854004, 11.614456176757812, 11.922147750854492, 6.697515964508057, 12.406192779541016, 11.08026123046875, 31.175260543823242, 10.568385124206543, 29.695283889770508, 12.765205383300781, 21.85094451904297, 28.50349235534668, 19.909473419189453, 14.98984146118164, 10.871969223022461, 13.664871215820312, 19.45858383178711, 22.859386444091797, 32.686302185058594, 30.629741668701172, 17.584671020507812, 32.03557205200195, 24.202970504760742, 37.120792388916016, 29.942163467407227, 62.93377685546875, 17.310073852539062, 29.966720581054688, 16.039901733398438, 69.01529693603516, 88.96884155273438, 109.31031799316406, 94.56712341308594, 70.443359375, 67.73172760009766, 66.32093048095703, 77.90040588378906, 134.97613525390625, 160.46304321289062, 43.79642868041992, 118.9729995727539, 175.08163452148438, 160.5663299560547, 158.9534454345703, 223.60865783691406, 175.5886688232422, 106.81410217285156, 93.26002502441406, 142.42967224121094, 211.05804443359375, 214.41387939453125, 234.77359008789062, 201.85826110839844, 225.7276153564453, 78.4031982421875, 167.7469024658203, 137.6100616455078, 151.85743713378906, 181.78244018554688, 127.38935089111328, 175.2342071533203, 130.72152709960938, 100.22193908691406, 168.03695678710938, 137.78538513183594, 102.52174377441406, 65.94658660888672, 52.73142623901367, 65.86868286132812, 130.05239868164062, 35.88790512084961, 73.47404479980469, 149.2914276123047, 37.35740280151367, 51.7063102722168, 40.63969039916992, 14.475423812866211, 40.5793571472168, 53.94285202026367, 22.45330047607422, 40.268470764160156, 22.717626571655273, 23.578889846801758, 25.961910247802734, 29.90167808532715, 8.579354286193848, 11.492264747619629, 13.252750396728516, 12.852877616882324, 3.2957053184509277, 5.499205589294434, 4.226401329040527, 3.785221576690674, 4.006285190582275, 3.212095260620117, 5.3738298416137695, 7.606895446777344, 4.057974815368652, 6.120333671569824, 4.0723700523376465, 4.4099225997924805, 3.212831735610962, 1.7582427263259888, 1.5180319547653198, 2.812378168106079, 1.483727216720581, 1.4292546510696411, 1.0140340328216553, 0.9950050115585327, 0.43037182092666626, 1.280310869216919, 0.5256945490837097, 0.9793269038200378, 0.5868470072746277, 0.8795836567878723, 0.9735962748527527, 0.34035927057266235, 0.5326815247535706, 0.49621692299842834, 0.2951357662677765, 0.4949660897254944, 0.3295646905899048, 0.451846718788147, 0.21029241383075714], "true": [120.0, 120.0, 120.0, 120.0, 120.0, 120.0, 120.0, 119.0, 118.0, 117.0, 116.0, 115.0, 114.0, 113.0, 112.0, 111.0, 110.0, 109.0, 108.0, 107.0, 106.0, 105.0, 104.0, 103.0, 102.0, 101.0, 100.0, 99.0, 98.0, 97.0, 96.0, 95.0, 94.0, 93.0, 92.0, 91.0, 90.0, 89.0, 88.0, 87.0, 86.0, 85.0, 84.0, 83.0, 82.0, 81.0, 80.0, 79.0, 78.0, 77.0, 76.0, 75.0, 74.0, 73.0, 72.0, 71.0, 70.0, 69.0, 68.0, 67.0, 66.0, 65.0, 64.0, 63.0, 62.0, 61.0, 60.0, 59.0, 58.0, 57.0, 56.0, 55.0, 54.0, 53.0, 52.0, 51.0, 50.0, 49.0, 48.0, 47.0, 46.0, 45.0, 44.0, 43.0, 42.0, 41.0, 40.0, 39.0, 38.0, 37.0, 36.0, 35.0, 34.0, 33.0, 32.0, 31.0, 30.0, 29.0, 28.0, 27.0, 26.0, 25.0, 24.0, 23.0, 22.0, 21.0, 20.0, 19.0, 18.0, 17.0, 16.0, 15.0, 14.0, 13.0, 12.0, 11.0, 10.0, 9.0, 8.0, 7.0, 6.0, 5.0, 4.0, 3.0, 2.0, 1.0, 0.0], "RMSE": 5.92}