{"mean": [118.85643005371094, 117.50254821777344, 117.55863952636719, 117.03681945800781, 117.91451263427734, 120.4776840209961, 116.8343505859375, 118.5131607055664, 118.58585357666016, 117.07862854003906, 115.25355529785156, 115.78240966796875, 117.25286865234375, 118.16414642333984, 114.7149429321289, 116.87336730957031, 118.79966735839844, 115.81298828125, 118.1458969116211, 116.31797790527344, 116.81417083740234, 116.71806335449219, 119.56270599365234, 115.33848571777344, 110.92539978027344, 113.09361267089844, 117.90975189208984, 116.37385559082031, 113.75752258300781, 117.8495864868164, 112.8863296508789, 114.63856506347656, 109.33268737792969, 114.25202941894531, 116.49522399902344, 109.91221618652344, 112.95037841796875, 108.54942321777344, 111.4294662475586, 109.55107116699219, 105.4593276977539, 107.4017562866211, 106.390625, 104.2238998413086, 109.9554214477539, 108.07704162597656, 102.03058624267578, 102.93257904052734, 104.68830871582031, 101.37498474121094, 91.28878021240234, 96.70967102050781, 89.6544418334961, 89.50129699707031, 88.96772766113281, 90.85579681396484, 92.59062957763672, 82.1460189819336, 79.7684097290039, 84.22576141357422, 69.11033630371094, 77.75993347167969, 68.8305435180664, 65.8511962890625, 72.7884292602539, 73.65266418457031, 63.201873779296875, 64.49122619628906, 65.07874298095703, 61.792030334472656, 57.54083251953125, 55.75928497314453, 60.25421905517578, 54.17653274536133, 52.99177932739258, 53.0362663269043, 50.20086669921875, 50.825069427490234, 48.021568298339844, 51.30188751220703, 43.34676742553711, 44.32033157348633, 45.8166389465332, 41.49140548706055, 42.45360565185547, 39.079254150390625, 36.86159133911133, 36.855445861816406, 35.768062591552734, 34.24289321899414, 34.65741729736328, 33.651222229003906, 32.42402267456055, 32.14336395263672, 30.835887908935547, 31.164886474609375, 28.568994522094727, 29.098094940185547, 27.414737701416016, 25.906723022460938, 25.061161041259766, 23.808412551879883, 23.19492530822754, 22.625102996826172, 21.43538475036621, 19.947843551635742, 18.845945358276367, 18.227432250976562, 18.56262969970703, 16.59133529663086, 16.450420379638672, 15.558225631713867, 14.795389175415039, 15.086761474609375, 13.54844856262207, 13.277849197387695, 12.928106307983398, 11.003007888793945, 11.53930377960205, 9.217504501342773, 8.315437316894531, 6.567099094390869, 5.365373611450195, 4.295975685119629, 3.26908802986145, 2.9142284393310547], "var": [21.0403995513916, 21.356792449951172, 13.200125694274902, 20.485206604003906, 25.366283416748047, 17.11119270324707, 54.460296630859375, 15.412094116210938, 23.556344985961914, 11.146388053894043, 22.95560646057129, 41.46657180786133, 41.98750305175781, 15.635605812072754, 27.431625366210938, 26.81999397277832, 16.357208251953125, 13.23055362701416, 38.6805305480957, 6.781808853149414, 41.66761016845703, 49.38505935668945, 26.424556732177734, 80.92033386230469, 69.05455780029297, 42.297725677490234, 44.72672653198242, 70.16912841796875, 34.98459243774414, 65.89153289794922, 59.87833023071289, 54.13206100463867, 159.24049377441406, 112.69470977783203, 55.566226959228516, 152.7713165283203, 52.41688919067383, 124.24717712402344, 282.9156494140625, 128.4652862548828, 181.8701171875, 153.87423706054688, 105.18175506591797, 231.05213928222656, 178.626220703125, 172.34498596191406, 166.20167541503906, 133.86175537109375, 94.82392883300781, 98.56631469726562, 404.77178955078125, 187.06861877441406, 178.69439697265625, 193.78077697753906, 221.5670928955078, 113.59253692626953, 109.64593505859375, 252.11021423339844, 73.50787353515625, 186.5827178955078, 73.16897583007812, 97.06578826904297, 43.43169403076172, 92.61590576171875, 117.50216674804688, 262.5190734863281, 83.68830108642578, 77.16365051269531, 177.400390625, 49.81675720214844, 32.003265380859375, 44.91569900512695, 71.9784164428711, 26.823686599731445, 14.738008499145508, 48.222991943359375, 23.05457878112793, 47.93452072143555, 21.325239181518555, 46.03351974487305, 11.128713607788086, 15.708952903747559, 24.76621437072754, 3.710373640060425, 4.960153579711914, 10.335504531860352, 11.477884292602539, 8.734164237976074, 4.729499340057373, 10.679734230041504, 6.669050216674805, 6.377254486083984, 7.30587911605835, 7.986905574798584, 3.538485527038574, 5.607847213745117, 4.8444976806640625, 8.316362380981445, 3.403355598449707, 6.045101165771484, 6.57870626449585, 8.963136672973633, 8.801836013793945, 4.254798412322998, 2.633289098739624, 1.6826488971710205, 2.107923984527588, 1.9875612258911133, 1.8730573654174805, 0.39527627825737, 1.3230737447738647, 1.9917749166488647, 1.1670773029327393, 1.8727062940597534, 1.2219661474227905, 1.1673212051391602, 0.6335236430168152, 0.45311596989631653, 1.2485480308532715, 0.12455148994922638, 0.9136097431182861, 1.0588982105255127, 0.49794089794158936, 0.5201812982559204, 0.765326738357544, 0.7964820265769958], "true": [120.0, 120.0, 120.0, 120.0, 120.0, 120.0, 119.0, 118.0, 117.0, 116.0, 115.0, 114.0, 113.0, 112.0, 111.0, 110.0, 109.0, 108.0, 107.0, 106.0, 105.0, 104.0, 103.0, 102.0, 101.0, 100.0, 99.0, 98.0, 97.0, 96.0, 95.0, 94.0, 93.0, 92.0, 91.0, 90.0, 89.0, 88.0, 87.0, 86.0, 85.0, 84.0, 83.0, 82.0, 81.0, 80.0, 79.0, 78.0, 77.0, 76.0, 75.0, 74.0, 73.0, 72.0, 71.0, 70.0, 69.0, 68.0, 67.0, 66.0, 65.0, 64.0, 63.0, 62.0, 61.0, 60.0, 59.0, 58.0, 57.0, 56.0, 55.0, 54.0, 53.0, 52.0, 51.0, 50.0, 49.0, 48.0, 47.0, 46.0, 45.0, 44.0, 43.0, 42.0, 41.0, 40.0, 39.0, 38.0, 37.0, 36.0, 35.0, 34.0, 33.0, 32.0, 31.0, 30.0, 29.0, 28.0, 27.0, 26.0, 25.0, 24.0, 23.0, 22.0, 21.0, 20.0, 19.0, 18.0, 17.0, 16.0, 15.0, 14.0, 13.0, 12.0, 11.0, 10.0, 9.0, 8.0, 7.0, 6.0, 5.0, 4.0, 3.0, 2.0, 1.0, 0.0], "RMSE": 12.06}