{"mean": [85.50160217285156, 82.51671600341797, 75.85873413085938, 78.83073425292969, 72.76573181152344, 77.10376739501953, 77.17597961425781, 76.61492919921875, 74.11683654785156, 75.27234649658203, 78.99482727050781, 74.42210388183594, 71.7613296508789, 71.61463165283203, 77.97245025634766, 80.33786010742188, 74.71832275390625, 77.9679946899414, 84.76893615722656, 78.74241638183594, 79.13774108886719, 78.55400085449219, 77.71446228027344, 77.24195861816406, 84.67300415039062, 89.76170349121094, 88.1267318725586, 75.06190490722656, 79.99398040771484, 81.44881439208984, 78.3890151977539, 79.96031188964844, 77.10851287841797, 85.3963394165039, 74.54739379882812, 75.40864562988281, 88.27826690673828, 76.7011489868164, 74.62417602539062, 73.72560119628906, 75.34241485595703, 77.36055755615234, 75.48243713378906, 74.57322692871094, 70.1095199584961, 70.35027313232422, 69.55807495117188, 68.72198486328125, 65.76838684082031, 63.7728271484375, 65.97135925292969, 62.5758056640625, 59.939300537109375, 59.316497802734375, 64.31212615966797, 64.62892150878906, 60.396202087402344, 56.18815994262695, 54.68871307373047, 53.646751403808594, 52.10074996948242, 46.370384216308594, 48.96232223510742, 44.22856903076172, 45.9525032043457, 44.98754119873047, 42.31184387207031, 41.64099884033203, 36.79717254638672, 38.75505828857422, 37.01407241821289, 34.929527282714844, 33.812156677246094, 34.22044372558594, 33.79156494140625, 33.2581672668457, 29.51682472229004, 27.623653411865234, 27.291223526000977, 27.023889541625977, 26.8244686126709, 24.861894607543945, 24.086936950683594, 22.643430709838867, 21.316024780273438, 19.571414947509766, 20.11676025390625, 19.58722686767578, 18.40161895751953, 17.62778091430664, 16.941539764404297, 16.748666763305664, 15.117831230163574, 15.475059509277344, 14.354512214660645, 13.526893615722656, 12.52157211303711, 11.489852905273438, 10.959993362426758, 9.236906051635742, 7.8388261795043945, 5.9369988441467285, 4.9893903732299805, 4.3295769691467285, 3.04323410987854, 2.068655014038086], "var": [149.2187042236328, 89.13035583496094, 140.41378784179688, 19.70517921447754, 78.06973266601562, 139.0778045654297, 144.63253784179688, 151.51138305664062, 316.43646240234375, 119.58181762695312, 179.96566772460938, 121.58534240722656, 129.22998046875, 47.46482849121094, 313.890380859375, 205.8579559326172, 172.92027282714844, 243.92442321777344, 171.75013732910156, 160.27001953125, 177.4078826904297, 87.32743072509766, 150.9794158935547, 139.7071533203125, 178.72833251953125, 322.4834289550781, 121.79805755615234, 69.4622573852539, 242.83773803710938, 222.12686157226562, 111.5025634765625, 97.58665466308594, 96.90342712402344, 243.5702362060547, 205.86019897460938, 76.97430419921875, 292.75421142578125, 168.04124450683594, 107.59788513183594, 152.24925231933594, 216.576416015625, 145.40472412109375, 94.19276428222656, 193.3668670654297, 142.0230255126953, 105.8056869506836, 63.36652374267578, 76.78058624267578, 115.06543731689453, 18.08723258972168, 64.37248992919922, 130.07705688476562, 48.17086410522461, 38.83216857910156, 63.37288284301758, 90.72274780273438, 70.56721496582031, 79.87374114990234, 58.13640594482422, 40.655574798583984, 62.603172302246094, 17.420806884765625, 37.170162200927734, 15.91806697845459, 65.2412109375, 53.83531188964844, 37.41443634033203, 41.556602478027344, 7.064934730529785, 20.55286979675293, 8.02619743347168, 17.385066986083984, 19.836620330810547, 16.103784561157227, 11.842191696166992, 4.970472812652588, 3.3361001014709473, 12.124675750732422, 5.355045795440674, 5.87939453125, 5.945518493652344, 0.9596265554428101, 2.989128589630127, 4.098531723022461, 1.8991897106170654, 2.006061553955078, 1.3754550218582153, 1.4815343618392944, 1.4855804443359375, 1.0864741802215576, 0.9385542273521423, 1.3760496377944946, 0.7101324796676636, 1.7501684427261353, 0.5714009404182434, 0.5773380994796753, 1.1039365530014038, 1.715852975845337, 1.4527174234390259, 1.4978649616241455, 1.3987486362457275, 0.29600220918655396, 1.2913151979446411, 1.0938007831573486, 0.6041401624679565, 0.4724825322628021], "true": [105.0, 104.0, 103.0, 102.0, 101.0, 100.0, 99.0, 98.0, 97.0, 96.0, 95.0, 94.0, 93.0, 92.0, 91.0, 90.0, 89.0, 88.0, 87.0, 86.0, 85.0, 84.0, 83.0, 82.0, 81.0, 80.0, 79.0, 78.0, 77.0, 76.0, 75.0, 74.0, 73.0, 72.0, 71.0, 70.0, 69.0, 68.0, 67.0, 66.0, 65.0, 64.0, 63.0, 62.0, 61.0, 60.0, 59.0, 58.0, 57.0, 56.0, 55.0, 54.0, 53.0, 52.0, 51.0, 50.0, 49.0, 48.0, 47.0, 46.0, 45.0, 44.0, 43.0, 42.0, 41.0, 40.0, 39.0, 38.0, 37.0, 36.0, 35.0, 34.0, 33.0, 32.0, 31.0, 30.0, 29.0, 28.0, 27.0, 26.0, 25.0, 24.0, 23.0, 22.0, 21.0, 20.0, 19.0, 18.0, 17.0, 16.0, 15.0, 14.0, 13.0, 12.0, 11.0, 10.0, 9.0, 8.0, 7.0, 6.0, 5.0, 4.0, 3.0, 2.0, 1.0, 0.0], "RMSE": 10.26}