{"mean": [115.82496643066406, 114.03199768066406, 112.33290100097656, 113.92041015625, 114.77923583984375, 112.4962387084961, 114.35980224609375, 111.13285064697266, 110.88163757324219, 109.83988189697266, 110.27862548828125, 110.22713470458984, 111.73016357421875, 112.1659164428711, 108.2679672241211, 109.09828186035156, 108.75716400146484, 109.1153335571289, 104.7159194946289, 99.69624328613281, 101.95396423339844, 105.1700210571289, 97.74646759033203, 102.19039916992188, 107.49871826171875, 103.05436706542969, 97.82215881347656, 105.0545883178711, 101.18387603759766, 95.6976318359375, 97.96842956542969, 94.738525390625, 98.2059097290039, 102.85533142089844, 97.75506591796875, 101.35997009277344, 94.2950210571289, 94.28900909423828, 93.8318099975586, 100.08831787109375, 90.3081283569336, 95.59605407714844, 95.9715805053711, 95.18370819091797, 96.24085998535156, 95.99836730957031, 94.06886291503906, 100.03558349609375, 91.84681701660156, 80.59382629394531, 85.14656066894531, 88.85563659667969, 96.63865661621094, 79.72386169433594, 85.7412338256836, 82.06507110595703, 79.02368927001953, 79.11116027832031, 66.4654312133789, 77.92405700683594, 73.51980590820312, 65.31367492675781, 64.22407531738281, 60.28907012939453, 63.48064041137695, 63.507965087890625, 61.627227783203125, 65.62555694580078, 55.65575408935547, 54.735313415527344, 57.64575958251953, 53.9562873840332, 55.84418487548828, 55.57313919067383, 52.64617156982422, 50.47633743286133, 47.781166076660156, 47.958003997802734, 43.15034103393555, 41.996063232421875, 44.454429626464844, 44.95999526977539, 40.57548141479492, 41.87272262573242, 39.04259490966797, 37.69035720825195, 39.01166915893555, 36.78496551513672, 35.80470657348633, 36.50507354736328, 35.42997360229492, 37.66791915893555, 33.35252380371094, 32.741966247558594, 32.596336364746094, 32.32157897949219, 30.595144271850586, 29.908645629882812, 28.27096176147461, 27.8161678314209, 25.662689208984375, 26.310998916625977, 23.52499771118164, 22.036304473876953, 21.645967483520508, 20.326419830322266, 19.897464752197266, 18.49620246887207, 18.470500946044922, 16.910303115844727, 17.26972770690918, 16.619735717773438, 15.728014945983887, 14.992422103881836, 14.858131408691406, 14.376386642456055, 12.100615501403809, 11.897178649902344, 11.034745216369629, 10.085028648376465, 8.450284957885742, 7.988272190093994, 6.157407760620117, 4.62935733795166, 3.512561082839966, 2.610943555831909, 1.6983671188354492], "var": [12.663786888122559, 25.884071350097656, 27.60077476501465, 22.94258689880371, 15.980304718017578, 18.76240348815918, 44.58024215698242, 18.330751419067383, 67.83460235595703, 27.0656681060791, 75.95491790771484, 97.11209106445312, 35.561004638671875, 15.49586296081543, 40.5886344909668, 26.518268585205078, 84.9757308959961, 42.59600067138672, 45.31313705444336, 203.62918090820312, 125.84323120117188, 97.21088409423828, 170.81854248046875, 142.21029663085938, 92.90563201904297, 139.43470764160156, 19.948400497436523, 48.0625114440918, 252.01910400390625, 84.18853759765625, 298.3274841308594, 69.06873321533203, 209.8128662109375, 146.28195190429688, 339.7021179199219, 175.95481872558594, 221.00758361816406, 162.41171264648438, 194.9423370361328, 186.46656799316406, 157.857177734375, 164.37222290039062, 237.7480010986328, 163.3422088623047, 338.32342529296875, 192.95652770996094, 154.5268096923828, 208.58038330078125, 280.7718505859375, 121.98712158203125, 201.82247924804688, 272.8655700683594, 145.63209533691406, 268.3304443359375, 180.2134246826172, 167.38648986816406, 280.9286193847656, 175.9594268798828, 25.613319396972656, 215.03782653808594, 54.828529357910156, 79.31278228759766, 78.12079620361328, 107.71134185791016, 144.54380798339844, 240.67144775390625, 70.41683959960938, 174.92576599121094, 52.42267608642578, 12.313440322875977, 87.8736572265625, 50.77788162231445, 233.06263732910156, 26.341047286987305, 42.16132736206055, 51.46881103515625, 14.47628402709961, 23.988256454467773, 43.101844787597656, 17.859405517578125, 48.295921325683594, 40.441036224365234, 9.940980911254883, 19.929155349731445, 6.287146091461182, 15.614357948303223, 22.338533401489258, 22.548410415649414, 12.30044937133789, 8.935086250305176, 7.428347587585449, 20.611448287963867, 6.161304950714111, 14.590529441833496, 4.447943210601807, 7.170997619628906, 6.730657577514648, 6.802660942077637, 8.219500541687012, 8.065080642700195, 5.579553604125977, 6.772319793701172, 3.0128562450408936, 4.690650939941406, 7.386800765991211, 1.2225492000579834, 6.50140905380249, 2.06289005279541, 1.5807092189788818, 1.4349689483642578, 1.6470487117767334, 2.0372045040130615, 0.9533028602600098, 0.4892842173576355, 1.0869547128677368, 0.8881828784942627, 1.9635100364685059, 1.517230749130249, 0.7248650789260864, 1.1412584781646729, 0.4813496172428131, 1.8354653120040894, 0.609937310218811, 0.5635024905204773, 0.37228819727897644, 0.7786749601364136, 0.20648883283138275], "true": [120.0, 120.0, 120.0, 120.0, 120.0, 120.0, 120.0, 119.0, 118.0, 117.0, 116.0, 115.0, 114.0, 113.0, 112.0, 111.0, 110.0, 109.0, 108.0, 107.0, 106.0, 105.0, 104.0, 103.0, 102.0, 101.0, 100.0, 99.0, 98.0, 97.0, 96.0, 95.0, 94.0, 93.0, 92.0, 91.0, 90.0, 89.0, 88.0, 87.0, 86.0, 85.0, 84.0, 83.0, 82.0, 81.0, 80.0, 79.0, 78.0, 77.0, 76.0, 75.0, 74.0, 73.0, 72.0, 71.0, 70.0, 69.0, 68.0, 67.0, 66.0, 65.0, 64.0, 63.0, 62.0, 61.0, 60.0, 59.0, 58.0, 57.0, 56.0, 55.0, 54.0, 53.0, 52.0, 51.0, 50.0, 49.0, 48.0, 47.0, 46.0, 45.0, 44.0, 43.0, 42.0, 41.0, 40.0, 39.0, 38.0, 37.0, 36.0, 35.0, 34.0, 33.0, 32.0, 31.0, 30.0, 29.0, 28.0, 27.0, 26.0, 25.0, 24.0, 23.0, 22.0, 21.0, 20.0, 19.0, 18.0, 17.0, 16.0, 15.0, 14.0, 13.0, 12.0, 11.0, 10.0, 9.0, 8.0, 7.0, 6.0, 5.0, 4.0, 3.0, 2.0, 1.0, 0.0], "RMSE": 6.1}