{"mean": [120.39080810546875, 117.58415222167969, 117.2664794921875, 121.2190170288086, 117.47171783447266, 120.3292465209961, 119.9980239868164, 120.27978515625, 117.22603607177734, 119.22322845458984, 119.201904296875, 114.61551666259766, 115.53277587890625, 118.34507751464844, 119.56608581542969, 114.78450775146484, 116.69621276855469, 115.29581451416016, 118.2381362915039, 118.06465911865234, 115.42948913574219, 119.0563735961914, 115.49922180175781, 113.4612808227539, 115.66142272949219, 112.01644134521484, 115.00529479980469, 120.15757751464844, 115.78233337402344, 116.70918273925781, 116.96673583984375, 115.93708801269531, 106.96119689941406, 114.74617004394531, 117.8119125366211, 115.10691833496094, 108.8504409790039, 114.07242584228516, 113.4961929321289, 108.6941146850586, 109.98709869384766, 106.77766418457031, 107.91676330566406, 115.60267639160156, 106.27723693847656, 106.17706298828125, 110.67240142822266, 107.18707275390625, 105.07774353027344, 106.05265808105469, 101.75357055664062, 100.28962707519531, 101.22240447998047, 103.40484619140625, 97.61089324951172, 97.90367126464844, 103.4820556640625, 92.57072448730469, 91.37686920166016, 89.44776153564453, 77.67316436767578, 85.16669464111328, 83.89635467529297, 84.59291076660156, 79.37728118896484, 78.19673919677734, 78.61314392089844, 75.84019470214844, 76.35877990722656, 68.0356674194336, 72.21937561035156, 68.73143005371094, 66.37347412109375, 60.32018280029297, 60.38463592529297, 59.09687042236328, 57.3880615234375, 58.871055603027344, 54.34807586669922, 52.84929275512695, 50.58046340942383, 52.216957092285156, 48.770545959472656, 51.370887756347656, 44.88062286376953, 44.72835159301758, 42.49256134033203, 43.28809356689453, 40.89958953857422, 40.24574661254883, 39.82365417480469, 38.53725051879883, 35.328189849853516, 35.833526611328125, 33.524173736572266, 32.04031753540039, 30.609210968017578, 30.641162872314453, 29.212352752685547, 27.77093505859375, 25.458606719970703, 24.089031219482422, 22.82480239868164, 21.247831344604492, 21.124013900756836, 19.54715919494629, 17.2894287109375, 17.024396896362305, 16.002826690673828, 14.401060104370117, 13.192955017089844, 13.003275871276855, 11.341911315917969, 11.641855239868164, 10.193551063537598, 9.316122055053711, 9.16832447052002, 8.259540557861328, 8.42395305633545, 6.574427127838135, 5.969228744506836, 4.57177734375, 3.7488205432891846, 3.3934531211853027, 2.0545272827148438, 1.9904571771621704], "var": [22.303672790527344, 24.582962036132812, 33.15930938720703, 9.02294635772705, 32.9080810546875, 38.78765869140625, 52.00656509399414, 12.944695472717285, 63.057926177978516, 75.85546112060547, 44.2974853515625, 21.261390686035156, 44.61327362060547, 40.67301940917969, 31.825359344482422, 72.72925567626953, 50.499114990234375, 46.05108642578125, 33.676605224609375, 37.65745544433594, 62.657684326171875, 36.0814323425293, 26.214820861816406, 75.93782043457031, 74.19171142578125, 35.55796813964844, 37.26457214355469, 37.87526321411133, 51.80704879760742, 54.6058235168457, 92.79295349121094, 69.18739318847656, 31.41840362548828, 27.937488555908203, 52.187984466552734, 26.046621322631836, 61.63089370727539, 104.02571105957031, 120.45016479492188, 142.87173461914062, 128.6656494140625, 133.7998504638672, 92.94297790527344, 53.936214447021484, 189.90728759765625, 53.98762512207031, 137.35592651367188, 175.20274353027344, 116.94635009765625, 156.371337890625, 262.07269287109375, 158.86041259765625, 256.3168640136719, 228.59909057617188, 159.08831787109375, 216.9851837158203, 166.60928344726562, 322.4290771484375, 143.54122924804688, 179.4353790283203, 81.6487808227539, 197.375244140625, 121.76128387451172, 131.75393676757812, 64.44371032714844, 144.2040252685547, 108.69471740722656, 44.10296630859375, 107.06537628173828, 63.926124572753906, 146.84823608398438, 59.95850372314453, 16.80339241027832, 16.97280502319336, 48.607364654541016, 72.73831176757812, 21.69783592224121, 49.97792434692383, 39.93500900268555, 49.49730682373047, 35.05336380004883, 34.37041091918945, 31.070402145385742, 18.408403396606445, 17.093812942504883, 16.350605010986328, 11.963011741638184, 22.035625457763672, 8.472702026367188, 18.993568420410156, 13.454275131225586, 7.631857872009277, 15.691356658935547, 25.28078269958496, 2.2208762168884277, 12.101415634155273, 5.512755870819092, 9.583141326904297, 4.03929328918457, 5.147543907165527, 3.437913417816162, 3.9383394718170166, 5.150791645050049, 2.053853750228882, 3.770735263824463, 1.4458037614822388, 1.6048768758773804, 2.721625566482544, 1.4725933074951172, 0.6065868735313416, 2.841620922088623, 2.404412031173706, 1.4862433671951294, 2.7675821781158447, 1.0138840675354004, 0.7248566746711731, 0.9292439818382263, 0.9524101614952087, 1.7893348932266235, 0.6889641880989075, 0.7178234457969666, 0.48147863149642944, 0.7212755680084229, 1.89753258228302, 0.696567177772522, 0.9343705177307129], "true": [120.0, 120.0, 120.0, 120.0, 120.0, 120.0, 119.0, 118.0, 117.0, 116.0, 115.0, 114.0, 113.0, 112.0, 111.0, 110.0, 109.0, 108.0, 107.0, 106.0, 105.0, 104.0, 103.0, 102.0, 101.0, 100.0, 99.0, 98.0, 97.0, 96.0, 95.0, 94.0, 93.0, 92.0, 91.0, 90.0, 89.0, 88.0, 87.0, 86.0, 85.0, 84.0, 83.0, 82.0, 81.0, 80.0, 79.0, 78.0, 77.0, 76.0, 75.0, 74.0, 73.0, 72.0, 71.0, 70.0, 69.0, 68.0, 67.0, 66.0, 65.0, 64.0, 63.0, 62.0, 61.0, 60.0, 59.0, 58.0, 57.0, 56.0, 55.0, 54.0, 53.0, 52.0, 51.0, 50.0, 49.0, 48.0, 47.0, 46.0, 45.0, 44.0, 43.0, 42.0, 41.0, 40.0, 39.0, 38.0, 37.0, 36.0, 35.0, 34.0, 33.0, 32.0, 31.0, 30.0, 29.0, 28.0, 27.0, 26.0, 25.0, 24.0, 23.0, 22.0, 21.0, 20.0, 19.0, 18.0, 17.0, 16.0, 15.0, 14.0, 13.0, 12.0, 11.0, 10.0, 9.0, 8.0, 7.0, 6.0, 5.0, 4.0, 3.0, 2.0, 1.0, 0.0], "RMSE": 15.15}