{"mean": [115.28895568847656, 112.16629791259766, 115.23658752441406, 112.33367919921875, 116.96830749511719, 114.35890197753906, 116.3518295288086, 114.8033676147461, 114.34547424316406, 112.3255386352539, 115.4300765991211, 116.77486419677734, 115.2239761352539, 112.97920227050781, 114.89219665527344, 114.52491760253906, 114.04911804199219, 116.8562240600586, 108.9359359741211, 111.2208480834961, 110.22379302978516, 109.18302917480469, 107.1815185546875, 110.98419189453125, 116.09077453613281, 110.44901275634766, 104.56462097167969, 107.69923400878906, 104.81903076171875, 102.31105041503906, 106.26844787597656, 102.46793365478516, 108.74354553222656, 107.23040771484375, 104.7723617553711, 102.42994689941406, 105.24666595458984, 107.58924865722656, 101.54988861083984, 110.35939025878906, 100.58631896972656, 100.79265594482422, 103.2528076171875, 98.30606842041016, 94.8840560913086, 103.67679595947266, 98.58744812011719, 99.1014175415039, 91.73126220703125, 89.53435516357422, 91.86519622802734, 87.08171081542969, 105.45452880859375, 88.32453918457031, 87.69461822509766, 83.42132568359375, 86.81095123291016, 87.02647399902344, 76.4424057006836, 85.91471862792969, 79.22005462646484, 75.38636779785156, 72.26317596435547, 69.88572692871094, 70.56260681152344, 70.83155059814453, 68.0972900390625, 70.83604431152344, 63.629722595214844, 60.50639724731445, 62.986358642578125, 59.495513916015625, 63.661407470703125, 62.05409622192383, 57.099853515625, 54.4556770324707, 56.42566680908203, 51.65361404418945, 48.612335205078125, 46.97909927368164, 47.32553482055664, 47.16679382324219, 44.84555435180664, 45.218814849853516, 44.21367645263672, 42.30155563354492, 41.772132873535156, 39.95301055908203, 39.48486328125, 40.20435333251953, 37.749568939208984, 38.92795944213867, 36.19691848754883, 34.88658142089844, 33.921630859375, 32.21247482299805, 32.2445068359375, 31.162006378173828, 28.8140869140625, 27.432723999023438, 25.04715919494629, 26.262176513671875, 23.858943939208984, 21.818058013916016, 21.255558013916016, 19.956256866455078, 19.12958335876465, 17.788475036621094, 16.80550765991211, 15.767173767089844, 15.800783157348633, 15.260574340820312, 14.182573318481445, 12.860319137573242, 12.891008377075195, 11.783757209777832, 10.315824508666992, 10.035272598266602, 10.185835838317871, 8.833828926086426, 7.716341495513916, 7.650793552398682, 5.487683296203613, 4.621453285217285, 3.3038642406463623, 2.2834439277648926, 0.8233178853988647], "var": [80.82710266113281, 51.240848541259766, 14.929301261901855, 77.8786849975586, 40.093772888183594, 80.72933959960938, 26.063875198364258, 15.792651176452637, 170.5117950439453, 46.48335647583008, 30.156248092651367, 67.13761138916016, 92.29127502441406, 135.54640197753906, 137.53553771972656, 16.687829971313477, 99.3955307006836, 24.812889099121094, 44.3068733215332, 100.49097442626953, 85.22713470458984, 203.83953857421875, 310.5769958496094, 132.2367706298828, 268.15362548828125, 135.43850708007812, 258.0406494140625, 340.99835205078125, 504.23260498046875, 117.32140350341797, 268.47686767578125, 335.7675476074219, 232.64993286132812, 336.4372863769531, 299.2814025878906, 337.87957763671875, 202.36920166015625, 142.71902465820312, 353.31280517578125, 218.58071899414062, 239.7081756591797, 338.10302734375, 306.8103942871094, 307.7208251953125, 398.7040710449219, 182.47279357910156, 199.12722778320312, 110.28450775146484, 222.39144897460938, 261.6639404296875, 255.32763671875, 251.98675537109375, 213.41770935058594, 231.757080078125, 131.31939697265625, 202.92539978027344, 321.943115234375, 242.99655151367188, 109.64215087890625, 303.7996520996094, 247.73220825195312, 256.8383483886719, 181.6481170654297, 228.15638732910156, 93.13805389404297, 97.13070678710938, 162.8892059326172, 175.78948974609375, 67.68541717529297, 43.77281188964844, 55.899532318115234, 93.9945297241211, 180.82708740234375, 63.71353530883789, 23.296133041381836, 31.71994972229004, 33.23818588256836, 17.551517486572266, 39.432090759277344, 25.507686614990234, 40.03590774536133, 16.205747604370117, 11.704314231872559, 16.58440399169922, 11.416808128356934, 15.520219802856445, 27.26070213317871, 16.47337532043457, 12.77200698852539, 25.100055694580078, 6.650450229644775, 15.283881187438965, 3.9212255477905273, 10.607088088989258, 11.568572044372559, 3.0917344093322754, 3.6722915172576904, 3.4136593341827393, 5.702339172363281, 5.822775840759277, 2.3052828311920166, 2.2943902015686035, 1.6640557050704956, 2.0545833110809326, 1.0673454999923706, 0.22017626464366913, 3.1981754302978516, 2.00298810005188, 0.42893728613853455, 0.9080569744110107, 0.8378417491912842, 2.2383737564086914, 1.5969597101211548, 0.8427206873893738, 1.6065661907196045, 1.9328291416168213, 1.9506133794784546, 2.525010585784912, 1.5217024087905884, 3.4979512691497803, 2.565486192703247, 2.100433588027954, 0.6960487961769104, 1.461370825767517, 0.7769299745559692, 0.7842656373977661, 0.3363536596298218], "true": [120.0, 120.0, 120.0, 120.0, 120.0, 120.0, 120.0, 119.0, 118.0, 117.0, 116.0, 115.0, 114.0, 113.0, 112.0, 111.0, 110.0, 109.0, 108.0, 107.0, 106.0, 105.0, 104.0, 103.0, 102.0, 101.0, 100.0, 99.0, 98.0, 97.0, 96.0, 95.0, 94.0, 93.0, 92.0, 91.0, 90.0, 89.0, 88.0, 87.0, 86.0, 85.0, 84.0, 83.0, 82.0, 81.0, 80.0, 79.0, 78.0, 77.0, 76.0, 75.0, 74.0, 73.0, 72.0, 71.0, 70.0, 69.0, 68.0, 67.0, 66.0, 65.0, 64.0, 63.0, 62.0, 61.0, 60.0, 59.0, 58.0, 57.0, 56.0, 55.0, 54.0, 53.0, 52.0, 51.0, 50.0, 49.0, 48.0, 47.0, 46.0, 45.0, 44.0, 43.0, 42.0, 41.0, 40.0, 39.0, 38.0, 37.0, 36.0, 35.0, 34.0, 33.0, 32.0, 31.0, 30.0, 29.0, 28.0, 27.0, 26.0, 25.0, 24.0, 23.0, 22.0, 21.0, 20.0, 19.0, 18.0, 17.0, 16.0, 15.0, 14.0, 13.0, 12.0, 11.0, 10.0, 9.0, 8.0, 7.0, 6.0, 5.0, 4.0, 3.0, 2.0, 1.0, 0.0], "RMSE": 9.01}