{"mean": [120.01423645019531, 119.18980407714844, 117.63748931884766, 119.92620849609375, 120.00531005859375, 120.4958724975586, 117.7499771118164, 118.00794982910156, 120.2145767211914, 119.67109680175781, 118.10890197753906, 118.97871398925781, 121.32157897949219, 120.18282318115234, 116.79270935058594, 119.8807601928711, 120.33650970458984, 118.00045013427734, 121.38502502441406, 121.51252746582031, 119.55274963378906, 120.8299789428711, 118.87968444824219, 118.02851867675781, 113.4840316772461, 114.84907531738281, 121.263427734375, 117.81075286865234, 115.16290283203125, 120.59151458740234, 119.3471450805664, 118.00102233886719, 115.18708801269531, 118.760498046875, 118.0838394165039, 115.73941802978516, 116.8316879272461, 117.19792175292969, 114.17112731933594, 117.35957336425781, 111.937255859375, 112.2597885131836, 110.6369400024414, 111.7059326171875, 116.37327575683594, 111.20218658447266, 108.08882904052734, 109.80857849121094, 109.88023376464844, 106.80119323730469, 93.9774169921875, 108.75044250488281, 102.8443374633789, 98.56290435791016, 97.56346130371094, 103.09858703613281, 101.05885314941406, 95.40464782714844, 89.94023132324219, 98.48677062988281, 83.87422180175781, 91.42424011230469, 78.67646789550781, 80.51020050048828, 83.43966674804688, 80.2881088256836, 75.51882934570312, 77.491455078125, 73.8336181640625, 76.65065002441406, 71.53573608398438, 68.00782775878906, 71.68490600585938, 61.22602462768555, 65.47644805908203, 63.563514709472656, 63.432952880859375, 58.535064697265625, 58.52240753173828, 59.724952697753906, 51.0068244934082, 51.8243522644043, 53.216766357421875, 48.298797607421875, 49.74651336669922, 44.57764434814453, 44.568214416503906, 41.60041427612305, 40.960121154785156, 41.16935348510742, 40.00175476074219, 39.78315734863281, 36.65822219848633, 36.198787689208984, 35.397850036621094, 34.32929229736328, 32.21047592163086, 31.9731388092041, 29.872116088867188, 28.503646850585938, 26.197040557861328, 25.20431900024414, 23.271800994873047, 22.03067398071289, 20.53659439086914, 19.426883697509766, 17.653722763061523, 16.978023529052734, 15.852633476257324, 14.870498657226562, 13.278938293457031, 13.056225776672363, 12.842657089233398, 12.653802871704102, 11.480695724487305, 11.784490585327148, 10.295849800109863, 9.81320571899414, 9.494195938110352, 8.106860160827637, 7.014853477478027, 6.744860649108887, 5.800066947937012, 4.182591915130615, 2.8105788230895996, 2.543591022491455], "var": [25.75284767150879, 23.995553970336914, 19.37758445739746, 54.34632110595703, 34.15427017211914, 17.239120483398438, 47.75196075439453, 23.017229080200195, 54.0571403503418, 18.980560302734375, 21.874706268310547, 65.32484436035156, 62.26505661010742, 21.75302505493164, 121.25096130371094, 15.784253120422363, 20.792770385742188, 7.27511739730835, 33.49658203125, 20.93762969970703, 32.534236907958984, 49.16526794433594, 44.01970672607422, 70.78260803222656, 46.47166442871094, 69.0684585571289, 51.71925735473633, 75.78057098388672, 167.38258361816406, 50.648033142089844, 23.050594329833984, 46.412986755371094, 82.13351440429688, 107.52537536621094, 81.5227279663086, 50.16448211669922, 64.06084442138672, 94.4967041015625, 282.7989196777344, 94.63716888427734, 214.86907958984375, 188.68309020996094, 210.64149475097656, 110.94769287109375, 47.78673553466797, 200.95550537109375, 184.47398376464844, 111.48661804199219, 216.25772094726562, 161.5120086669922, 369.86639404296875, 193.416015625, 209.150390625, 300.4291687011719, 301.1805419921875, 144.7575225830078, 144.79812622070312, 191.81912231445312, 153.08409118652344, 163.37158203125, 187.39398193359375, 74.09986877441406, 70.59588623046875, 95.21987915039062, 72.27523040771484, 195.5110321044922, 250.851318359375, 74.75747680664062, 155.6437530517578, 164.24034118652344, 76.99943542480469, 110.48192596435547, 120.51774597167969, 38.98100280761719, 42.928951263427734, 75.07183074951172, 70.46326446533203, 138.92701721191406, 90.93914794921875, 47.7015495300293, 55.476016998291016, 30.284887313842773, 51.93429946899414, 28.198707580566406, 31.133323669433594, 22.38950538635254, 38.816558837890625, 16.28896713256836, 7.704734802246094, 16.133953094482422, 8.486061096191406, 14.099367141723633, 13.328367233276367, 3.210705280303955, 9.491632461547852, 4.5379557609558105, 2.298231363296509, 9.692667961120605, 4.404475212097168, 2.483419179916382, 4.455663681030273, 6.346031188964844, 6.143635272979736, 3.633962392807007, 3.385366916656494, 0.5729682445526123, 4.628729820251465, 1.3127565383911133, 2.60898494720459, 2.1637179851531982, 1.5108225345611572, 3.0348823070526123, 2.7224879264831543, 1.013432264328003, 1.4562177658081055, 1.6277761459350586, 0.7836653590202332, 0.949745774269104, 1.3934730291366577, 0.9026204943656921, 1.537171721458435, 1.6385728120803833, 1.124680519104004, 1.304007887840271, 1.0136150121688843, 1.1901814937591553], "true": [120.0, 120.0, 120.0, 120.0, 120.0, 120.0, 119.0, 118.0, 117.0, 116.0, 115.0, 114.0, 113.0, 112.0, 111.0, 110.0, 109.0, 108.0, 107.0, 106.0, 105.0, 104.0, 103.0, 102.0, 101.0, 100.0, 99.0, 98.0, 97.0, 96.0, 95.0, 94.0, 93.0, 92.0, 91.0, 90.0, 89.0, 88.0, 87.0, 86.0, 85.0, 84.0, 83.0, 82.0, 81.0, 80.0, 79.0, 78.0, 77.0, 76.0, 75.0, 74.0, 73.0, 72.0, 71.0, 70.0, 69.0, 68.0, 67.0, 66.0, 65.0, 64.0, 63.0, 62.0, 61.0, 60.0, 59.0, 58.0, 57.0, 56.0, 55.0, 54.0, 53.0, 52.0, 51.0, 50.0, 49.0, 48.0, 47.0, 46.0, 45.0, 44.0, 43.0, 42.0, 41.0, 40.0, 39.0, 38.0, 37.0, 36.0, 35.0, 34.0, 33.0, 32.0, 31.0, 30.0, 29.0, 28.0, 27.0, 26.0, 25.0, 24.0, 23.0, 22.0, 21.0, 20.0, 19.0, 18.0, 17.0, 16.0, 15.0, 14.0, 13.0, 12.0, 11.0, 10.0, 9.0, 8.0, 7.0, 6.0, 5.0, 4.0, 3.0, 2.0, 1.0, 0.0], "RMSE": 16.79}