{"mean": [117.02596282958984, 114.41510009765625, 111.00144958496094, 110.52433776855469, 113.1125259399414, 111.41151428222656, 105.9759750366211, 107.04783630371094, 110.84422302246094, 113.5481948852539, 111.45011901855469, 109.72087097167969, 102.59791564941406, 106.33172607421875, 107.73014068603516, 115.4034423828125, 101.84271240234375, 107.86848449707031, 105.6059799194336, 104.02049255371094, 104.3291244506836, 110.95198822021484, 100.66954803466797, 114.44212341308594, 110.92033386230469, 108.78214263916016, 103.4305191040039, 112.8685073852539, 109.08172607421875, 107.1738052368164, 111.8475112915039, 105.1247329711914, 111.30438232421875, 107.26949310302734, 103.3094482421875, 112.7489242553711, 111.6872329711914, 103.89469909667969, 103.63814544677734, 108.75089263916016, 106.1147689819336, 103.5075912475586, 104.02976989746094, 106.84898376464844, 106.9356918334961, 103.50125885009766, 100.685546875, 109.55770111083984, 95.76190948486328, 92.5083236694336, 95.92015075683594, 91.02115631103516, 94.33314514160156, 94.37327575683594, 93.44650268554688, 88.56656646728516, 84.52798461914062, 85.52403259277344, 76.53800201416016, 87.83665466308594, 87.50703430175781, 81.38677978515625, 74.49809265136719, 75.39461517333984, 75.58799743652344, 76.49220275878906, 71.05120086669922, 69.45668029785156, 66.61268615722656, 62.60243606567383, 62.78007125854492, 61.5270881652832, 59.61157989501953, 57.82991409301758, 58.09916305541992, 56.61279296875, 54.88978958129883, 52.41973114013672, 48.920875549316406, 50.644432067871094, 49.08729934692383, 47.43482208251953, 46.99750518798828, 42.71430206298828, 42.002532958984375, 42.22928237915039, 41.84987258911133, 37.342796325683594, 39.026554107666016, 36.56328201293945, 37.19994354248047, 36.31792068481445, 35.09523391723633, 33.104331970214844, 33.49913787841797, 28.392696380615234, 30.7511043548584, 30.326690673828125, 28.202667236328125, 25.648941040039062, 25.228723526000977, 26.510650634765625, 22.645305633544922, 22.93694496154785, 21.56829071044922, 19.910959243774414, 19.326282501220703, 19.1828556060791, 17.404630661010742, 15.667874336242676, 15.714258193969727, 14.716349601745605, 14.233759880065918, 13.213696479797363, 12.112963676452637, 12.138189315795898, 10.727845191955566, 10.498845100402832, 8.827810287475586, 8.150388717651367, 7.308801174163818, 6.412271022796631, 5.122620582580566, 4.101228713989258, 2.653114080429077, 1.896479606628418, 0.9052541851997375], "var": [40.12690353393555, 12.031250953674316, 15.445269584655762, 28.87668228149414, 118.21417999267578, 14.20973014831543, 41.63490295410156, 8.956046104431152, 100.08478546142578, 102.7186050415039, 71.5013427734375, 130.37025451660156, 99.40030670166016, 193.9669189453125, 239.61233520507812, 107.11800384521484, 234.17300415039062, 300.3525390625, 109.6103286743164, 152.1846466064453, 176.36856079101562, 74.0426025390625, 140.245849609375, 292.3966979980469, 266.9793395996094, 320.1698913574219, 145.43441772460938, 123.75801086425781, 154.43768310546875, 168.84512329101562, 192.38230895996094, 264.1606750488281, 188.8112030029297, 266.9526062011719, 97.22025299072266, 179.4910125732422, 160.8649139404297, 199.59848022460938, 183.1482696533203, 166.3876190185547, 162.84164428710938, 172.03079223632812, 170.67825317382812, 98.76592254638672, 285.4477233886719, 191.1092071533203, 195.64239501953125, 80.18126678466797, 241.26760864257812, 131.49331665039062, 152.3867645263672, 103.0560073852539, 134.01766967773438, 212.08245849609375, 236.20167541503906, 283.4378356933594, 133.4778289794922, 165.20005798339844, 140.0245819091797, 236.8238525390625, 75.31654357910156, 36.298858642578125, 70.4486083984375, 89.68148803710938, 89.76602935791016, 29.103904724121094, 52.85224914550781, 76.89774322509766, 26.826168060302734, 27.014896392822266, 19.037569046020508, 96.25505065917969, 68.71280670166016, 55.34992599487305, 18.296585083007812, 34.66039276123047, 47.991004943847656, 11.989311218261719, 21.349763870239258, 26.965730667114258, 13.181609153747559, 32.031978607177734, 18.840755462646484, 12.108735084533691, 10.598008155822754, 8.837248802185059, 27.98139190673828, 18.117443084716797, 22.11593246459961, 19.59575843811035, 12.842887878417969, 16.73729133605957, 8.46493148803711, 5.838840484619141, 8.494590759277344, 6.267877578735352, 3.517241954803467, 5.359211444854736, 7.307325839996338, 3.5601489543914795, 2.542764902114868, 4.480395317077637, 1.6202665567398071, 3.720933198928833, 2.185819387435913, 2.8854939937591553, 2.2845263481140137, 1.0192227363586426, 2.7292797565460205, 3.635704278945923, 1.007466435432434, 4.236669063568115, 1.3271517753601074, 4.398054599761963, 2.4498658180236816, 2.9909658432006836, 2.5037245750427246, 1.724819302558899, 1.8038411140441895, 1.3148703575134277, 1.6967226266860962, 1.269604206085205, 1.4312596321105957, 1.2824476957321167, 1.1239749193191528, 0.4476962983608246, 0.227344810962677], "true": [120.0, 120.0, 120.0, 120.0, 120.0, 120.0, 120.0, 119.0, 118.0, 117.0, 116.0, 115.0, 114.0, 113.0, 112.0, 111.0, 110.0, 109.0, 108.0, 107.0, 106.0, 105.0, 104.0, 103.0, 102.0, 101.0, 100.0, 99.0, 98.0, 97.0, 96.0, 95.0, 94.0, 93.0, 92.0, 91.0, 90.0, 89.0, 88.0, 87.0, 86.0, 85.0, 84.0, 83.0, 82.0, 81.0, 80.0, 79.0, 78.0, 77.0, 76.0, 75.0, 74.0, 73.0, 72.0, 71.0, 70.0, 69.0, 68.0, 67.0, 66.0, 65.0, 64.0, 63.0, 62.0, 61.0, 60.0, 59.0, 58.0, 57.0, 56.0, 55.0, 54.0, 53.0, 52.0, 51.0, 50.0, 49.0, 48.0, 47.0, 46.0, 45.0, 44.0, 43.0, 42.0, 41.0, 40.0, 39.0, 38.0, 37.0, 36.0, 35.0, 34.0, 33.0, 32.0, 31.0, 30.0, 29.0, 28.0, 27.0, 26.0, 25.0, 24.0, 23.0, 22.0, 21.0, 20.0, 19.0, 18.0, 17.0, 16.0, 15.0, 14.0, 13.0, 12.0, 11.0, 10.0, 9.0, 8.0, 7.0, 6.0, 5.0, 4.0, 3.0, 2.0, 1.0, 0.0], "RMSE": 10.81}