{"mean": [91.31796264648438, 87.85472106933594, 87.99917602539062, 99.6306381225586, 89.90715026855469, 88.98353576660156, 93.38023376464844, 100.49288177490234, 93.88835906982422, 100.26594543457031, 99.26253509521484, 96.03585052490234, 96.626953125, 97.07600402832031, 99.95722198486328, 103.78424072265625, 101.7135009765625, 100.91319274902344, 94.27751159667969, 104.18619537353516, 101.72615814208984, 99.73175048828125, 99.90911865234375, 97.6391372680664, 103.47054290771484, 99.92439270019531, 106.56695556640625, 102.52293395996094, 102.86312103271484, 106.9335708618164, 111.56439208984375, 113.32310485839844, 103.89781188964844, 109.9286880493164, 103.01490783691406, 103.10550689697266, 109.38008880615234, 104.07484436035156, 102.23937225341797, 99.82241821289062, 101.32778930664062, 94.0412368774414, 105.15899658203125, 103.42414855957031, 89.16681671142578, 92.12799072265625, 94.04168701171875, 93.65010070800781, 91.34952545166016, 90.30438995361328, 86.04328155517578, 83.17326354980469, 79.81217956542969, 79.45977020263672, 84.28289794921875, 81.2685775756836, 75.90412902832031, 72.68846893310547, 69.03285217285156, 65.01278686523438, 62.689430236816406, 61.61077117919922, 59.0416145324707, 57.648902893066406, 56.069122314453125, 54.51581954956055, 49.85393524169922, 49.0465087890625, 44.313453674316406, 43.04371643066406, 43.120826721191406, 42.73356246948242, 41.454124450683594, 39.462364196777344, 39.586917877197266, 35.217681884765625, 35.256500244140625, 31.99764633178711, 31.543344497680664, 30.557415008544922, 29.11489486694336, 27.317577362060547, 26.440603256225586, 26.261831283569336, 23.073278427124023, 21.30729866027832, 21.12691879272461, 20.065662384033203, 19.372751235961914, 17.63815689086914, 16.70435905456543, 15.959745407104492, 14.680020332336426, 15.512367248535156, 13.385835647583008, 12.46583366394043, 10.867222785949707, 10.181434631347656, 10.175220489501953, 8.841657638549805, 7.13622522354126, 5.231005668640137, 4.842229843139648, 4.493143558502197, 2.9046220779418945, 1.7774326801300049], "var": [360.632080078125, 333.8490295410156, 174.94839477539062, 198.5889892578125, 300.14447021484375, 198.43890380859375, 278.7150573730469, 150.49163818359375, 318.9115295410156, 176.8099365234375, 229.9762725830078, 332.580322265625, 266.5733947753906, 145.78076171875, 218.55494689941406, 101.10719299316406, 330.2443542480469, 371.9311218261719, 206.31271362304688, 139.2249298095703, 148.97560119628906, 123.46347045898438, 170.76939392089844, 241.18467712402344, 118.47865295410156, 228.946533203125, 234.33758544921875, 149.58189392089844, 439.2010803222656, 187.84593200683594, 100.34611511230469, 206.1493682861328, 220.6665496826172, 109.30590057373047, 333.3874816894531, 178.18984985351562, 84.82954406738281, 257.5730895996094, 157.8896484375, 183.02098083496094, 293.9541931152344, 129.79690551757812, 121.67383575439453, 127.30577087402344, 166.57212829589844, 139.9594268798828, 67.12372589111328, 151.46917724609375, 170.54298400878906, 81.66996765136719, 81.7245101928711, 313.403076171875, 91.16976165771484, 47.279354095458984, 112.9744644165039, 140.03292846679688, 112.61672973632812, 50.84526062011719, 149.70486450195312, 80.83119201660156, 145.3028564453125, 113.6560287475586, 67.26397705078125, 24.106904983520508, 65.39448547363281, 42.734249114990234, 29.04876136779785, 30.934619903564453, 24.785564422607422, 14.55575180053711, 6.972776889801025, 13.207833290100098, 25.961044311523438, 9.149419784545898, 6.476467132568359, 2.8188934326171875, 4.592213153839111, 6.031867504119873, 5.2349324226379395, 1.395560383796692, 4.204017639160156, 0.8498128056526184, 4.462997913360596, 5.775217533111572, 2.748914957046509, 1.5440233945846558, 1.481773018836975, 2.371284246444702, 5.250308513641357, 2.4517886638641357, 2.201402425765991, 0.5911622047424316, 0.8606894612312317, 2.7810165882110596, 2.1987216472625732, 2.71309494972229, 1.1091985702514648, 0.8961580991744995, 1.2403358221054077, 1.2756191492080688, 1.3789836168289185, 1.1008515357971191, 1.017633080482483, 2.3153440952301025, 0.7393714189529419, 0.9458738565444946], "true": [105.0, 104.0, 103.0, 102.0, 101.0, 100.0, 99.0, 98.0, 97.0, 96.0, 95.0, 94.0, 93.0, 92.0, 91.0, 90.0, 89.0, 88.0, 87.0, 86.0, 85.0, 84.0, 83.0, 82.0, 81.0, 80.0, 79.0, 78.0, 77.0, 76.0, 75.0, 74.0, 73.0, 72.0, 71.0, 70.0, 69.0, 68.0, 67.0, 66.0, 65.0, 64.0, 63.0, 62.0, 61.0, 60.0, 59.0, 58.0, 57.0, 56.0, 55.0, 54.0, 53.0, 52.0, 51.0, 50.0, 49.0, 48.0, 47.0, 46.0, 45.0, 44.0, 43.0, 42.0, 41.0, 40.0, 39.0, 38.0, 37.0, 36.0, 35.0, 34.0, 33.0, 32.0, 31.0, 30.0, 29.0, 28.0, 27.0, 26.0, 25.0, 24.0, 23.0, 22.0, 21.0, 20.0, 19.0, 18.0, 17.0, 16.0, 15.0, 14.0, 13.0, 12.0, 11.0, 10.0, 9.0, 8.0, 7.0, 6.0, 5.0, 4.0, 3.0, 2.0, 1.0, 0.0], "RMSE": 19.95}