{"mean": [92.55662536621094, 93.26892852783203, 92.939208984375, 91.42335510253906, 92.82746887207031, 94.71194458007812, 99.84175109863281, 98.78176879882812, 89.90238952636719, 101.60800170898438, 98.08841705322266, 97.6651611328125, 90.24745178222656, 95.75709533691406, 91.90047454833984, 91.25381469726562, 89.38072204589844, 92.62578582763672, 89.90190124511719, 86.0677261352539, 88.76109313964844, 86.24420166015625, 83.06436157226562, 81.45106506347656, 80.03227996826172, 85.25758361816406, 82.7745590209961, 80.35847473144531, 75.76800537109375, 77.8604965209961, 83.03752136230469, 81.35447692871094, 81.30067443847656, 82.5483169555664, 78.08436584472656, 79.66326141357422, 86.67620086669922, 77.41535949707031, 77.37811279296875, 85.80912780761719, 75.50477600097656, 84.22611999511719, 80.45716094970703, 80.8648452758789, 76.89045715332031, 76.33427429199219, 78.37260437011719, 75.68338775634766, 72.8172836303711, 75.07730102539062, 75.00536346435547, 69.8132095336914, 67.96491241455078, 69.9000015258789, 67.48710632324219, 65.64912414550781, 64.50614166259766, 58.64015579223633, 64.1592025756836, 58.86614227294922, 61.03998947143555, 56.99078369140625, 57.693397521972656, 56.45969772338867, 50.09049606323242, 51.30621337890625, 50.215328216552734, 48.12263107299805, 47.024322509765625, 42.514442443847656, 42.9185791015625, 41.357688903808594, 39.4923210144043, 39.995704650878906, 37.521846771240234, 36.04399871826172, 34.63153839111328, 34.10919952392578, 31.37958335876465, 29.94685935974121, 29.175060272216797, 26.863265991210938, 25.769155502319336, 24.610559463500977, 24.131572723388672, 21.637977600097656, 21.457721710205078, 18.847576141357422, 19.05660057067871, 17.228084564208984, 16.642536163330078, 15.425168991088867, 13.674957275390625, 13.086705207824707, 12.274057388305664, 11.564152717590332, 10.255644798278809, 8.83566665649414, 8.90661334991455, 7.145663261413574, 6.087082862854004, 5.02936315536499, 4.558609962463379, 3.389983654022217, 1.8430156707763672, 1.270758867263794], "var": [190.62704467773438, 125.4037094116211, 75.87783813476562, 44.28164291381836, 80.31230163574219, 104.94638061523438, 108.73724365234375, 154.58030700683594, 104.86319732666016, 41.89314651489258, 43.045127868652344, 27.517850875854492, 68.9505844116211, 68.9074935913086, 119.78580474853516, 20.437149047851562, 46.69438934326172, 69.16178131103516, 78.24400329589844, 86.2587661743164, 21.258094787597656, 112.92071533203125, 73.6310806274414, 65.12798309326172, 103.4498062133789, 234.80813598632812, 131.04205322265625, 155.01039123535156, 53.84956359863281, 29.301116943359375, 91.30662536621094, 158.32290649414062, 66.40953826904297, 130.63218688964844, 80.90853118896484, 63.543399810791016, 117.87393951416016, 55.93690490722656, 101.17362976074219, 48.725318908691406, 79.77853393554688, 93.90038299560547, 141.09288024902344, 53.76219177246094, 56.67966079711914, 104.4255142211914, 104.69051361083984, 100.48558807373047, 21.013940811157227, 34.23219680786133, 46.12167739868164, 85.77497863769531, 27.245023727416992, 63.79154968261719, 45.57041931152344, 15.710803985595703, 40.18193054199219, 32.24722671508789, 75.1724624633789, 18.991233825683594, 29.569019317626953, 32.3486213684082, 40.1256217956543, 14.163844108581543, 12.247563362121582, 12.626568794250488, 24.172367095947266, 34.55004119873047, 7.556944370269775, 11.489627838134766, 19.48288345336914, 17.71866226196289, 15.665946006774902, 20.038074493408203, 8.830474853515625, 17.442846298217773, 14.057743072509766, 6.426290988922119, 3.744197368621826, 2.2783148288726807, 2.562978982925415, 3.1872925758361816, 1.4334253072738647, 2.5778093338012695, 3.229762077331543, 4.898978233337402, 2.176135778427124, 2.0282442569732666, 2.086627721786499, 1.3278698921203613, 4.516592979431152, 3.4417307376861572, 1.0292671918869019, 1.6801649332046509, 2.161731243133545, 0.7699847221374512, 1.1441631317138672, 1.406890630722046, 3.3372039794921875, 1.5883269309997559, 1.5056378841400146, 0.8781900405883789, 1.1336209774017334, 1.5770989656448364, 0.4792686998844147, 1.259059190750122], "true": [105.0, 104.0, 103.0, 102.0, 101.0, 100.0, 99.0, 98.0, 97.0, 96.0, 95.0, 94.0, 93.0, 92.0, 91.0, 90.0, 89.0, 88.0, 87.0, 86.0, 85.0, 84.0, 83.0, 82.0, 81.0, 80.0, 79.0, 78.0, 77.0, 76.0, 75.0, 74.0, 73.0, 72.0, 71.0, 70.0, 69.0, 68.0, 67.0, 66.0, 65.0, 64.0, 63.0, 62.0, 61.0, 60.0, 59.0, 58.0, 57.0, 56.0, 55.0, 54.0, 53.0, 52.0, 51.0, 50.0, 49.0, 48.0, 47.0, 46.0, 45.0, 44.0, 43.0, 42.0, 41.0, 40.0, 39.0, 38.0, 37.0, 36.0, 35.0, 34.0, 33.0, 32.0, 31.0, 30.0, 29.0, 28.0, 27.0, 26.0, 25.0, 24.0, 23.0, 22.0, 21.0, 20.0, 19.0, 18.0, 17.0, 16.0, 15.0, 14.0, 13.0, 12.0, 11.0, 10.0, 9.0, 8.0, 7.0, 6.0, 5.0, 4.0, 3.0, 2.0, 1.0, 0.0], "RMSE": 9.52}