{"mean": [119.03657531738281, 114.48448181152344, 115.84098815917969, 115.7831039428711, 115.22662353515625, 117.52127838134766, 114.9739761352539, 114.62581634521484, 119.6812744140625, 114.3514175415039, 115.5140609741211, 117.13716888427734, 115.47090911865234, 116.41117858886719, 118.28648376464844, 117.04195404052734, 118.1826171875, 113.63481140136719, 116.0265884399414, 117.03631591796875, 116.73702239990234, 114.7178726196289, 111.0539779663086, 114.45820617675781, 113.72886657714844, 115.01890563964844, 116.61871337890625, 112.6574935913086, 112.69084167480469, 116.83634948730469, 113.9621353149414, 113.37422180175781, 112.56062316894531, 108.18070220947266, 108.51277160644531, 117.42549896240234, 113.17985534667969, 112.14595031738281, 106.90730285644531, 102.45084381103516, 103.28790283203125, 97.69051361083984, 108.4231948852539, 104.60762023925781, 100.3812484741211, 102.12323760986328, 103.4329833984375, 101.62815856933594, 89.45292663574219, 92.61175537109375, 93.81062316894531, 101.78318786621094, 91.50022888183594, 87.50157928466797, 92.05537414550781, 85.11541748046875, 84.9472885131836, 81.29872131347656, 83.71415710449219, 75.55201721191406, 77.80532836914062, 75.00611877441406, 76.63505554199219, 83.43551635742188, 72.15536499023438, 71.88905334472656, 87.87223815917969, 75.65120697021484, 73.27021789550781, 68.52149200439453, 63.940956115722656, 62.6032829284668, 64.4090347290039, 68.66761779785156, 63.70857620239258, 64.54704284667969, 61.5290412902832, 57.1131591796875, 58.93989181518555, 57.969993591308594, 54.9129638671875, 54.710723876953125, 49.79838180541992, 49.35469436645508, 47.55207061767578, 47.225955963134766, 44.07941436767578, 41.780296325683594, 41.721317291259766, 39.55308151245117, 39.7808723449707, 38.381690979003906, 37.17845916748047, 36.253990173339844, 36.637969970703125, 34.23634719848633, 33.99819564819336, 32.65564727783203, 30.875080108642578, 30.219146728515625, 29.912765502929688, 28.405420303344727, 27.689838409423828, 26.415607452392578, 24.868709564208984, 24.416179656982422, 23.443771362304688, 23.44772720336914, 23.077795028686523, 20.782014846801758, 20.793262481689453, 18.849720001220703, 17.359811782836914, 15.410517692565918, 15.1871919631958, 13.450323104858398, 13.620584487915039, 11.48835563659668, 10.432794570922852, 9.109979629516602, 8.232497215270996, 6.632958889007568, 5.6001482009887695, 4.578057289123535, 3.3003106117248535, 2.196824550628662], "var": [35.034080505371094, 10.110921859741211, 52.36793899536133, 30.022357940673828, 74.29676818847656, 33.34025573730469, 40.51658248901367, 34.424625396728516, 54.55549240112305, 38.89237594604492, 52.34225082397461, 45.672943115234375, 69.99359893798828, 90.69256591796875, 59.558570861816406, 37.55978012084961, 51.28135299682617, 72.5735092163086, 36.20915603637695, 34.92935562133789, 53.87263488769531, 64.0284652709961, 49.362335205078125, 40.29780578613281, 89.90959167480469, 63.334842681884766, 37.96014404296875, 61.46360397338867, 108.36778259277344, 32.1105842590332, 56.92052459716797, 172.89524841308594, 108.39915466308594, 142.64024353027344, 198.6829833984375, 96.7138442993164, 121.23372650146484, 75.3440933227539, 92.44505310058594, 174.46612548828125, 83.06026458740234, 114.5235595703125, 136.30221557617188, 201.96682739257812, 95.1325454711914, 198.68856811523438, 261.2374267578125, 230.6176300048828, 167.73643493652344, 278.3819274902344, 247.7627716064453, 93.59246826171875, 181.15635681152344, 312.61297607421875, 311.3462829589844, 152.35980224609375, 275.0007019042969, 160.20254516601562, 282.17376708984375, 78.50914001464844, 312.0611267089844, 232.7923126220703, 225.17776489257812, 226.59014892578125, 116.26915740966797, 130.2103271484375, 116.7451400756836, 296.8400573730469, 406.6481628417969, 131.03738403320312, 154.45115661621094, 58.36196517944336, 47.295326232910156, 170.9761199951172, 69.55538940429688, 75.74069213867188, 77.30774688720703, 84.81258392333984, 46.42449951171875, 29.785995483398438, 23.49331283569336, 45.7875862121582, 16.932292938232422, 35.738529205322266, 16.085477828979492, 14.892558097839355, 4.92857551574707, 5.035433292388916, 4.925441741943359, 6.193782329559326, 4.057373523712158, 8.863042831420898, 11.707180976867676, 3.9661381244659424, 7.925997257232666, 9.145451545715332, 7.653142929077148, 3.062304735183716, 2.720634698867798, 3.037276268005371, 4.35183048248291, 5.464859485626221, 4.725793838500977, 2.0954885482788086, 4.117588996887207, 1.5251058340072632, 6.238379001617432, 3.1642048358917236, 2.737659215927124, 2.516798496246338, 2.6839828491210938, 2.5139262676239014, 4.0591254234313965, 1.9216679334640503, 2.0029823780059814, 0.597322940826416, 2.488799810409546, 0.6944541335105896, 1.0507128238677979, 0.9989468455314636, 1.0175411701202393, 0.8892652988433838, 0.5309710502624512, 0.25874221324920654, 0.3483664095401764, 0.1590745747089386], "true": [120.0, 120.0, 120.0, 120.0, 120.0, 120.0, 119.0, 118.0, 117.0, 116.0, 115.0, 114.0, 113.0, 112.0, 111.0, 110.0, 109.0, 108.0, 107.0, 106.0, 105.0, 104.0, 103.0, 102.0, 101.0, 100.0, 99.0, 98.0, 97.0, 96.0, 95.0, 94.0, 93.0, 92.0, 91.0, 90.0, 89.0, 88.0, 87.0, 86.0, 85.0, 84.0, 83.0, 82.0, 81.0, 80.0, 79.0, 78.0, 77.0, 76.0, 75.0, 74.0, 73.0, 72.0, 71.0, 70.0, 69.0, 68.0, 67.0, 66.0, 65.0, 64.0, 63.0, 62.0, 61.0, 60.0, 59.0, 58.0, 57.0, 56.0, 55.0, 54.0, 53.0, 52.0, 51.0, 50.0, 49.0, 48.0, 47.0, 46.0, 45.0, 44.0, 43.0, 42.0, 41.0, 40.0, 39.0, 38.0, 37.0, 36.0, 35.0, 34.0, 33.0, 32.0, 31.0, 30.0, 29.0, 28.0, 27.0, 26.0, 25.0, 24.0, 23.0, 22.0, 21.0, 20.0, 19.0, 18.0, 17.0, 16.0, 15.0, 14.0, 13.0, 12.0, 11.0, 10.0, 9.0, 8.0, 7.0, 6.0, 5.0, 4.0, 3.0, 2.0, 1.0, 0.0], "RMSE": 12.47}