{"mean": [111.059326171875, 109.6750259399414, 113.7247085571289, 111.08680725097656, 110.37274169921875, 110.67335510253906, 113.6495361328125, 110.57088470458984, 113.16423034667969, 112.07181549072266, 112.69364929199219, 110.9852294921875, 111.57502746582031, 112.57540130615234, 112.59549713134766, 111.50996398925781, 107.81736755371094, 111.4727554321289, 114.28804016113281, 112.36917877197266, 108.4491195678711, 114.87056732177734, 115.06324768066406, 110.0574722290039, 112.7103271484375, 109.37068176269531, 111.40501403808594, 114.35914611816406, 112.26541900634766, 113.1853256225586, 111.30589294433594, 112.49078369140625, 110.90443420410156, 108.55037689208984, 110.42440032958984, 111.40704345703125, 109.36185455322266, 110.94621276855469, 109.3109359741211, 109.0703125, 107.78330993652344, 108.2011947631836, 107.92308044433594, 106.89680480957031, 102.25468444824219, 107.1871337890625, 104.84501647949219, 106.42820739746094, 103.6098861694336, 102.16899108886719, 103.37730407714844, 101.75018310546875, 101.62604522705078, 96.99201965332031, 95.2180404663086, 103.26768493652344, 98.19307708740234, 102.74024963378906, 93.50877380371094, 94.29743957519531, 94.46595001220703, 91.60713195800781, 90.80916595458984, 88.10407257080078, 86.86517333984375, 90.27413940429688, 83.88953399658203, 84.15532684326172, 81.64220428466797, 82.27427673339844, 81.53215026855469, 78.31727600097656, 75.32093048095703, 73.38731384277344, 77.19422912597656, 74.58538055419922, 66.90961456298828, 69.51437377929688, 68.24169921875, 64.33003234863281, 64.09379577636719, 63.72697830200195, 63.19431686401367, 60.753211975097656, 58.2096061706543, 61.453895568847656, 61.83424758911133, 56.69428634643555, 59.46714401245117, 56.282310485839844, 56.5986442565918, 53.39800262451172, 52.4354362487793, 53.50673294067383, 50.06874465942383, 51.29081344604492, 46.61858367919922, 46.45772171020508, 46.50072479248047, 44.297996520996094, 42.61144256591797, 41.953041076660156, 43.22290802001953, 41.873966217041016, 40.66526412963867, 37.64241409301758, 37.25960922241211, 35.960296630859375, 36.03618240356445, 34.59858322143555, 32.903648376464844, 31.720163345336914, 31.5014591217041, 32.21232986450195, 30.483444213867188, 30.350276947021484, 29.518484115600586, 28.63467788696289, 30.393978118896484, 27.507801055908203, 27.944067001342773, 28.00936508178711, 26.2996883392334, 26.758193969726562, 24.81192970275879], "var": [42.571842193603516, 76.87123107910156, 73.62926483154297, 83.72712707519531, 29.887723922729492, 38.521873474121094, 39.407047271728516, 35.720802307128906, 26.281721115112305, 56.71125411987305, 47.11096954345703, 40.87041091918945, 60.227176666259766, 38.97511291503906, 48.04313659667969, 39.092071533203125, 117.28404235839844, 58.34434509277344, 27.80477523803711, 47.15727996826172, 50.88075256347656, 44.247467041015625, 21.381860733032227, 70.28241729736328, 27.20235252380371, 88.33273315429688, 41.10536575317383, 19.96381378173828, 38.277488708496094, 39.872127532958984, 34.4937744140625, 42.91722869873047, 47.87870788574219, 66.13676452636719, 57.31703567504883, 49.73988342285156, 66.91455841064453, 59.68680191040039, 24.908763885498047, 68.73487091064453, 49.809085845947266, 53.600830078125, 67.36273193359375, 43.228458404541016, 109.32119750976562, 84.2188720703125, 95.49459075927734, 44.49100875854492, 102.60914611816406, 81.0228042602539, 54.44159698486328, 72.855712890625, 78.77256774902344, 76.7010726928711, 95.77897644042969, 113.50692749023438, 69.58685302734375, 97.69290924072266, 78.89025115966797, 65.5423355102539, 104.3535385131836, 102.47528839111328, 108.37850952148438, 97.92760467529297, 99.45262908935547, 85.6043472290039, 87.03662872314453, 160.4148406982422, 188.61512756347656, 95.62947082519531, 78.44650268554688, 50.616615295410156, 121.28150177001953, 70.71961975097656, 58.903892517089844, 63.88193893432617, 62.915523529052734, 115.69186401367188, 108.59786224365234, 44.75690841674805, 34.320491790771484, 21.62626838684082, 85.09717559814453, 92.99114227294922, 45.17450714111328, 24.61553192138672, 89.20950317382812, 32.57025146484375, 50.7595329284668, 46.43179702758789, 26.778905868530273, 18.575664520263672, 33.64182662963867, 40.96039962768555, 33.92399978637695, 24.91508674621582, 12.90971565246582, 27.597314834594727, 20.7058048248291, 19.04086685180664, 19.710559844970703, 16.503490447998047, 28.878358840942383, 11.613451957702637, 29.307764053344727, 7.290546894073486, 22.193683624267578, 8.973899841308594, 11.075352668762207, 12.503961563110352, 8.277234077453613, 15.456435203552246, 14.243914604187012, 16.373634338378906, 7.126262187957764, 12.729268074035645, 9.604743957519531, 22.617752075195312, 17.07508659362793, 7.376347541809082, 12.884968757629395, 15.905414581298828, 17.617130279541016, 11.612966537475586, 11.361952781677246], "true": [120.0, 120.0, 120.0, 120.0, 120.0, 119.0, 118.0, 117.0, 116.0, 115.0, 114.0, 113.0, 112.0, 111.0, 110.0, 109.0, 108.0, 107.0, 106.0, 105.0, 104.0, 103.0, 102.0, 101.0, 100.0, 99.0, 98.0, 97.0, 96.0, 95.0, 94.0, 93.0, 92.0, 91.0, 90.0, 89.0, 88.0, 87.0, 86.0, 85.0, 84.0, 83.0, 82.0, 81.0, 80.0, 79.0, 78.0, 77.0, 76.0, 75.0, 74.0, 73.0, 72.0, 71.0, 70.0, 69.0, 68.0, 67.0, 66.0, 65.0, 64.0, 63.0, 62.0, 61.0, 60.0, 59.0, 58.0, 57.0, 56.0, 55.0, 54.0, 53.0, 52.0, 51.0, 50.0, 49.0, 48.0, 47.0, 46.0, 45.0, 44.0, 43.0, 42.0, 41.0, 40.0, 39.0, 38.0, 37.0, 36.0, 35.0, 34.0, 33.0, 32.0, 31.0, 30.0, 29.0, 28.0, 27.0, 26.0, 25.0, 24.0, 23.0, 22.0, 21.0, 20.0, 19.0, 18.0, 17.0, 16.0, 15.0, 14.0, 13.0, 12.0, 11.0, 10.0, 9.0, 8.0, 7.0, 6.0, 5.0, 4.0, 3.0, 2.0, 1.0, 0.0], "RMSE": 21.2}