{"mean": [118.59196472167969, 117.4399642944336, 118.03214263916016, 116.98036193847656, 116.50284576416016, 116.43128967285156, 114.31562805175781, 115.308349609375, 115.05207824707031, 114.37532806396484, 117.4212875366211, 113.5816650390625, 114.37174224853516, 115.15885925292969, 116.32904052734375, 116.5263442993164, 117.66007232666016, 118.60603332519531, 115.52054595947266, 114.2747573852539, 112.64616394042969, 116.09892272949219, 110.46321868896484, 111.81782531738281, 116.09332275390625, 111.72850036621094, 115.15361022949219, 114.2750244140625, 113.57950592041016, 112.45942687988281, 110.07044982910156, 111.9351577758789, 108.1483383178711, 106.3602523803711, 107.48538970947266, 108.6431884765625, 107.51799011230469, 104.67701721191406, 104.91893005371094, 100.00846862792969, 97.4123306274414, 100.68390655517578, 98.7920150756836, 98.02040100097656, 95.48622131347656, 95.3978271484375, 91.4127426147461, 90.3351058959961, 84.85415649414062, 84.50434875488281, 84.0418701171875, 82.41816711425781, 80.53095245361328, 81.38841247558594, 77.39751434326172, 79.13286590576172, 77.42584228515625, 80.59321594238281, 81.83967590332031, 77.51234436035156, 69.64468383789062, 73.22993469238281, 71.79747009277344, 69.23926544189453, 67.81622314453125, 62.304664611816406, 67.76842498779297, 63.3982048034668, 64.20335388183594, 61.537010192871094, 60.5322380065918, 59.80317306518555, 56.242919921875, 55.144195556640625, 57.5596923828125, 54.55797576904297, 53.347511291503906, 50.323055267333984, 52.44034957885742, 49.94792938232422, 49.54164505004883, 47.601192474365234, 48.9666748046875, 47.53397750854492, 46.0859375, 46.31810760498047, 43.53113555908203, 42.79551315307617, 42.00887680053711, 40.145267486572266, 38.22174835205078, 37.55998611450195, 34.36857986450195, 33.23966979980469, 33.396888732910156, 32.27582931518555, 29.910375595092773, 29.74395179748535, 28.354183197021484, 27.50840187072754, 26.207687377929688, 25.201435089111328, 24.292966842651367, 23.38671875, 22.154062271118164, 21.138080596923828, 19.692745208740234, 18.305034637451172, 16.334569931030273, 14.916232109069824, 13.974126815795898, 13.871452331542969, 12.98119068145752, 12.9105806350708, 12.345576286315918, 11.031744003295898, 10.017400741577148, 8.76872730255127, 7.99489688873291, 6.766671657562256, 5.746300220489502, 4.505481719970703, 3.3701834678649902, 2.5665252208709717, 1.5579546689987183, 0.5436116456985474, 0.1796623021364212], "var": [21.2712459564209, 28.854665756225586, 19.99298858642578, 28.1041259765625, 22.065898895263672, 9.233235359191895, 39.14434814453125, 21.292064666748047, 39.1142463684082, 35.97694396972656, 31.62479019165039, 58.44729232788086, 56.07594680786133, 62.100276947021484, 63.73483657836914, 54.31484603881836, 39.28904342651367, 52.472957611083984, 58.059844970703125, 70.9932861328125, 59.65068435668945, 44.14677429199219, 122.13687896728516, 64.87129974365234, 66.42847442626953, 102.1395263671875, 49.80388259887695, 30.19442367553711, 76.95967102050781, 72.54302978515625, 50.80276107788086, 122.57086944580078, 50.03604507446289, 138.0907440185547, 154.79293823242188, 116.31722259521484, 54.36127471923828, 112.9837417602539, 142.0255126953125, 115.57755279541016, 199.73802185058594, 93.29729461669922, 137.1097412109375, 177.5762939453125, 130.2096710205078, 165.6025390625, 291.82244873046875, 213.85911560058594, 142.08860778808594, 228.8721466064453, 297.7847900390625, 131.69700622558594, 104.05244445800781, 183.57240295410156, 218.13841247558594, 168.3903045654297, 158.06008911132812, 172.83810424804688, 159.24024963378906, 306.0668640136719, 171.2508087158203, 105.26385498046875, 161.48666381835938, 205.9663543701172, 161.9481658935547, 57.10161209106445, 146.90496826171875, 122.3696060180664, 259.0526428222656, 49.59303283691406, 52.57665252685547, 52.808528900146484, 47.56797409057617, 39.448917388916016, 46.148536682128906, 57.56855010986328, 36.162288665771484, 28.52193832397461, 44.333587646484375, 37.74641036987305, 31.619606018066406, 44.74694061279297, 38.56133270263672, 36.35184860229492, 17.669418334960938, 18.351957321166992, 26.910900115966797, 19.784523010253906, 16.39899444580078, 10.646523475646973, 14.851312637329102, 11.869586944580078, 11.575421333312988, 8.955767631530762, 10.524718284606934, 6.6089396476745605, 7.145710468292236, 6.079160690307617, 9.979374885559082, 5.83730411529541, 2.1989543437957764, 5.322288513183594, 4.985108852386475, 2.4758474826812744, 2.909990072250366, 2.555441379547119, 1.7568327188491821, 3.1724393367767334, 2.4489924907684326, 1.3255211114883423, 1.4141333103179932, 2.0762267112731934, 2.0820107460021973, 1.9008558988571167, 2.5019593238830566, 0.8910933136940002, 1.723365068435669, 1.2497531175613403, 1.2037124633789062, 0.8391001224517822, 1.644208312034607, 1.0380545854568481, 0.6677467823028564, 0.7851413488388062, 1.0091817378997803, 0.723460853099823, 0.565144956111908], "true": [120.0, 120.0, 120.0, 120.0, 120.0, 120.0, 120.0, 119.0, 118.0, 117.0, 116.0, 115.0, 114.0, 113.0, 112.0, 111.0, 110.0, 109.0, 108.0, 107.0, 106.0, 105.0, 104.0, 103.0, 102.0, 101.0, 100.0, 99.0, 98.0, 97.0, 96.0, 95.0, 94.0, 93.0, 92.0, 91.0, 90.0, 89.0, 88.0, 87.0, 86.0, 85.0, 84.0, 83.0, 82.0, 81.0, 80.0, 79.0, 78.0, 77.0, 76.0, 75.0, 74.0, 73.0, 72.0, 71.0, 70.0, 69.0, 68.0, 67.0, 66.0, 65.0, 64.0, 63.0, 62.0, 61.0, 60.0, 59.0, 58.0, 57.0, 56.0, 55.0, 54.0, 53.0, 52.0, 51.0, 50.0, 49.0, 48.0, 47.0, 46.0, 45.0, 44.0, 43.0, 42.0, 41.0, 40.0, 39.0, 38.0, 37.0, 36.0, 35.0, 34.0, 33.0, 32.0, 31.0, 30.0, 29.0, 28.0, 27.0, 26.0, 25.0, 24.0, 23.0, 22.0, 21.0, 20.0, 19.0, 18.0, 17.0, 16.0, 15.0, 14.0, 13.0, 12.0, 11.0, 10.0, 9.0, 8.0, 7.0, 6.0, 5.0, 4.0, 3.0, 2.0, 1.0, 0.0], "RMSE": 7.67}