{"mean": [115.41866302490234, 115.79240417480469, 114.15372467041016, 116.4985122680664, 116.01029968261719, 115.9541015625, 116.80094146728516, 116.78086853027344, 116.262939453125, 117.2273941040039, 118.26753997802734, 117.67961120605469, 118.55638122558594, 118.4566421508789, 119.6846694946289, 119.19422912597656, 119.7925033569336, 120.45884704589844, 120.6878433227539, 121.84603118896484, 119.50297546386719, 121.10042572021484, 120.61192321777344, 119.5022964477539, 119.9724349975586, 119.25901794433594, 118.80184173583984, 117.38570404052734, 116.97489929199219, 114.89564514160156, 116.07762145996094, 116.1613540649414, 115.57200622558594, 115.64788818359375, 115.78238677978516, 114.22391510009766, 111.39994812011719, 112.41162109375, 110.3858642578125, 110.20841979980469, 109.22579193115234, 110.5703353881836, 108.02909088134766, 112.06819915771484, 110.01512145996094, 111.6257095336914, 111.49925231933594, 110.85603332519531, 106.92716217041016, 105.2967758178711, 107.10137939453125, 103.42496490478516, 102.20413208007812, 103.71453857421875, 100.91211700439453, 98.91453552246094, 95.80513000488281, 92.38306427001953, 92.75917053222656, 87.21694946289062, 80.85958862304688, 82.2354965209961, 83.96199035644531, 79.7095718383789, 75.54724884033203, 74.40399169921875, 71.21231842041016, 69.17388153076172, 65.36802673339844, 60.774024963378906, 62.41657257080078, 59.26935577392578, 58.12965774536133, 55.25932693481445, 53.67082977294922, 52.34782791137695, 51.433921813964844, 50.03547668457031, 50.85056686401367, 50.54725646972656, 49.72968292236328, 50.01830291748047, 51.52925491333008, 51.6454963684082, 51.59405517578125, 51.50896072387695, 47.729331970214844, 45.62391662597656, 44.476173400878906, 46.127681732177734, 44.23564147949219, 43.62038040161133, 41.7971305847168, 40.42140579223633, 38.72391891479492, 36.25041961669922, 36.024940490722656, 32.180946350097656, 28.822284698486328, 27.454782485961914, 26.617589950561523, 25.8819522857666, 24.59173583984375, 21.986328125, 21.296419143676758, 20.690494537353516, 20.083675384521484, 18.70228385925293, 18.61040687561035, 18.104415893554688, 16.776376724243164, 16.355167388916016, 14.126276016235352, 12.689326286315918, 10.777109146118164, 9.121686935424805, 8.036725997924805, 6.687870025634766, 5.472222805023193, 4.504404067993164, 3.1826281547546387, 2.5578479766845703, 1.7463295459747314, 0.7424706220626831, 0.5867369174957275], "var": [16.653749465942383, 12.345503807067871, 8.761913299560547, 8.593154907226562, 18.074296951293945, 8.957773208618164, 5.228145122528076, 12.696602821350098, 23.44371795654297, 15.558004379272461, 13.520430564880371, 10.896381378173828, 14.952223777770996, 16.068130493164062, 9.071742057800293, 9.632137298583984, 11.295477867126465, 6.691082000732422, 11.61451530456543, 19.55714225769043, 8.456975936889648, 3.718785524368286, 6.574638843536377, 7.607974052429199, 10.256105422973633, 6.666014671325684, 7.68921422958374, 10.775026321411133, 13.247659683227539, 17.2014217376709, 8.902657508850098, 20.62750244140625, 18.292261123657227, 6.584185600280762, 13.549004554748535, 19.07601547241211, 34.68480682373047, 34.3332633972168, 44.38338851928711, 34.3445930480957, 36.95652389526367, 37.85624694824219, 25.460214614868164, 21.721582412719727, 54.219661712646484, 25.115005493164062, 16.981279373168945, 20.786989212036133, 45.92680358886719, 60.16831970214844, 59.99597930908203, 76.59141540527344, 79.15558624267578, 44.52952575683594, 33.301353454589844, 53.020973205566406, 79.68400573730469, 75.66339111328125, 46.47138214111328, 113.61723327636719, 84.94705963134766, 114.0567398071289, 158.2785186767578, 116.81843566894531, 78.40504455566406, 137.2588653564453, 52.80728530883789, 81.38363647460938, 65.67084503173828, 37.285987854003906, 73.57308197021484, 25.70389175415039, 21.85636329650879, 12.824700355529785, 9.349676132202148, 6.3165788650512695, 11.056642532348633, 5.741264820098877, 10.513981819152832, 7.705925941467285, 8.793747901916504, 13.504862785339355, 10.716668128967285, 21.585874557495117, 11.974849700927734, 23.024927139282227, 13.33098030090332, 17.54677391052246, 14.865593910217285, 21.897672653198242, 19.6975040435791, 18.78424072265625, 17.905122756958008, 17.166561126708984, 12.166738510131836, 11.82449722290039, 8.422202110290527, 11.500767707824707, 6.535871982574463, 6.95150089263916, 2.836129903793335, 5.363738059997559, 1.967814564704895, 4.193225383758545, 3.2828304767608643, 2.3454034328460693, 0.940071165561676, 1.8025126457214355, 2.0075883865356445, 1.9017866849899292, 2.548443078994751, 1.061276912689209, 1.5736955404281616, 1.8169881105422974, 2.0165109634399414, 1.2941035032272339, 1.3719136714935303, 1.6527377367019653, 1.238398790359497, 1.5382660627365112, 0.6059056520462036, 1.1293467283248901, 0.5998166799545288, 0.3942744731903076, 0.5521807074546814], "true": [120.0, 120.0, 120.0, 120.0, 120.0, 119.0, 118.0, 117.0, 116.0, 115.0, 114.0, 113.0, 112.0, 111.0, 110.0, 109.0, 108.0, 107.0, 106.0, 105.0, 104.0, 103.0, 102.0, 101.0, 100.0, 99.0, 98.0, 97.0, 96.0, 95.0, 94.0, 93.0, 92.0, 91.0, 90.0, 89.0, 88.0, 87.0, 86.0, 85.0, 84.0, 83.0, 82.0, 81.0, 80.0, 79.0, 78.0, 77.0, 76.0, 75.0, 74.0, 73.0, 72.0, 71.0, 70.0, 69.0, 68.0, 67.0, 66.0, 65.0, 64.0, 63.0, 62.0, 61.0, 60.0, 59.0, 58.0, 57.0, 56.0, 55.0, 54.0, 53.0, 52.0, 51.0, 50.0, 49.0, 48.0, 47.0, 46.0, 45.0, 44.0, 43.0, 42.0, 41.0, 40.0, 39.0, 38.0, 37.0, 36.0, 35.0, 34.0, 33.0, 32.0, 31.0, 30.0, 29.0, 28.0, 27.0, 26.0, 25.0, 24.0, 23.0, 22.0, 21.0, 20.0, 19.0, 18.0, 17.0, 16.0, 15.0, 14.0, 13.0, 12.0, 11.0, 10.0, 9.0, 8.0, 7.0, 6.0, 5.0, 4.0, 3.0, 2.0, 1.0, 0.0], "RMSE": 16.22}