{"mean": [114.58232116699219, 111.07548522949219, 106.57853698730469, 113.93379211425781, 107.7877197265625, 106.85179138183594, 108.28768157958984, 114.04559326171875, 107.55534362792969, 108.61216735839844, 110.0776596069336, 110.94139099121094, 112.723876953125, 104.76622009277344, 103.8889389038086, 99.97107696533203, 105.71916198730469, 113.41902923583984, 106.59110260009766, 99.897216796875, 109.6492919921875, 103.84101867675781, 111.41593933105469, 107.7735366821289, 105.9463119506836, 111.6191635131836, 97.4482421875, 107.24188232421875, 108.39991760253906, 102.8508071899414, 106.5339126586914, 107.78875732421875, 98.86799621582031, 108.19682312011719, 101.1084213256836, 108.38078308105469, 113.45866394042969, 102.11103820800781, 114.56367492675781, 108.08982849121094, 101.67752075195312, 113.23067474365234, 101.41004943847656, 97.04985046386719, 98.9903564453125, 98.57708740234375, 97.08326721191406, 95.04113006591797, 92.64138793945312, 88.28680419921875, 93.63154602050781, 94.74574279785156, 93.69629669189453, 85.39208221435547, 92.99259948730469, 90.22318267822266, 80.64509582519531, 101.56317138671875, 86.93098449707031, 79.7341079711914, 83.59002685546875, 81.35118103027344, 78.66947174072266, 73.50869750976562, 82.96488952636719, 76.91728210449219, 73.49913024902344, 72.90684509277344, 71.00872802734375, 69.2356185913086, 65.26444244384766, 63.97673416137695, 61.144744873046875, 60.142234802246094, 57.62388229370117, 57.61920166015625, 55.013954162597656, 53.57029342651367, 51.914710998535156, 49.827842712402344, 49.33955764770508, 48.14698028564453, 47.80962371826172, 47.646400451660156, 43.2340202331543, 42.94158172607422, 40.56310272216797, 43.052330017089844, 38.28023147583008, 38.73755645751953, 36.50537872314453, 35.4195556640625, 33.832061767578125, 33.998619079589844, 32.70886993408203, 31.072101593017578, 29.478479385375977, 28.58633041381836, 26.664974212646484, 28.20709800720215, 26.168264389038086, 25.945154190063477, 25.290355682373047, 23.31554412841797, 23.354290008544922, 21.678956985473633, 21.844512939453125, 19.93069839477539, 18.20838165283203, 16.685510635375977, 15.76713752746582, 14.6746244430542, 14.01258373260498, 13.624841690063477, 12.59179973602295, 11.803121566772461, 10.5857515335083, 9.413165092468262, 8.532785415649414, 7.335731506347656, 6.452679634094238, 4.936091423034668, 4.384434700012207, 2.527214288711548, 1.8111951351165771], "var": [52.93912887573242, 111.99423217773438, 175.84925842285156, 33.93644714355469, 128.6965789794922, 224.3760986328125, 287.3855895996094, 53.01065444946289, 112.51333618164062, 49.9964599609375, 72.03559112548828, 118.79991912841797, 79.10211181640625, 147.3467559814453, 245.12254333496094, 181.35365295410156, 199.41766357421875, 50.41653823852539, 219.4780731201172, 267.94305419921875, 320.259521484375, 236.42820739746094, 189.96978759765625, 191.17306518554688, 191.08856201171875, 139.5132293701172, 323.83734130859375, 372.3276672363281, 215.7847137451172, 250.52149963378906, 129.9895477294922, 201.81675720214844, 408.5146484375, 83.5076904296875, 180.48268127441406, 44.08478927612305, 9.034504890441895, 244.45904541015625, 25.177982330322266, 174.48402404785156, 164.3264923095703, 38.7323112487793, 159.85169982910156, 182.29080200195312, 147.71832275390625, 209.4191131591797, 74.42933654785156, 115.7572021484375, 154.57801818847656, 241.85525512695312, 237.6137237548828, 126.27562713623047, 212.6739959716797, 190.1466522216797, 168.26785278320312, 181.63784790039062, 141.18397521972656, 40.625572204589844, 227.31385803222656, 75.29689025878906, 168.98684692382812, 166.9296112060547, 175.3190155029297, 62.419761657714844, 164.06460571289062, 228.53665161132812, 94.09351348876953, 49.035858154296875, 34.971282958984375, 40.94331359863281, 59.394500732421875, 48.70030212402344, 41.65791320800781, 26.457481384277344, 28.708209991455078, 64.2523193359375, 53.909576416015625, 23.87748146057129, 24.09053611755371, 12.852657318115234, 25.29908561706543, 27.874303817749023, 8.672564506530762, 32.50755310058594, 27.1512508392334, 11.109308242797852, 12.186562538146973, 26.765108108520508, 13.744183540344238, 13.3093843460083, 9.562736511230469, 5.7283406257629395, 7.983807563781738, 9.630834579467773, 5.108652114868164, 5.592691898345947, 3.278298854827881, 3.1736180782318115, 5.560850143432617, 4.922702789306641, 4.4070868492126465, 4.364445686340332, 1.6405858993530273, 1.57162344455719, 2.3954648971557617, 2.662274122238159, 1.241270661354065, 3.926466226577759, 2.1470837593078613, 1.8627492189407349, 1.909632682800293, 1.9792743921279907, 1.8417057991027832, 2.230224370956421, 1.1008425951004028, 2.0022451877593994, 0.6791723370552063, 0.6006773710250854, 0.6618295907974243, 0.37883397936820984, 0.19929012656211853, 0.9057731032371521, 0.8191139698028564, 0.34575772285461426, 0.16975340247154236], "true": [120.0, 120.0, 120.0, 120.0, 120.0, 119.0, 118.0, 117.0, 116.0, 115.0, 114.0, 113.0, 112.0, 111.0, 110.0, 109.0, 108.0, 107.0, 106.0, 105.0, 104.0, 103.0, 102.0, 101.0, 100.0, 99.0, 98.0, 97.0, 96.0, 95.0, 94.0, 93.0, 92.0, 91.0, 90.0, 89.0, 88.0, 87.0, 86.0, 85.0, 84.0, 83.0, 82.0, 81.0, 80.0, 79.0, 78.0, 77.0, 76.0, 75.0, 74.0, 73.0, 72.0, 71.0, 70.0, 69.0, 68.0, 67.0, 66.0, 65.0, 64.0, 63.0, 62.0, 61.0, 60.0, 59.0, 58.0, 57.0, 56.0, 55.0, 54.0, 53.0, 52.0, 51.0, 50.0, 49.0, 48.0, 47.0, 46.0, 45.0, 44.0, 43.0, 42.0, 41.0, 40.0, 39.0, 38.0, 37.0, 36.0, 35.0, 34.0, 33.0, 32.0, 31.0, 30.0, 29.0, 28.0, 27.0, 26.0, 25.0, 24.0, 23.0, 22.0, 21.0, 20.0, 19.0, 18.0, 17.0, 16.0, 15.0, 14.0, 13.0, 12.0, 11.0, 10.0, 9.0, 8.0, 7.0, 6.0, 5.0, 4.0, 3.0, 2.0, 1.0, 0.0], "RMSE": 11.84}