{"mean": [112.0020980834961, 113.79266357421875, 115.3909912109375, 113.76163482666016, 114.43244934082031, 113.55206298828125, 114.8498306274414, 113.87664794921875, 114.53511047363281, 113.72271728515625, 114.13459777832031, 111.31086730957031, 107.49568176269531, 108.72196197509766, 102.35029602050781, 103.20518493652344, 99.16557312011719, 99.45680236816406, 94.70008087158203, 91.80117797851562, 90.3564453125, 85.40367889404297, 83.61042022705078, 82.5802230834961, 80.71002197265625, 82.3116455078125, 84.03221130371094, 84.24016571044922, 84.87238311767578, 82.2488021850586, 84.48027038574219, 86.5279541015625, 83.79096984863281, 84.85380554199219, 86.45806884765625, 86.94048309326172, 92.34293365478516, 88.7856674194336, 86.71202087402344, 82.7272720336914, 81.92318725585938, 82.4927749633789, 78.0975570678711, 73.717041015625, 73.78768920898438, 70.489990234375, 66.20496368408203, 62.413185119628906, 60.851417541503906, 61.551658630371094, 59.39896774291992, 56.7056770324707, 56.60888671875, 56.12860107421875, 54.69841766357422, 55.51741409301758, 55.0982780456543, 53.84844207763672, 53.11748123168945, 52.3875617980957, 51.819252014160156, 51.75728225708008, 51.786842346191406, 49.24409484863281, 49.82845687866211, 49.3736572265625, 47.38554000854492, 47.34560775756836, 49.857154846191406, 50.02347183227539, 48.64228057861328, 47.73078155517578, 47.07520294189453, 46.5053825378418, 42.07509994506836, 42.085235595703125, 39.34919357299805, 40.49401092529297, 40.977195739746094, 38.347476959228516, 36.78769302368164, 35.43388748168945, 34.096580505371094, 32.69155502319336, 30.97286033630371, 29.416133880615234, 25.046184539794922, 23.691293716430664, 23.28277587890625, 20.974056243896484, 19.54477882385254, 18.831178665161133, 17.639808654785156, 16.736812591552734, 15.211756706237793, 13.641140937805176, 12.440031051635742, 10.532342910766602, 9.281798362731934, 8.050150871276855, 6.374604225158691, 5.400363445281982, 4.242094993591309, 2.876605272293091, 2.0356638431549072, 1.1238229274749756], "var": [39.90297317504883, 37.31588363647461, 10.492330551147461, 10.11498737335205, 14.09433364868164, 19.074949264526367, 20.342073440551758, 19.545551300048828, 17.07768440246582, 15.631406784057617, 24.132080078125, 21.097742080688477, 39.38569259643555, 38.665287017822266, 57.009368896484375, 41.45990753173828, 36.90348815917969, 72.31084442138672, 49.657020568847656, 31.25501823425293, 70.65589141845703, 38.0094108581543, 36.404266357421875, 50.06930160522461, 63.525169372558594, 43.887935638427734, 40.05467224121094, 34.75802230834961, 33.542633056640625, 35.63528823852539, 47.157203674316406, 38.61246109008789, 48.176937103271484, 37.43299102783203, 31.691089630126953, 48.41670608520508, 113.19654083251953, 47.820919036865234, 101.59288024902344, 57.54489517211914, 56.45377731323242, 144.7803497314453, 40.70328140258789, 72.29354095458984, 65.97183227539062, 84.91417694091797, 79.75452423095703, 41.550655364990234, 46.122108459472656, 31.0388126373291, 30.304386138916016, 16.898914337158203, 17.856975555419922, 17.06888198852539, 13.857433319091797, 8.946077346801758, 6.122857093811035, 11.615341186523438, 8.961934089660645, 8.76870346069336, 6.838141918182373, 7.980949401855469, 8.828761100769043, 14.891986846923828, 10.918671607971191, 23.487247467041016, 10.783744812011719, 10.922511100769043, 13.89136791229248, 37.15180587768555, 18.631031036376953, 20.647216796875, 9.332147598266602, 17.07502555847168, 9.226146697998047, 13.843822479248047, 5.3891401290893555, 12.4753999710083, 19.4202880859375, 13.611220359802246, 16.52515983581543, 8.905718803405762, 6.713453769683838, 8.682182312011719, 8.156525611877441, 4.423102855682373, 3.695477247238159, 2.22502064704895, 3.0231642723083496, 1.53182053565979, 1.4721499681472778, 0.5358918905258179, 0.8085260391235352, 1.051819920539856, 0.6442750096321106, 0.9676564931869507, 0.3697018027305603, 0.7095295786857605, 0.5944696068763733, 0.5352349281311035, 0.5622103214263916, 0.33807557821273804, 0.4384223520755768, 1.1623791456222534, 0.5782578587532043, 0.8263928890228271], "true": [105.0, 104.0, 103.0, 102.0, 101.0, 100.0, 99.0, 98.0, 97.0, 96.0, 95.0, 94.0, 93.0, 92.0, 91.0, 90.0, 89.0, 88.0, 87.0, 86.0, 85.0, 84.0, 83.0, 82.0, 81.0, 80.0, 79.0, 78.0, 77.0, 76.0, 75.0, 74.0, 73.0, 72.0, 71.0, 70.0, 69.0, 68.0, 67.0, 66.0, 65.0, 64.0, 63.0, 62.0, 61.0, 60.0, 59.0, 58.0, 57.0, 56.0, 55.0, 54.0, 53.0, 52.0, 51.0, 50.0, 49.0, 48.0, 47.0, 46.0, 45.0, 44.0, 43.0, 42.0, 41.0, 40.0, 39.0, 38.0, 37.0, 36.0, 35.0, 34.0, 33.0, 32.0, 31.0, 30.0, 29.0, 28.0, 27.0, 26.0, 25.0, 24.0, 23.0, 22.0, 21.0, 20.0, 19.0, 18.0, 17.0, 16.0, 15.0, 14.0, 13.0, 12.0, 11.0, 10.0, 9.0, 8.0, 7.0, 6.0, 5.0, 4.0, 3.0, 2.0, 1.0, 0.0], "RMSE": 10.56}