{"mean": [106.97026062011719, 106.98380279541016, 103.7325210571289, 107.72615051269531, 108.6181411743164, 109.48112487792969, 102.21772766113281, 108.98809814453125, 109.02748107910156, 106.87615966796875, 104.3141098022461, 107.32625579833984, 107.7286605834961, 105.73387145996094, 111.07780456542969, 105.21992492675781, 108.40415954589844, 110.87947845458984, 105.9610595703125, 109.41825103759766, 106.83309173583984, 109.8927001953125, 109.19752502441406, 111.60490417480469, 110.8395767211914, 109.13983154296875, 109.70047760009766, 109.16871643066406, 104.40339660644531, 108.16419982910156, 106.036865234375, 108.1430892944336, 107.7748794555664, 107.11430358886719, 107.93729400634766, 105.4613037109375, 104.91410827636719, 106.87382507324219, 104.07939147949219, 105.6657485961914, 104.64176940917969, 100.7312240600586, 105.92543029785156, 109.4195785522461, 100.1019287109375, 107.44950103759766, 97.81239318847656, 101.45674896240234, 105.46403503417969, 99.18359375, 99.15511322021484, 97.37950134277344, 90.73716735839844, 95.55769348144531, 102.20860290527344, 93.8223648071289, 94.62338256835938, 93.61906433105469, 89.5367202758789, 93.0832748413086, 89.23556518554688, 91.36024475097656, 88.9985580444336, 89.37666320800781, 85.5314712524414, 87.29853820800781, 88.47505187988281, 87.45967102050781, 87.24571228027344, 78.46812438964844, 81.80792999267578, 83.9996566772461, 77.03919219970703, 79.68366241455078, 79.9502944946289, 75.01465606689453, 71.4105224609375, 71.3703384399414, 73.78704833984375, 70.16067504882812, 67.87547302246094, 69.217041015625, 66.5058364868164, 71.12755584716797, 65.70691680908203, 66.48007202148438, 63.891883850097656, 63.772613525390625, 60.07738494873047, 63.556312561035156, 57.72705078125, 60.956459045410156, 58.444984436035156, 59.01451873779297, 57.543479919433594, 56.020851135253906, 59.135719299316406, 57.10102462768555, 55.079490661621094, 55.05510330200195, 53.07844161987305, 54.76221466064453, 54.14643478393555, 49.084373474121094, 49.37800979614258, 50.72917938232422, 49.127349853515625, 48.89702606201172, 48.19446563720703, 46.74024200439453, 46.26228713989258, 46.26447677612305, 43.906028747558594, 43.53486251831055, 41.286048889160156, 40.47679138183594, 39.62793731689453, 38.68377685546875, 37.09305953979492, 35.571434020996094, 32.506141662597656, 32.141822814941406, 30.757308959960938, 28.780582427978516, 27.172155380249023], "var": [121.02973937988281, 128.94320678710938, 87.5915756225586, 130.39381408691406, 100.09716796875, 123.4172592163086, 134.99664306640625, 98.60020446777344, 86.74514770507812, 144.0782470703125, 175.51528930664062, 118.91059112548828, 113.69403839111328, 124.58721923828125, 88.3876953125, 153.29188537597656, 112.0374984741211, 133.89764404296875, 171.83677673339844, 110.52961730957031, 124.12005615234375, 56.481563568115234, 112.23029327392578, 65.48602294921875, 122.94523620605469, 51.92953109741211, 135.38075256347656, 127.44154357910156, 161.50656127929688, 68.64214324951172, 110.33142852783203, 128.7948760986328, 152.1248779296875, 128.03485107421875, 90.22268676757812, 131.63279724121094, 150.9674072265625, 67.52471923828125, 128.20822143554688, 70.95704650878906, 80.93338775634766, 256.5049743652344, 150.3311309814453, 99.83627319335938, 194.5157012939453, 101.41722106933594, 151.9994659423828, 160.90817260742188, 187.1420440673828, 130.91978454589844, 168.97459411621094, 119.5809555053711, 160.6503448486328, 138.6551055908203, 78.91069793701172, 165.6160888671875, 169.3800506591797, 116.58463287353516, 132.17587280273438, 219.9419708251953, 165.22605895996094, 212.8439483642578, 212.4817352294922, 185.06822204589844, 137.5535888671875, 173.27011108398438, 154.12472534179688, 154.46791076660156, 217.37376403808594, 169.70040893554688, 190.11831665039062, 110.25012969970703, 170.91612243652344, 86.02137756347656, 106.965087890625, 131.11959838867188, 95.87113952636719, 62.62958908081055, 57.00697326660156, 58.25041961669922, 66.67610931396484, 43.7442626953125, 42.4603271484375, 83.20378875732422, 52.02742385864258, 47.0521240234375, 67.37067413330078, 61.23918533325195, 41.012821197509766, 38.434967041015625, 55.49250793457031, 67.09115600585938, 27.64486312866211, 26.091398239135742, 72.20181274414062, 23.909631729125977, 30.12934112548828, 26.737075805664062, 20.762449264526367, 23.549901962280273, 7.364750385284424, 17.651376724243164, 19.698259353637695, 14.853362083435059, 15.629181861877441, 12.563390731811523, 16.715656280517578, 9.041921615600586, 12.907875061035156, 9.543155670166016, 5.8040690422058105, 8.583861351013184, 5.642943859100342, 11.130243301391602, 12.798192977905273, 4.716251373291016, 5.30122709274292, 10.500276565551758, 10.989736557006836, 11.289413452148438, 6.495518207550049, 8.408577919006348, 4.557120323181152, 4.480950355529785, 9.12163257598877], "true": [120.0, 120.0, 120.0, 120.0, 120.0, 119.0, 118.0, 117.0, 116.0, 115.0, 114.0, 113.0, 112.0, 111.0, 110.0, 109.0, 108.0, 107.0, 106.0, 105.0, 104.0, 103.0, 102.0, 101.0, 100.0, 99.0, 98.0, 97.0, 96.0, 95.0, 94.0, 93.0, 92.0, 91.0, 90.0, 89.0, 88.0, 87.0, 86.0, 85.0, 84.0, 83.0, 82.0, 81.0, 80.0, 79.0, 78.0, 77.0, 76.0, 75.0, 74.0, 73.0, 72.0, 71.0, 70.0, 69.0, 68.0, 67.0, 66.0, 65.0, 64.0, 63.0, 62.0, 61.0, 60.0, 59.0, 58.0, 57.0, 56.0, 55.0, 54.0, 53.0, 52.0, 51.0, 50.0, 49.0, 48.0, 47.0, 46.0, 45.0, 44.0, 43.0, 42.0, 41.0, 40.0, 39.0, 38.0, 37.0, 36.0, 35.0, 34.0, 33.0, 32.0, 31.0, 30.0, 29.0, 28.0, 27.0, 26.0, 25.0, 24.0, 23.0, 22.0, 21.0, 20.0, 19.0, 18.0, 17.0, 16.0, 15.0, 14.0, 13.0, 12.0, 11.0, 10.0, 9.0, 8.0, 7.0, 6.0, 5.0, 4.0, 3.0, 2.0, 1.0, 0.0], "RMSE": 23.93}