{"mean": [122.24241638183594, 122.58174133300781, 124.22640228271484, 122.62483978271484, 121.1231689453125, 119.1937484741211, 121.6865234375, 120.60721588134766, 122.5413589477539, 121.50152587890625, 121.7435302734375, 120.4710922241211, 120.66780853271484, 120.2029800415039, 119.07496643066406, 118.34893798828125, 119.42359924316406, 117.78873443603516, 119.9617919921875, 117.54106140136719, 115.82574462890625, 119.5071792602539, 119.53236389160156, 116.923583984375, 116.28021240234375, 116.60943603515625, 116.2685317993164, 119.6602783203125, 118.32060241699219, 118.6333236694336, 115.66410064697266, 115.95279693603516, 114.9240951538086, 111.9730453491211, 113.6912612915039, 115.3544692993164, 116.07475280761719, 116.98170471191406, 117.67586517333984, 113.1900405883789, 111.48136138916016, 107.38938903808594, 107.42558288574219, 106.15348052978516, 105.69254302978516, 107.5069351196289, 102.3650131225586, 101.34419250488281, 104.39799499511719, 96.68769836425781, 89.27652740478516, 98.70343017578125, 87.05854797363281, 86.06956481933594, 81.17706298828125, 83.50823974609375, 77.92999267578125, 81.31101989746094, 73.58570861816406, 73.81730651855469, 67.04239654541016, 65.72811889648438, 69.68125915527344, 63.507835388183594, 61.4986572265625, 56.46778106689453, 53.1594352722168, 55.53925323486328, 55.039337158203125, 53.785484313964844, 56.890899658203125, 51.76161575317383, 51.8522834777832, 50.40166473388672, 50.80024719238281, 48.756221771240234, 48.07764434814453, 48.859413146972656, 46.06626510620117, 44.22807693481445, 44.839691162109375, 44.43446350097656, 42.06013107299805, 41.914329528808594, 40.599586486816406, 40.140892028808594, 39.129676818847656, 37.50270462036133, 36.978580474853516, 35.79620361328125, 35.155906677246094, 32.68690872192383, 33.00513458251953, 31.027584075927734, 29.972366333007812, 30.137744903564453, 28.562923431396484, 26.933788299560547, 25.861690521240234, 24.676979064941406, 24.13178253173828, 22.856435775756836, 22.540393829345703, 22.27837371826172, 20.782649993896484, 20.00344467163086, 19.404308319091797, 17.445892333984375, 15.919807434082031, 14.25317096710205, 12.45528793334961, 12.2966890335083, 11.316990852355957, 11.440585136413574, 10.427738189697266, 9.531717300415039, 8.448541641235352, 7.587380886077881, 6.6016130447387695, 5.431558609008789, 4.419768810272217, 3.3442649841308594, 2.1732616424560547, 1.1388410329818726, 0.3398633599281311], "var": [31.76821517944336, 24.01516342163086, 40.177982330322266, 18.08710289001465, 14.094099044799805, 30.038848876953125, 23.15224838256836, 45.828182220458984, 18.819801330566406, 33.729530334472656, 25.59671974182129, 18.790180206298828, 23.00968360900879, 35.114688873291016, 32.13996505737305, 24.638418197631836, 30.44666862487793, 21.458951950073242, 52.47087478637695, 29.934017181396484, 42.82090759277344, 40.749114990234375, 34.82716369628906, 43.64910125732422, 39.303558349609375, 62.6318473815918, 87.247802734375, 64.50979614257812, 30.900327682495117, 36.5859260559082, 29.736995697021484, 134.3583526611328, 77.72655487060547, 82.54179382324219, 139.64862060546875, 105.61821746826172, 59.20793151855469, 59.55701446533203, 48.085060119628906, 41.52267074584961, 109.97652435302734, 173.58619689941406, 222.25180053710938, 227.9166259765625, 186.56710815429688, 84.33356475830078, 189.74395751953125, 207.61972045898438, 212.71092224121094, 133.73402404785156, 169.67977905273438, 152.65516662597656, 166.4979248046875, 146.74313354492188, 244.70761108398438, 241.40121459960938, 216.01382446289062, 177.81614685058594, 170.18194580078125, 283.806884765625, 106.83329772949219, 114.7450942993164, 197.34510803222656, 144.10040283203125, 169.45394897460938, 47.480831146240234, 22.432893753051758, 65.04147338867188, 29.20113182067871, 36.709442138671875, 48.134765625, 21.094236373901367, 34.552391052246094, 38.19797897338867, 41.237056732177734, 30.333524703979492, 17.267045974731445, 26.65125846862793, 11.841533660888672, 13.079968452453613, 12.144750595092773, 12.345271110534668, 17.83051109313965, 8.00360107421875, 15.937950134277344, 9.741043090820312, 5.950161457061768, 12.415974617004395, 18.006532669067383, 10.403660774230957, 8.420512199401855, 11.773128509521484, 10.404716491699219, 9.189068794250488, 8.558710098266602, 6.995645046234131, 5.445873737335205, 3.5756771564483643, 5.597476005554199, 4.617984771728516, 2.78928279876709, 3.1916699409484863, 3.746713399887085, 3.7468504905700684, 3.5005297660827637, 2.5852739810943604, 1.8208454847335815, 2.308215379714966, 1.0601221323013306, 1.2588858604431152, 0.7110082507133484, 1.7914085388183594, 0.8883087038993835, 2.4445226192474365, 1.4218343496322632, 1.36769437789917, 0.6029231548309326, 0.87424236536026, 1.0381227731704712, 0.6743522882461548, 0.9056488871574402, 0.9183105230331421, 0.4597226083278656, 0.5934072732925415, 0.7778698205947876], "true": [120.0, 120.0, 120.0, 120.0, 120.0, 119.0, 118.0, 117.0, 116.0, 115.0, 114.0, 113.0, 112.0, 111.0, 110.0, 109.0, 108.0, 107.0, 106.0, 105.0, 104.0, 103.0, 102.0, 101.0, 100.0, 99.0, 98.0, 97.0, 96.0, 95.0, 94.0, 93.0, 92.0, 91.0, 90.0, 89.0, 88.0, 87.0, 86.0, 85.0, 84.0, 83.0, 82.0, 81.0, 80.0, 79.0, 78.0, 77.0, 76.0, 75.0, 74.0, 73.0, 72.0, 71.0, 70.0, 69.0, 68.0, 67.0, 66.0, 65.0, 64.0, 63.0, 62.0, 61.0, 60.0, 59.0, 58.0, 57.0, 56.0, 55.0, 54.0, 53.0, 52.0, 51.0, 50.0, 49.0, 48.0, 47.0, 46.0, 45.0, 44.0, 43.0, 42.0, 41.0, 40.0, 39.0, 38.0, 37.0, 36.0, 35.0, 34.0, 33.0, 32.0, 31.0, 30.0, 29.0, 28.0, 27.0, 26.0, 25.0, 24.0, 23.0, 22.0, 21.0, 20.0, 19.0, 18.0, 17.0, 16.0, 15.0, 14.0, 13.0, 12.0, 11.0, 10.0, 9.0, 8.0, 7.0, 6.0, 5.0, 4.0, 3.0, 2.0, 1.0, 0.0], "RMSE": 12.71}