{"mean": [119.31532287597656, 116.63201904296875, 117.47916412353516, 123.22798919677734, 119.51118469238281, 118.548095703125, 120.62620544433594, 117.60599517822266, 120.1185302734375, 120.9189453125, 119.61092376708984, 121.29608154296875, 118.8005599975586, 121.8488998413086, 119.56166076660156, 119.4760971069336, 123.6703872680664, 122.2703857421875, 120.50718688964844, 120.08567810058594, 118.7215576171875, 118.84931945800781, 119.7091293334961, 118.42579650878906, 119.08283996582031, 116.52587890625, 122.05348205566406, 118.76371765136719, 118.51922607421875, 117.5914306640625, 115.4627914428711, 121.19181060791016, 117.68150329589844, 115.58802795410156, 116.52207946777344, 113.42887878417969, 111.62554931640625, 112.51332092285156, 113.46224212646484, 111.6584701538086, 110.79051208496094, 109.91845703125, 103.8023910522461, 107.32613372802734, 103.36527252197266, 101.80538177490234, 96.41956329345703, 97.48304748535156, 97.317626953125, 99.70744323730469, 90.01701354980469, 95.79066467285156, 86.47085571289062, 93.77507019042969, 82.14924621582031, 87.2823257446289, 79.59565734863281, 75.43403625488281, 73.04463195800781, 71.91426849365234, 77.36543273925781, 66.49192810058594, 68.8135757446289, 65.42634582519531, 61.9248161315918, 66.05126953125, 60.91254806518555, 69.5177230834961, 57.0152587890625, 58.73915481567383, 54.4456672668457, 60.014068603515625, 54.16545867919922, 52.6053352355957, 51.015689849853516, 51.32990646362305, 51.434654235839844, 51.02717590332031, 47.79215621948242, 47.59827423095703, 45.936126708984375, 44.53477478027344, 44.68492126464844, 43.82923889160156, 41.73543930053711, 40.97744369506836, 39.18727111816406, 38.65430450439453, 38.09076690673828, 35.223453521728516, 35.095115661621094, 34.145084381103516, 34.725528717041016, 32.538597106933594, 30.920101165771484, 30.27864646911621, 30.6921329498291, 28.730083465576172, 28.06106948852539, 26.420516967773438, 25.947803497314453, 24.666332244873047, 23.814876556396484, 23.609249114990234, 22.699697494506836, 20.996387481689453, 20.547504425048828, 19.28584861755371, 18.869970321655273, 17.514068603515625, 15.819666862487793, 15.026145935058594, 13.655512809753418, 12.911051750183105, 12.339634895324707, 12.339086532592773, 11.377524375915527, 9.87385368347168, 8.74302864074707, 8.156441688537598, 6.53563928604126, 5.674607276916504, 4.372025012969971, 3.389151096343994, 2.739170789718628], "var": [55.41834259033203, 17.794347763061523, 14.355403900146484, 16.296791076660156, 18.700700759887695, 20.500185012817383, 45.833251953125, 59.73960494995117, 38.096256256103516, 18.88462257385254, 27.776092529296875, 45.86363220214844, 15.84540843963623, 28.033309936523438, 17.95577049255371, 38.178951263427734, 12.59196949005127, 20.87196922302246, 12.102560997009277, 25.406888961791992, 27.715436935424805, 71.25142669677734, 52.582393646240234, 26.12545394897461, 33.953819274902344, 88.96318054199219, 20.67548370361328, 31.779104232788086, 9.3417329788208, 67.66222381591797, 51.763545989990234, 7.517449855804443, 55.21692657470703, 33.736228942871094, 69.60760498046875, 40.92783737182617, 102.05794525146484, 37.71327209472656, 41.18218231201172, 25.82392692565918, 95.76007080078125, 130.67074584960938, 210.33230590820312, 91.56597900390625, 114.76898193359375, 105.48040771484375, 169.89694213867188, 178.2318115234375, 215.2958984375, 144.38900756835938, 80.4204330444336, 144.18576049804688, 82.63086700439453, 326.6817932128906, 154.44601440429688, 221.0620880126953, 120.74983215332031, 103.76006317138672, 91.23169708251953, 100.43751525878906, 147.6593780517578, 82.32333374023438, 124.89790344238281, 153.29396057128906, 41.366859436035156, 112.16450500488281, 80.43124389648438, 211.7430419921875, 63.16797637939453, 70.703369140625, 25.714750289916992, 91.00457763671875, 21.036561965942383, 32.886863708496094, 22.869356155395508, 42.85924530029297, 18.99226188659668, 12.158872604370117, 23.97857093811035, 18.193628311157227, 9.058079719543457, 12.589876174926758, 15.724393844604492, 14.70799732208252, 7.326253414154053, 3.690289258956909, 7.290186405181885, 3.302177667617798, 3.8267557621002197, 4.690482139587402, 6.666742324829102, 1.0728780031204224, 4.6826090812683105, 5.2567572593688965, 2.424402952194214, 2.938540458679199, 3.1399519443511963, 0.7021706700325012, 2.1037490367889404, 4.615663051605225, 1.9557833671569824, 3.070631504058838, 2.0365474224090576, 1.9907242059707642, 3.11629056930542, 3.259063959121704, 3.4620063304901123, 1.207464337348938, 1.2045906782150269, 1.1262292861938477, 1.1929247379302979, 0.8614544868469238, 1.985400915145874, 1.7440589666366577, 0.8643801212310791, 1.2406827211380005, 0.4443920850753784, 0.5406162738800049, 0.463127076625824, 0.4538945257663727, 0.4841569662094116, 0.30028027296066284, 0.9504439234733582, 0.5118517279624939, 0.35484611988067627], "true": [120.0, 120.0, 120.0, 120.0, 120.0, 119.0, 118.0, 117.0, 116.0, 115.0, 114.0, 113.0, 112.0, 111.0, 110.0, 109.0, 108.0, 107.0, 106.0, 105.0, 104.0, 103.0, 102.0, 101.0, 100.0, 99.0, 98.0, 97.0, 96.0, 95.0, 94.0, 93.0, 92.0, 91.0, 90.0, 89.0, 88.0, 87.0, 86.0, 85.0, 84.0, 83.0, 82.0, 81.0, 80.0, 79.0, 78.0, 77.0, 76.0, 75.0, 74.0, 73.0, 72.0, 71.0, 70.0, 69.0, 68.0, 67.0, 66.0, 65.0, 64.0, 63.0, 62.0, 61.0, 60.0, 59.0, 58.0, 57.0, 56.0, 55.0, 54.0, 53.0, 52.0, 51.0, 50.0, 49.0, 48.0, 47.0, 46.0, 45.0, 44.0, 43.0, 42.0, 41.0, 40.0, 39.0, 38.0, 37.0, 36.0, 35.0, 34.0, 33.0, 32.0, 31.0, 30.0, 29.0, 28.0, 27.0, 26.0, 25.0, 24.0, 23.0, 22.0, 21.0, 20.0, 19.0, 18.0, 17.0, 16.0, 15.0, 14.0, 13.0, 12.0, 11.0, 10.0, 9.0, 8.0, 7.0, 6.0, 5.0, 4.0, 3.0, 2.0, 1.0, 0.0], "RMSE": 12.77}