{"mean": [108.55702209472656, 102.04695129394531, 110.33782958984375, 113.29925537109375, 113.053466796875, 111.69309997558594, 107.9011459350586, 108.88084411621094, 108.40110778808594, 117.07850646972656, 103.13505554199219, 110.19271087646484, 108.46226501464844, 109.93082427978516, 110.00932312011719, 104.0896224975586, 104.50059509277344, 115.6698226928711, 110.77559661865234, 108.48143005371094, 101.736328125, 113.87454986572266, 104.67012023925781, 106.58585357666016, 105.57913970947266, 100.45631408691406, 113.56282043457031, 103.7676010131836, 111.77713775634766, 103.9411849975586, 105.87384033203125, 107.9219741821289, 103.2661361694336, 96.98970031738281, 107.53536224365234, 99.5109634399414, 102.60240173339844, 107.2293472290039, 108.01834869384766, 106.89891052246094, 100.97636413574219, 94.64714050292969, 101.52762603759766, 98.45120239257812, 99.18194580078125, 101.67793273925781, 99.59236145019531, 100.5951919555664, 93.55664825439453, 97.71904754638672, 90.70801544189453, 86.46537780761719, 92.09200286865234, 96.32454681396484, 80.00437927246094, 91.84083557128906, 85.85342407226562, 83.81420135498047, 86.15576934814453, 88.85675811767578, 84.14803314208984, 86.1565170288086, 85.43391418457031, 77.14263916015625, 83.53631591796875, 78.9400405883789, 74.09272766113281, 67.89915466308594, 70.47499084472656, 72.07563018798828, 68.33775329589844, 64.29159545898438, 59.21903610229492, 59.73089599609375, 58.38239669799805, 54.6834831237793, 54.38508987426758, 51.10466766357422, 50.92005157470703, 52.4984016418457, 50.59526443481445, 47.88189697265625, 45.548954010009766, 45.76411819458008, 41.97524642944336, 42.205894470214844, 40.347389221191406, 40.71320343017578, 39.992313385009766, 38.530540466308594, 38.11034393310547, 34.83161163330078, 34.10723114013672, 32.65850830078125, 32.528099060058594, 32.35410690307617, 29.646533966064453, 27.943462371826172, 27.862401962280273, 27.00421142578125, 25.40852928161621, 24.952648162841797, 24.91669273376465, 22.852874755859375, 23.551000595092773, 22.808746337890625, 21.425813674926758, 19.763534545898438, 18.672256469726562, 17.659774780273438, 15.435152053833008, 15.360122680664062, 14.12809944152832, 13.745920181274414, 11.939470291137695, 12.029890060424805, 10.666414260864258, 9.130659103393555, 8.514404296875, 7.43787145614624, 5.836547374725342, 4.787543773651123, 4.121776103973389, 2.9260473251342773, 1.753594160079956], "var": [85.32149505615234, 107.7758560180664, 125.80509185791016, 50.65861511230469, 53.424720764160156, 70.96158599853516, 168.27798461914062, 45.87216567993164, 81.05570220947266, 21.137662887573242, 153.13584899902344, 80.64616394042969, 212.50425720214844, 97.49215698242188, 107.5194320678711, 168.1829833984375, 188.9542999267578, 93.65850067138672, 151.02488708496094, 238.07664489746094, 173.0251922607422, 147.61865234375, 344.74871826171875, 154.8855438232422, 128.94898986816406, 261.40399169921875, 64.395263671875, 282.5433044433594, 47.45610809326172, 224.17921447753906, 172.23199462890625, 221.7567138671875, 150.76805114746094, 391.8544006347656, 54.084259033203125, 237.09584045410156, 145.4823455810547, 91.78874206542969, 210.974609375, 301.58868408203125, 223.85646057128906, 443.8454284667969, 243.6483612060547, 305.0599670410156, 338.50933837890625, 157.28607177734375, 159.11026000976562, 173.02011108398438, 235.19403076171875, 168.3747100830078, 193.3897247314453, 285.7496032714844, 144.7355499267578, 69.92903137207031, 231.53379821777344, 317.14111328125, 157.1769561767578, 194.4299774169922, 100.80608367919922, 137.9300994873047, 66.7979965209961, 108.34247589111328, 252.19715881347656, 303.7381591796875, 154.7174835205078, 179.74281311035156, 93.28217315673828, 84.49445343017578, 88.48202514648438, 139.1657257080078, 52.07692337036133, 99.96143341064453, 68.64544677734375, 27.66535186767578, 35.20749282836914, 29.018997192382812, 7.176476955413818, 22.736413955688477, 23.61719512939453, 41.55964660644531, 12.999711036682129, 22.535037994384766, 13.993993759155273, 5.362126350402832, 12.726975440979004, 16.916677474975586, 13.500654220581055, 21.56536865234375, 27.659826278686523, 6.877320289611816, 6.048756122589111, 6.365731239318848, 3.950147867202759, 9.842517852783203, 6.907984733581543, 12.493366241455078, 7.275742053985596, 2.8479902744293213, 6.531769275665283, 2.8402445316314697, 3.2977027893066406, 4.107921600341797, 2.1279828548431396, 4.468017578125, 4.28338098526001, 2.8206496238708496, 2.755669116973877, 1.8770731687545776, 3.0053977966308594, 2.799389123916626, 3.665260076522827, 2.558356523513794, 1.9134098291397095, 3.0422282218933105, 1.723044991493225, 0.6532571911811829, 1.18076753616333, 0.39639997482299805, 0.9101147055625916, 0.25894805788993835, 0.2580428421497345, 0.763742208480835, 0.25825440883636475, 0.39095279574394226, 0.3983573913574219], "true": [120.0, 120.0, 120.0, 120.0, 120.0, 119.0, 118.0, 117.0, 116.0, 115.0, 114.0, 113.0, 112.0, 111.0, 110.0, 109.0, 108.0, 107.0, 106.0, 105.0, 104.0, 103.0, 102.0, 101.0, 100.0, 99.0, 98.0, 97.0, 96.0, 95.0, 94.0, 93.0, 92.0, 91.0, 90.0, 89.0, 88.0, 87.0, 86.0, 85.0, 84.0, 83.0, 82.0, 81.0, 80.0, 79.0, 78.0, 77.0, 76.0, 75.0, 74.0, 73.0, 72.0, 71.0, 70.0, 69.0, 68.0, 67.0, 66.0, 65.0, 64.0, 63.0, 62.0, 61.0, 60.0, 59.0, 58.0, 57.0, 56.0, 55.0, 54.0, 53.0, 52.0, 51.0, 50.0, 49.0, 48.0, 47.0, 46.0, 45.0, 44.0, 43.0, 42.0, 41.0, 40.0, 39.0, 38.0, 37.0, 36.0, 35.0, 34.0, 33.0, 32.0, 31.0, 30.0, 29.0, 28.0, 27.0, 26.0, 25.0, 24.0, 23.0, 22.0, 21.0, 20.0, 19.0, 18.0, 17.0, 16.0, 15.0, 14.0, 13.0, 12.0, 11.0, 10.0, 9.0, 8.0, 7.0, 6.0, 5.0, 4.0, 3.0, 2.0, 1.0, 0.0], "RMSE": 11.58}