{"mean": [117.83528137207031, 115.9716796875, 115.91853332519531, 121.16526794433594, 117.18574523925781, 118.39146423339844, 119.40974426269531, 118.30496978759766, 121.20101165771484, 115.0052490234375, 115.35066223144531, 117.61578369140625, 117.53483581542969, 113.404296875, 115.05169677734375, 115.28654479980469, 113.5714340209961, 115.0247802734375, 116.7286376953125, 111.62074279785156, 116.60685729980469, 110.0252685546875, 113.83497619628906, 114.69773864746094, 113.2083969116211, 109.78096771240234, 112.08027648925781, 110.82679748535156, 109.64851379394531, 105.45442199707031, 108.06123352050781, 99.24542236328125, 100.3832015991211, 98.80648803710938, 106.67891693115234, 105.33353424072266, 98.15689086914062, 103.30025482177734, 98.44551086425781, 94.05326843261719, 97.57362365722656, 93.67265319824219, 98.46356201171875, 89.18406677246094, 91.84578704833984, 96.9320068359375, 88.63532257080078, 89.2110366821289, 79.8158187866211, 91.90492248535156, 86.32244110107422, 85.61097717285156, 84.09285736083984, 89.10569763183594, 76.33914184570312, 71.78589630126953, 72.53547668457031, 77.14493560791016, 70.77101135253906, 70.52970123291016, 70.00917053222656, 73.92266845703125, 69.26408386230469, 66.56092071533203, 74.4269027709961, 66.6888427734375, 63.30046463012695, 57.40917205810547, 57.910057067871094, 62.3809814453125, 58.68782424926758, 58.185890197753906, 54.97411346435547, 57.32829666137695, 54.4755744934082, 58.23101806640625, 55.00883102416992, 50.00627899169922, 50.83695602416992, 50.40770721435547, 47.010135650634766, 47.060264587402344, 43.927879333496094, 44.83715057373047, 43.319454193115234, 42.783023834228516, 41.98861312866211, 40.13232421875, 40.849693298339844, 38.51628112792969, 39.439064025878906, 36.57158279418945, 35.84111785888672, 35.17394256591797, 33.23334884643555, 32.72032928466797, 30.693450927734375, 29.663448333740234, 28.0455322265625, 27.48899269104004, 26.768600463867188, 26.20785903930664, 25.201595306396484, 25.754602432250977, 23.629932403564453, 25.173667907714844, 22.710956573486328, 22.148935317993164, 19.968448638916016, 20.043487548828125, 16.959674835205078, 17.141841888427734, 15.70899486541748, 14.95689582824707, 14.564274787902832, 13.69688606262207, 13.284612655639648, 11.952882766723633, 11.114184379577637, 10.058269500732422, 8.083353042602539, 7.104433536529541, 6.113824844360352, 5.401569366455078, 4.4317946434021, 3.082396984100342, 2.384917736053467], "var": [26.417888641357422, 63.4425048828125, 24.54663848876953, 19.349454879760742, 50.08121871948242, 19.426197052001953, 16.997690200805664, 40.80323028564453, 52.38383865356445, 57.35958480834961, 54.944129943847656, 26.68993377685547, 63.6676139831543, 41.501319885253906, 52.34126663208008, 58.617286682128906, 65.65275573730469, 25.792556762695312, 28.906707763671875, 49.58967590332031, 52.202911376953125, 87.44283294677734, 62.44202423095703, 20.141904830932617, 114.91221618652344, 79.69022369384766, 56.82747268676758, 73.48411560058594, 72.84991455078125, 103.56694793701172, 65.18550872802734, 148.64537048339844, 146.2694091796875, 189.15911865234375, 111.59136962890625, 54.65546798706055, 112.18524169921875, 276.7373352050781, 178.04986572265625, 254.2251739501953, 241.80654907226562, 298.64605712890625, 183.8208465576172, 241.9193115234375, 174.41200256347656, 209.66790771484375, 333.6831359863281, 222.4901885986328, 190.12506103515625, 317.5169372558594, 184.83953857421875, 344.96453857421875, 279.8850402832031, 135.9885711669922, 188.9327850341797, 88.36686706542969, 175.8483428955078, 139.3369903564453, 122.80850219726562, 89.04074096679688, 87.37644958496094, 82.01034545898438, 212.26072692871094, 79.33928680419922, 157.71145629882812, 80.15131378173828, 101.74312591552734, 35.8685302734375, 13.456356048583984, 90.95339965820312, 109.86933898925781, 66.17729187011719, 50.65935134887695, 46.063804626464844, 36.585357666015625, 67.9886703491211, 49.59973907470703, 30.748567581176758, 14.187488555908203, 34.551780700683594, 8.849776268005371, 7.350245475769043, 28.183130264282227, 14.305179595947266, 6.400149822235107, 12.796332359313965, 5.863598823547363, 11.551436424255371, 29.480140686035156, 13.768878936767578, 11.605114936828613, 7.505735874176025, 2.4328415393829346, 8.503561973571777, 3.2938179969787598, 8.030081748962402, 1.7785913944244385, 5.687926292419434, 9.490267753601074, 4.479079723358154, 1.880821943283081, 5.339651584625244, 1.1081173419952393, 4.859812259674072, 3.5353782176971436, 5.629016399383545, 2.1366560459136963, 4.378644943237305, 2.398784637451172, 2.5133533477783203, 2.0693891048431396, 3.918926477432251, 3.124382257461548, 3.6335675716400146, 0.9387026429176331, 2.5285823345184326, 1.0717698335647583, 1.1083242893218994, 1.128024697303772, 1.3227604627609253, 0.2575835883617401, 0.44264599680900574, 0.4448014199733734, 0.5286935567855835, 0.5485808253288269, 0.3618488609790802, 0.20114241540431976], "true": [120.0, 120.0, 120.0, 120.0, 120.0, 120.0, 120.0, 119.0, 118.0, 117.0, 116.0, 115.0, 114.0, 113.0, 112.0, 111.0, 110.0, 109.0, 108.0, 107.0, 106.0, 105.0, 104.0, 103.0, 102.0, 101.0, 100.0, 99.0, 98.0, 97.0, 96.0, 95.0, 94.0, 93.0, 92.0, 91.0, 90.0, 89.0, 88.0, 87.0, 86.0, 85.0, 84.0, 83.0, 82.0, 81.0, 80.0, 79.0, 78.0, 77.0, 76.0, 75.0, 74.0, 73.0, 72.0, 71.0, 70.0, 69.0, 68.0, 67.0, 66.0, 65.0, 64.0, 63.0, 62.0, 61.0, 60.0, 59.0, 58.0, 57.0, 56.0, 55.0, 54.0, 53.0, 52.0, 51.0, 50.0, 49.0, 48.0, 47.0, 46.0, 45.0, 44.0, 43.0, 42.0, 41.0, 40.0, 39.0, 38.0, 37.0, 36.0, 35.0, 34.0, 33.0, 32.0, 31.0, 30.0, 29.0, 28.0, 27.0, 26.0, 25.0, 24.0, 23.0, 22.0, 21.0, 20.0, 19.0, 18.0, 17.0, 16.0, 15.0, 14.0, 13.0, 12.0, 11.0, 10.0, 9.0, 8.0, 7.0, 6.0, 5.0, 4.0, 3.0, 2.0, 1.0, 0.0], "RMSE": 6.3}