{"mean": [102.5086898803711, 113.66285705566406, 107.12568664550781, 102.89131164550781, 106.56239318847656, 95.09666442871094, 101.36967468261719, 99.76655578613281, 94.17032623291016, 88.6294937133789, 95.71607971191406, 97.98946380615234, 90.87294006347656, 91.53700256347656, 84.64788055419922, 90.64041137695312, 87.34455871582031, 95.97635650634766, 84.40909576416016, 91.47563934326172, 89.30818939208984, 89.24945831298828, 83.9662857055664, 85.42919158935547, 86.99974060058594, 84.03672790527344, 84.23516082763672, 86.98736572265625, 94.70097351074219, 88.05338287353516, 78.47068786621094, 85.92686462402344, 86.1019515991211, 73.3135986328125, 76.52548217773438, 79.62385559082031, 81.03995513916016, 83.8818359375, 84.18336486816406, 81.74259948730469, 75.70454406738281, 70.22293853759766, 77.33467102050781, 75.96784973144531, 69.69893646240234, 69.85403442382812, 69.20504760742188, 77.98260498046875, 70.85343170166016, 69.86188507080078, 66.1660385131836, 73.24787139892578, 61.153602600097656, 60.9961051940918, 60.961158752441406, 57.697898864746094, 56.914573669433594, 55.65386962890625, 55.3262939453125, 55.83568572998047, 53.1255989074707, 52.54158401489258, 50.48365020751953, 50.487247467041016, 48.14792251586914, 44.044193267822266, 43.098304748535156, 45.249298095703125, 41.26615905761719, 41.7254638671875, 39.26585006713867, 39.0955696105957, 37.477821350097656, 36.92603302001953, 35.655120849609375, 34.40516662597656, 33.29197311401367, 30.883991241455078, 30.417236328125, 29.0380859375, 28.242778778076172, 27.258941650390625, 25.985431671142578, 24.37883186340332, 23.58934211730957, 22.008398056030273, 21.79585075378418, 21.456802368164062, 20.081838607788086, 19.878459930419922, 18.023113250732422, 16.87705421447754, 15.143336296081543, 13.777005195617676, 13.8018217086792, 12.600150108337402, 11.489953994750977, 11.435556411743164, 10.51943302154541, 8.740158081054688, 7.831355094909668, 6.766190528869629, 5.763058185577393, 4.610169410705566, 3.419872999191284, 2.4264752864837646], "var": [80.41797637939453, 57.607505798339844, 42.67787551879883, 50.0373649597168, 131.6228485107422, 63.688106536865234, 264.6499328613281, 87.11402130126953, 201.05624389648438, 100.16127014160156, 96.9878158569336, 154.1209716796875, 109.38739013671875, 196.51449584960938, 116.25813293457031, 112.0353775024414, 158.82052612304688, 175.40438842773438, 81.62710571289062, 62.81340026855469, 47.16954040527344, 90.38214874267578, 118.7640151977539, 273.1146240234375, 266.97662353515625, 92.32888793945312, 272.4217224121094, 236.32781982421875, 118.85802459716797, 168.9649658203125, 125.7494125366211, 291.7489318847656, 242.443603515625, 107.33772277832031, 220.15391540527344, 203.05746459960938, 401.2366638183594, 236.33091735839844, 290.35614013671875, 203.74295043945312, 258.03436279296875, 157.2796630859375, 58.372249603271484, 130.1101531982422, 123.49199676513672, 127.22637176513672, 155.40724182128906, 366.53997802734375, 104.12767028808594, 80.28326416015625, 128.964111328125, 271.3362731933594, 107.64595031738281, 85.60884857177734, 63.172489166259766, 43.31420135498047, 21.916406631469727, 27.425750732421875, 15.11673641204834, 24.950056076049805, 13.729782104492188, 25.269895553588867, 14.069842338562012, 27.611896514892578, 14.754530906677246, 13.171646118164062, 23.36541748046875, 16.507898330688477, 9.045075416564941, 4.979086875915527, 4.787408351898193, 10.88288402557373, 14.826425552368164, 12.159710884094238, 8.889633178710938, 7.429664611816406, 7.35471773147583, 2.251908540725708, 6.054593086242676, 4.666803359985352, 0.9869415163993835, 3.4703190326690674, 2.7496941089630127, 3.9807028770446777, 1.7062015533447266, 2.6922552585601807, 2.5171701908111572, 4.868099212646484, 2.226254940032959, 2.630873203277588, 2.1224043369293213, 1.1002631187438965, 0.49001988768577576, 3.1535134315490723, 1.2029200792312622, 1.5430049896240234, 0.5866768956184387, 0.9786686301231384, 2.2357265949249268, 0.9621462821960449, 0.47807976603507996, 0.6328884959220886, 0.5538761019706726, 0.4279991090297699, 0.474411278963089, 0.550273597240448], "true": [105.0, 104.0, 103.0, 102.0, 101.0, 100.0, 99.0, 98.0, 97.0, 96.0, 95.0, 94.0, 93.0, 92.0, 91.0, 90.0, 89.0, 88.0, 87.0, 86.0, 85.0, 84.0, 83.0, 82.0, 81.0, 80.0, 79.0, 78.0, 77.0, 76.0, 75.0, 74.0, 73.0, 72.0, 71.0, 70.0, 69.0, 68.0, 67.0, 66.0, 65.0, 64.0, 63.0, 62.0, 61.0, 60.0, 59.0, 58.0, 57.0, 56.0, 55.0, 54.0, 53.0, 52.0, 51.0, 50.0, 49.0, 48.0, 47.0, 46.0, 45.0, 44.0, 43.0, 42.0, 41.0, 40.0, 39.0, 38.0, 37.0, 36.0, 35.0, 34.0, 33.0, 32.0, 31.0, 30.0, 29.0, 28.0, 27.0, 26.0, 25.0, 24.0, 23.0, 22.0, 21.0, 20.0, 19.0, 18.0, 17.0, 16.0, 15.0, 14.0, 13.0, 12.0, 11.0, 10.0, 9.0, 8.0, 7.0, 6.0, 5.0, 4.0, 3.0, 2.0, 1.0, 0.0], "RMSE": 7.54}