{"mean": [99.18350219726562, 103.7809829711914, 104.3847885131836, 98.27361297607422, 102.36455535888672, 101.85882568359375, 98.64047241210938, 96.02654266357422, 106.8323745727539, 104.80284118652344, 98.16999816894531, 105.50724029541016, 96.97900390625, 91.16038513183594, 89.09415435791016, 81.68670654296875, 90.29814910888672, 86.93086242675781, 88.12590789794922, 84.52046966552734, 83.92066955566406, 91.54737854003906, 79.67060852050781, 75.05264282226562, 72.13416290283203, 70.50236511230469, 66.52490997314453, 69.32555389404297, 73.70992279052734, 63.900489807128906, 63.33864212036133, 59.39404296875, 63.63203811645508, 64.41444396972656, 60.297447204589844, 59.05956268310547, 59.8074951171875, 60.435150146484375, 61.77574920654297, 61.415374755859375, 60.641563415527344, 60.96355438232422, 61.073768615722656, 56.650840759277344, 57.64844512939453, 55.948448181152344, 52.790496826171875, 52.87337112426758, 52.964080810546875, 50.343040466308594, 48.07115173339844, 52.4791259765625, 54.710205078125, 55.670494079589844, 51.648651123046875, 47.65824508666992, 47.22072982788086, 48.429195404052734, 44.359012603759766, 42.18365478515625, 48.953956604003906, 50.82842254638672, 47.8630256652832, 47.9140510559082, 43.56913757324219, 43.62036895751953, 42.58521270751953, 40.840797424316406, 41.609474182128906, 37.481101989746094, 40.534523010253906, 43.93157196044922, 45.50343322753906, 49.13240432739258, 45.62794876098633, 44.37504196166992, 45.1068115234375, 43.26696014404297, 44.12525177001953, 41.363197326660156, 45.712989807128906, 41.595985412597656, 38.411041259765625, 34.58723068237305, 31.70668601989746, 32.612693786621094, 32.28588104248047, 33.77867126464844, 30.163158416748047, 26.76920509338379, 28.104114532470703, 24.018159866333008, 21.612049102783203, 19.981704711914062, 17.178693771362305, 15.144740104675293, 12.600330352783203, 11.892645835876465, 10.879732131958008, 9.017956733703613, 8.818428039550781, 9.088407516479492, 8.39043140411377, 5.853723526000977, 4.3027215003967285, 2.612661838531494], "var": [81.19078063964844, 103.65203857421875, 52.61123275756836, 66.92388916015625, 28.636672973632812, 38.808536529541016, 74.99819946289062, 73.7228775024414, 54.25, 68.74177551269531, 40.41945266723633, 84.24491882324219, 44.556724548339844, 83.04776000976562, 143.93695068359375, 83.42420196533203, 170.34719848632812, 207.19493103027344, 173.6884002685547, 137.9520721435547, 48.33159637451172, 109.21259307861328, 95.04701232910156, 176.90773010253906, 116.4656753540039, 94.61064910888672, 116.80827331542969, 67.0060043334961, 151.1529998779297, 47.92936325073242, 78.33149719238281, 6.533131122589111, 73.18858337402344, 13.27749252319336, 6.0785088539123535, 1.1913319826126099, 15.867217063903809, 9.174057006835938, 20.84935188293457, 10.275784492492676, 29.188533782958984, 28.437366485595703, 23.52015495300293, 8.453776359558105, 14.63611888885498, 9.640735626220703, 21.947084426879883, 30.63223648071289, 28.437137603759766, 22.747169494628906, 14.432726860046387, 23.487655639648438, 8.549960136413574, 12.017108917236328, 20.415456771850586, 21.95594024658203, 23.065820693969727, 20.458341598510742, 10.578840255737305, 6.672307014465332, 18.514371871948242, 6.873719692230225, 17.9348087310791, 13.896296501159668, 41.40800094604492, 22.317487716674805, 31.627479553222656, 2.3158226013183594, 16.162160873413086, 9.229240417480469, 15.664669036865234, 7.3063530921936035, 15.81935977935791, 5.324695110321045, 26.154659271240234, 7.7788801193237305, 11.20425796508789, 8.473949432373047, 5.348445415496826, 8.486324310302734, 4.772793292999268, 1.7748628854751587, 11.458518981933594, 3.480560064315796, 8.449889183044434, 4.502852916717529, 2.9493377208709717, 4.424295902252197, 3.593205213546753, 5.92512321472168, 2.6615517139434814, 2.617967367172241, 1.854222297668457, 1.5403287410736084, 1.9259051084518433, 1.210901141166687, 1.9838749170303345, 1.3693115711212158, 0.9983662366867065, 1.417180061340332, 0.32194045186042786, 0.8333167433738708, 0.6761165261268616, 0.8253279328346252, 0.30758118629455566, 0.5442242622375488], "true": [105.0, 104.0, 103.0, 102.0, 101.0, 100.0, 99.0, 98.0, 97.0, 96.0, 95.0, 94.0, 93.0, 92.0, 91.0, 90.0, 89.0, 88.0, 87.0, 86.0, 85.0, 84.0, 83.0, 82.0, 81.0, 80.0, 79.0, 78.0, 77.0, 76.0, 75.0, 74.0, 73.0, 72.0, 71.0, 70.0, 69.0, 68.0, 67.0, 66.0, 65.0, 64.0, 63.0, 62.0, 61.0, 60.0, 59.0, 58.0, 57.0, 56.0, 55.0, 54.0, 53.0, 52.0, 51.0, 50.0, 49.0, 48.0, 47.0, 46.0, 45.0, 44.0, 43.0, 42.0, 41.0, 40.0, 39.0, 38.0, 37.0, 36.0, 35.0, 34.0, 33.0, 32.0, 31.0, 30.0, 29.0, 28.0, 27.0, 26.0, 25.0, 24.0, 23.0, 22.0, 21.0, 20.0, 19.0, 18.0, 17.0, 16.0, 15.0, 14.0, 13.0, 12.0, 11.0, 10.0, 9.0, 8.0, 7.0, 6.0, 5.0, 4.0, 3.0, 2.0, 1.0, 0.0], "RMSE": 8.31}