{"mean": [120.29002380371094, 119.32144927978516, 121.4047622680664, 120.66351318359375, 120.5740966796875, 121.81390380859375, 119.5562744140625, 121.31819915771484, 122.14619445800781, 122.56059265136719, 121.4265365600586, 119.83970642089844, 121.3741683959961, 120.89390563964844, 121.31794738769531, 120.29827880859375, 119.79972076416016, 118.86299133300781, 120.48606872558594, 118.7981948852539, 117.97705078125, 119.2204818725586, 119.29756164550781, 117.3526382446289, 118.87309265136719, 118.139892578125, 117.66817474365234, 117.9115219116211, 118.46292877197266, 118.13277435302734, 116.87408447265625, 117.12486267089844, 115.31607818603516, 116.15327453613281, 113.9182357788086, 115.1728515625, 115.92671203613281, 115.60264587402344, 113.8377456665039, 110.5204086303711, 109.42301177978516, 108.04024505615234, 108.09647369384766, 108.85638427734375, 108.71223449707031, 105.64283752441406, 105.84492492675781, 107.7721939086914, 102.69056701660156, 99.54344177246094, 97.75074005126953, 95.33794403076172, 92.45127868652344, 92.34210205078125, 90.5312728881836, 91.60298156738281, 88.00017547607422, 90.40771484375, 85.87549591064453, 82.17129516601562, 78.19563293457031, 75.7198715209961, 76.21095275878906, 72.25830078125, 71.9994125366211, 67.2978286743164, 66.54216003417969, 63.53295135498047, 61.93523406982422, 61.059852600097656, 62.2291374206543, 58.337257385253906, 58.647987365722656, 57.44011306762695, 55.86594772338867, 54.213775634765625, 53.46257400512695, 50.55955123901367, 49.534507751464844, 47.57550811767578, 44.24047088623047, 45.33848190307617, 42.56583023071289, 41.49364471435547, 39.11212921142578, 38.78577423095703, 38.8284797668457, 36.172645568847656, 37.44588851928711, 36.00746536254883, 35.46936798095703, 34.74810028076172, 34.31047821044922, 32.71624755859375, 30.651866912841797, 30.6683349609375, 29.964136123657227, 28.778865814208984, 28.760818481445312, 27.96775245666504, 26.167430877685547, 26.96541404724121, 25.931049346923828, 25.80071449279785, 24.13632583618164, 22.374713897705078, 21.338207244873047, 19.565610885620117, 18.48244285583496, 17.37799072265625, 16.345958709716797, 15.713211059570312, 15.292269706726074, 14.094099044799805, 12.73061752319336, 11.59965705871582, 10.181365966796875, 9.01559829711914, 7.841941833496094, 6.883969306945801, 5.813440322875977, 5.093310832977295, 3.8809924125671387, 3.216733455657959, 2.5824174880981445, 1.3071448802947998, 0.7688373327255249], "var": [8.77274227142334, 6.824223518371582, 14.945560455322266, 14.859804153442383, 11.551797866821289, 5.270764350891113, 17.205312728881836, 10.319674491882324, 20.028615951538086, 11.01157283782959, 15.170927047729492, 15.582558631896973, 10.728031158447266, 11.131448745727539, 19.099390029907227, 6.990424156188965, 12.800847053527832, 17.90812873840332, 13.646676063537598, 10.594658851623535, 15.811910629272461, 11.92540168762207, 18.774858474731445, 22.86954116821289, 9.48891544342041, 26.254697799682617, 15.185072898864746, 6.272342681884766, 19.21310043334961, 13.683669090270996, 18.878305435180664, 18.92174530029297, 24.6264705657959, 22.6832218170166, 32.67564010620117, 15.963138580322266, 21.01348876953125, 9.881616592407227, 14.22668743133545, 24.7850284576416, 34.47322463989258, 40.20511245727539, 26.364490509033203, 29.53700065612793, 31.38517189025879, 42.58684539794922, 75.29167938232422, 46.59511184692383, 56.59129333496094, 66.75054168701172, 56.971534729003906, 79.08815002441406, 70.81432342529297, 135.77305603027344, 65.44979095458984, 90.63040161132812, 107.936279296875, 92.2452163696289, 81.93350219726562, 70.62664031982422, 82.01437377929688, 28.11442756652832, 73.60124969482422, 36.560386657714844, 64.20769500732422, 20.500988006591797, 47.49222183227539, 50.8932991027832, 30.03426170349121, 43.7530403137207, 23.627866744995117, 14.952659606933594, 22.454967498779297, 8.946736335754395, 15.971720695495605, 9.963330268859863, 15.940694808959961, 13.65446949005127, 7.439869403839111, 7.662409782409668, 5.471200942993164, 8.541787147521973, 8.285089492797852, 8.699165344238281, 14.76053237915039, 6.20851469039917, 11.613104820251465, 6.9613776206970215, 16.243650436401367, 18.318099975585938, 7.44557523727417, 5.125548362731934, 8.090932846069336, 4.867528915405273, 3.495753049850464, 3.6529316902160645, 4.759851932525635, 4.579178333282471, 5.201517105102539, 4.063019275665283, 1.8242541551589966, 5.425445079803467, 2.833036422729492, 4.393899440765381, 2.4233736991882324, 2.4072790145874023, 2.910985231399536, 2.486664295196533, 1.0655510425567627, 2.1014912128448486, 1.3647540807724, 2.587568521499634, 1.2806048393249512, 1.3156075477600098, 1.6373530626296997, 1.0437030792236328, 0.8460330963134766, 1.0902029275894165, 0.6559994220733643, 0.4742979407310486, 0.5635950565338135, 0.5816691517829895, 0.3801165521144867, 0.8481006026268005, 0.58802330493927, 0.7280446290969849, 0.5003451108932495], "true": [120.0, 120.0, 120.0, 120.0, 120.0, 120.0, 120.0, 119.0, 118.0, 117.0, 116.0, 115.0, 114.0, 113.0, 112.0, 111.0, 110.0, 109.0, 108.0, 107.0, 106.0, 105.0, 104.0, 103.0, 102.0, 101.0, 100.0, 99.0, 98.0, 97.0, 96.0, 95.0, 94.0, 93.0, 92.0, 91.0, 90.0, 89.0, 88.0, 87.0, 86.0, 85.0, 84.0, 83.0, 82.0, 81.0, 80.0, 79.0, 78.0, 77.0, 76.0, 75.0, 74.0, 73.0, 72.0, 71.0, 70.0, 69.0, 68.0, 67.0, 66.0, 65.0, 64.0, 63.0, 62.0, 61.0, 60.0, 59.0, 58.0, 57.0, 56.0, 55.0, 54.0, 53.0, 52.0, 51.0, 50.0, 49.0, 48.0, 47.0, 46.0, 45.0, 44.0, 43.0, 42.0, 41.0, 40.0, 39.0, 38.0, 37.0, 36.0, 35.0, 34.0, 33.0, 32.0, 31.0, 30.0, 29.0, 28.0, 27.0, 26.0, 25.0, 24.0, 23.0, 22.0, 21.0, 20.0, 19.0, 18.0, 17.0, 16.0, 15.0, 14.0, 13.0, 12.0, 11.0, 10.0, 9.0, 8.0, 7.0, 6.0, 5.0, 4.0, 3.0, 2.0, 1.0, 0.0], "RMSE": 12.63}