{"mean": [111.7033920288086, 115.6759262084961, 115.1855697631836, 112.98097229003906, 112.52108001708984, 113.54129791259766, 111.4571533203125, 111.73355865478516, 108.9573745727539, 111.45109558105469, 112.80245208740234, 113.3313217163086, 108.1395263671875, 111.65091705322266, 111.699951171875, 110.979736328125, 105.8669662475586, 106.12486267089844, 110.1818618774414, 112.36700439453125, 107.8073959350586, 107.7614517211914, 103.48036193847656, 101.53567504882812, 107.1299819946289, 103.4421157836914, 104.05326843261719, 106.4626693725586, 109.8917007446289, 105.2865982055664, 104.8105239868164, 105.2246322631836, 107.75677490234375, 106.24067687988281, 107.0059585571289, 104.06396484375, 101.25767517089844, 99.71566009521484, 100.59398651123047, 95.93891143798828, 101.06291198730469, 97.28547668457031, 97.56653594970703, 102.7122573852539, 93.55363464355469, 102.0909652709961, 97.69053649902344, 99.80717468261719, 92.71931457519531, 100.51131439208984, 92.828857421875, 90.50945281982422, 90.43917083740234, 90.00358581542969, 92.71019744873047, 91.92222595214844, 93.17916107177734, 89.58214569091797, 86.92347717285156, 89.47468566894531, 80.1765365600586, 81.16715240478516, 83.03295135498047, 74.1395034790039, 78.64750671386719, 74.54972076416016, 76.78661346435547, 73.52495574951172, 72.36441040039062, 69.70829010009766, 67.10250854492188, 66.21226501464844, 64.43342590332031, 64.1334457397461, 58.062843322753906, 62.54298782348633, 53.13665771484375, 51.6864013671875, 51.100669860839844, 50.47087860107422, 49.510047912597656, 45.87040710449219, 45.037635803222656, 44.00792694091797, 43.56378936767578, 41.507362365722656, 39.18359375, 37.315555572509766, 38.08475112915039, 35.52017593383789, 33.697410583496094, 33.34711456298828, 31.13628578186035, 30.50111961364746, 30.50167465209961, 29.722614288330078, 28.658519744873047, 27.39383888244629, 27.004648208618164, 26.881755828857422, 25.72723388671875, 25.819625854492188, 26.025793075561523, 23.938440322875977, 23.48055648803711, 23.409793853759766, 22.342300415039062, 21.205780029296875, 20.284698486328125, 19.756765365600586, 18.31133460998535, 16.930103302001953, 15.670466423034668, 14.697542190551758, 12.629891395568848, 12.059130668640137, 10.747077941894531, 9.809076309204102, 8.528947830200195, 7.362896919250488, 5.8966145515441895, 5.203553199768066, 4.125555992126465, 2.464088201522827, 1.7559525966644287], "var": [123.02500915527344, 52.36415481567383, 17.867881774902344, 33.39295959472656, 83.1217041015625, 117.91932678222656, 143.055419921875, 110.76105499267578, 111.50657653808594, 93.6777114868164, 104.00778198242188, 77.4402084350586, 132.42791748046875, 97.67285919189453, 170.58689880371094, 244.18426513671875, 208.8685760498047, 200.59011840820312, 100.9967269897461, 182.2494659423828, 169.47215270996094, 124.60608673095703, 354.0390319824219, 129.5948944091797, 154.1607208251953, 154.9099578857422, 124.53002166748047, 202.2108612060547, 204.6355743408203, 137.96292114257812, 198.7399139404297, 257.0335388183594, 146.26583862304688, 91.6402359008789, 142.57481384277344, 282.59088134765625, 304.11065673828125, 234.8732147216797, 334.94244384765625, 237.8046417236328, 366.07452392578125, 484.5790100097656, 223.2549285888672, 319.37847900390625, 257.09649658203125, 192.9873504638672, 355.020751953125, 224.57106018066406, 303.8996276855469, 180.06646728515625, 152.88156127929688, 250.59188842773438, 197.34747314453125, 303.21136474609375, 369.50897216796875, 274.3130798339844, 173.64097595214844, 368.4208984375, 246.0483856201172, 200.32957458496094, 177.41064453125, 149.9419708251953, 167.31028747558594, 77.01473236083984, 129.32630920410156, 202.72975158691406, 91.63423156738281, 165.9236297607422, 197.8699951171875, 165.76541137695312, 121.31489562988281, 113.05573272705078, 96.51551055908203, 74.7650375366211, 54.407264709472656, 126.67546844482422, 39.72447204589844, 44.67604064941406, 24.016984939575195, 58.15237808227539, 22.442153930664062, 70.98049926757812, 13.089512825012207, 22.53233528137207, 25.414306640625, 12.928620338439941, 15.864100456237793, 16.210596084594727, 14.935938835144043, 4.674789905548096, 10.491300582885742, 11.243585586547852, 6.437936305999756, 8.350115776062012, 6.912354469299316, 7.450423717498779, 5.259537696838379, 4.683676242828369, 7.054443836212158, 3.2829408645629883, 3.3518247604370117, 3.111863374710083, 1.692828893661499, 3.221249580383301, 4.212495803833008, 2.0995450019836426, 2.587048292160034, 2.3529608249664307, 3.5926380157470703, 2.0072503089904785, 1.2900561094284058, 2.465566635131836, 1.7436798810958862, 1.884979486465454, 1.049918532371521, 1.7448234558105469, 1.5657553672790527, 1.628605842590332, 0.7878260016441345, 0.7719269394874573, 0.8974960446357727, 0.6950404644012451, 0.748026967048645, 0.5018459558486938, 0.739855945110321], "true": [120.0, 120.0, 120.0, 120.0, 120.0, 119.0, 118.0, 117.0, 116.0, 115.0, 114.0, 113.0, 112.0, 111.0, 110.0, 109.0, 108.0, 107.0, 106.0, 105.0, 104.0, 103.0, 102.0, 101.0, 100.0, 99.0, 98.0, 97.0, 96.0, 95.0, 94.0, 93.0, 92.0, 91.0, 90.0, 89.0, 88.0, 87.0, 86.0, 85.0, 84.0, 83.0, 82.0, 81.0, 80.0, 79.0, 78.0, 77.0, 76.0, 75.0, 74.0, 73.0, 72.0, 71.0, 70.0, 69.0, 68.0, 67.0, 66.0, 65.0, 64.0, 63.0, 62.0, 61.0, 60.0, 59.0, 58.0, 57.0, 56.0, 55.0, 54.0, 53.0, 52.0, 51.0, 50.0, 49.0, 48.0, 47.0, 46.0, 45.0, 44.0, 43.0, 42.0, 41.0, 40.0, 39.0, 38.0, 37.0, 36.0, 35.0, 34.0, 33.0, 32.0, 31.0, 30.0, 29.0, 28.0, 27.0, 26.0, 25.0, 24.0, 23.0, 22.0, 21.0, 20.0, 19.0, 18.0, 17.0, 16.0, 15.0, 14.0, 13.0, 12.0, 11.0, 10.0, 9.0, 8.0, 7.0, 6.0, 5.0, 4.0, 3.0, 2.0, 1.0, 0.0], "RMSE": 11.17}