{"mean": [120.2450180053711, 119.3594741821289, 120.37947082519531, 119.17829895019531, 121.86064147949219, 119.7099609375, 120.23731994628906, 119.90403747558594, 119.46073913574219, 118.39801025390625, 119.1224594116211, 118.86590576171875, 117.1741943359375, 116.8450927734375, 118.0802230834961, 116.68077087402344, 116.73265075683594, 115.23908996582031, 114.7802734375, 115.08570861816406, 117.59957122802734, 117.09425354003906, 111.4765853881836, 110.58879089355469, 108.05355072021484, 112.80064392089844, 109.6897201538086, 112.03495025634766, 110.57149505615234, 115.7442855834961, 112.9984359741211, 114.32518005371094, 108.72391510009766, 99.76737213134766, 96.8899154663086, 96.02860260009766, 99.58479309082031, 98.05863952636719, 96.7271728515625, 98.60054779052734, 95.36419677734375, 95.84870910644531, 92.80650329589844, 86.05884552001953, 88.5276107788086, 87.31733703613281, 92.49359893798828, 92.56268310546875, 91.15234375, 84.14647674560547, 77.51238250732422, 73.4093017578125, 79.94940185546875, 73.6808853149414, 77.19037628173828, 86.26206970214844, 74.42547607421875, 65.43582916259766, 66.97709655761719, 66.76551055908203, 70.63457489013672, 62.803680419921875, 61.006614685058594, 61.67757034301758, 65.7054214477539, 62.500274658203125, 62.21476364135742, 62.44881057739258, 61.38384246826172, 55.59819793701172, 55.142364501953125, 51.27521514892578, 49.940208435058594, 49.82210922241211, 52.89906692504883, 49.742210388183594, 52.91796875, 48.365692138671875, 48.64094161987305, 46.577816009521484, 49.51909255981445, 44.949424743652344, 46.60152816772461, 48.03501892089844, 45.02530288696289, 45.28980255126953, 42.68292999267578, 44.05266571044922, 42.88151168823242, 40.68366241455078, 41.51881790161133, 38.06037902832031, 37.74930953979492, 39.047950744628906, 37.73521423339844, 38.9232063293457, 36.09217071533203, 35.00640869140625, 38.67741775512695, 36.58351516723633, 31.320735931396484, 29.620410919189453, 33.10054397583008, 30.63653564453125, 30.062585830688477, 28.67913818359375, 26.29269790649414, 27.225515365600586, 24.52444076538086, 22.546152114868164, 20.893342971801758, 19.705158233642578, 17.124027252197266, 14.095663070678711, 14.361971855163574, 13.935153007507324, 13.345573425292969, 11.477853775024414, 8.740689277648926, 8.441244125366211, 7.596800804138184, 4.777393341064453, 3.881680965423584, 4.061143398284912, 3.5981273651123047, 2.430004596710205, 1.7572667598724365], "var": [22.488489151000977, 5.7473015785217285, 10.496085166931152, 8.090749740600586, 18.818449020385742, 14.550609588623047, 7.189467906951904, 18.66697120666504, 9.310548782348633, 14.206352233886719, 6.681325435638428, 22.880935668945312, 8.839869499206543, 15.600174903869629, 5.777663707733154, 15.11364459991455, 12.724820137023926, 16.067577362060547, 22.0190372467041, 22.883174896240234, 21.33302116394043, 20.134647369384766, 37.2575569152832, 14.014062881469727, 6.74599552154541, 28.756227493286133, 46.90530014038086, 31.165634155273438, 29.21173095703125, 6.772398471832275, 25.298175811767578, 41.74418258666992, 55.87813186645508, 66.49671173095703, 49.545555114746094, 43.567726135253906, 26.424285888671875, 63.79508972167969, 44.869686126708984, 53.10219955444336, 61.98764419555664, 63.52339553833008, 43.098236083984375, 32.1248664855957, 121.01818084716797, 101.877197265625, 106.23920440673828, 185.4730224609375, 75.97476959228516, 130.98629760742188, 41.56417465209961, 62.018611907958984, 221.1290283203125, 106.37408447265625, 77.30101013183594, 83.69955444335938, 79.05005645751953, 33.237342834472656, 128.5692138671875, 29.723567962646484, 152.7429962158203, 27.458955764770508, 12.355245590209961, 13.030278205871582, 20.594892501831055, 40.44647216796875, 19.617389678955078, 28.006969451904297, 18.145143508911133, 28.14930534362793, 14.146906852722168, 6.24080753326416, 17.18464469909668, 9.326586723327637, 6.018888473510742, 5.352840900421143, 40.942909240722656, 12.494384765625, 20.37173843383789, 19.494556427001953, 34.29337692260742, 11.804007530212402, 13.492234230041504, 25.93474578857422, 26.248138427734375, 24.35774803161621, 10.23491096496582, 14.049602508544922, 6.288750648498535, 13.967041969299316, 16.635051727294922, 6.31393575668335, 6.4869585037231445, 7.388790130615234, 4.329178810119629, 13.162912368774414, 16.83999252319336, 3.914956569671631, 9.70950984954834, 4.765864372253418, 5.1995320320129395, 5.788114547729492, 4.022027969360352, 8.374507904052734, 4.771359443664551, 2.1834514141082764, 2.3930623531341553, 5.0833611488342285, 3.4211955070495605, 1.5127863883972168, 2.41422438621521, 0.5947256088256836, 1.5638408660888672, 0.48003527522087097, 0.8699330687522888, 1.3374897241592407, 0.8228349685668945, 0.2361057698726654, 0.4962271749973297, 0.8617614507675171, 0.8369058966636658, 0.9524732828140259, 0.7511760592460632, 0.26024097204208374, 0.42304298281669617, 0.44307857751846313, 0.43975263833999634], "true": [120.0, 120.0, 120.0, 120.0, 120.0, 120.0, 120.0, 119.0, 118.0, 117.0, 116.0, 115.0, 114.0, 113.0, 112.0, 111.0, 110.0, 109.0, 108.0, 107.0, 106.0, 105.0, 104.0, 103.0, 102.0, 101.0, 100.0, 99.0, 98.0, 97.0, 96.0, 95.0, 94.0, 93.0, 92.0, 91.0, 90.0, 89.0, 88.0, 87.0, 86.0, 85.0, 84.0, 83.0, 82.0, 81.0, 80.0, 79.0, 78.0, 77.0, 76.0, 75.0, 74.0, 73.0, 72.0, 71.0, 70.0, 69.0, 68.0, 67.0, 66.0, 65.0, 64.0, 63.0, 62.0, 61.0, 60.0, 59.0, 58.0, 57.0, 56.0, 55.0, 54.0, 53.0, 52.0, 51.0, 50.0, 49.0, 48.0, 47.0, 46.0, 45.0, 44.0, 43.0, 42.0, 41.0, 40.0, 39.0, 38.0, 37.0, 36.0, 35.0, 34.0, 33.0, 32.0, 31.0, 30.0, 29.0, 28.0, 27.0, 26.0, 25.0, 24.0, 23.0, 22.0, 21.0, 20.0, 19.0, 18.0, 17.0, 16.0, 15.0, 14.0, 13.0, 12.0, 11.0, 10.0, 9.0, 8.0, 7.0, 6.0, 5.0, 4.0, 3.0, 2.0, 1.0, 0.0], "RMSE": 6.66}