{"mean": [98.19853210449219, 100.48088073730469, 100.29827880859375, 95.25272369384766, 97.15943908691406, 100.54656219482422, 96.14576721191406, 97.15968322753906, 97.20552825927734, 101.00189208984375, 97.0323486328125, 96.67262268066406, 96.0733642578125, 98.74620819091797, 99.04251861572266, 99.1624984741211, 93.48299407958984, 94.9589614868164, 91.58522033691406, 89.77440643310547, 99.54312133789062, 90.43439483642578, 92.19786071777344, 88.50538635253906, 90.12142944335938, 85.2163314819336, 89.59007263183594, 101.27537536621094, 88.54820251464844, 86.19834899902344, 90.27409362792969, 90.35020446777344, 81.08192443847656, 84.14262390136719, 78.28352355957031, 78.01656341552734, 85.47443389892578, 82.14527893066406, 78.39544677734375, 81.15602111816406, 80.5611343383789, 80.86365509033203, 79.32279968261719, 77.8392562866211, 74.16703033447266, 71.30624389648438, 68.50067138671875, 69.7490463256836, 67.70238494873047, 72.54331970214844, 64.44015502929688, 60.594444274902344, 61.35646438598633, 66.73279571533203, 61.7183837890625, 60.446197509765625, 59.90117263793945, 59.062294006347656, 55.59918212890625, 55.05867385864258, 53.91338348388672, 53.99329376220703, 50.3314323425293, 49.02080535888672, 51.673118591308594, 49.9422607421875, 48.698951721191406, 45.93543243408203, 46.26387405395508, 42.15220642089844, 41.399658203125, 39.70352554321289, 39.35517120361328, 38.22216033935547, 34.9659309387207, 34.542808532714844, 33.78650665283203, 31.412078857421875, 30.3302059173584, 29.395015716552734, 27.093303680419922, 26.860233306884766, 26.34310531616211, 24.53556251525879, 22.55234718322754, 22.453123092651367, 20.657663345336914, 19.87375259399414, 18.152339935302734, 16.427486419677734, 13.861776351928711, 12.842122077941895, 12.188529014587402, 11.675325393676758, 10.80805778503418, 10.479615211486816, 9.507421493530273, 8.738001823425293, 7.539064884185791, 6.45657205581665, 5.423936367034912, 4.182666301727295, 3.372750759124756, 2.0280489921569824, 1.0850533246994019, 0.24570372700691223], "var": [200.74110412597656, 250.26341247558594, 165.78160095214844, 225.06834411621094, 168.11524963378906, 173.36782836914062, 235.4936981201172, 132.2058868408203, 276.5113830566406, 171.35333251953125, 252.76467895507812, 252.72911071777344, 142.87158203125, 170.27589416503906, 241.03150939941406, 203.67300415039062, 188.76904296875, 278.4486999511719, 281.5118713378906, 273.6669006347656, 230.58570861816406, 245.6707000732422, 197.67227172851562, 271.030029296875, 189.554443359375, 202.81961059570312, 306.1980285644531, 278.1983337402344, 186.02804565429688, 292.32861328125, 196.0052490234375, 249.9601593017578, 327.2681579589844, 162.0849151611328, 172.65133666992188, 280.50830078125, 176.52731323242188, 207.27035522460938, 214.67263793945312, 117.48163604736328, 251.42385864257812, 381.663330078125, 239.0749053955078, 154.28677368164062, 252.03369140625, 162.99359130859375, 110.6943359375, 165.1750946044922, 138.11656188964844, 210.77684020996094, 128.591796875, 115.88822937011719, 48.78816604614258, 56.70075988769531, 34.30281066894531, 61.305721282958984, 50.67121124267578, 112.09866333007812, 33.33501434326172, 57.46421813964844, 34.873573303222656, 38.97093200683594, 20.630855560302734, 27.864511489868164, 35.46192932128906, 30.172224044799805, 37.31058883666992, 20.67464828491211, 24.35600471496582, 19.478925704956055, 25.37871551513672, 14.486733436584473, 23.93960189819336, 14.249626159667969, 9.337498664855957, 10.722070693969727, 7.942498207092285, 8.861401557922363, 6.287600517272949, 4.949590682983398, 4.940952777862549, 4.372846603393555, 3.6904296875, 2.85453200340271, 1.2987831830978394, 1.9493159055709839, 2.0598628520965576, 1.929646372795105, 1.430332899093628, 1.5403438806533813, 1.2631607055664062, 1.3288590908050537, 1.168336272239685, 1.3943848609924316, 0.9666263461112976, 1.424019455909729, 0.5658839344978333, 0.8175733685493469, 1.0765581130981445, 0.875623881816864, 0.9305410981178284, 0.7708452939987183, 0.7336491942405701, 0.44281864166259766, 0.5788058042526245, 0.9485591650009155], "true": [105.0, 104.0, 103.0, 102.0, 101.0, 100.0, 99.0, 98.0, 97.0, 96.0, 95.0, 94.0, 93.0, 92.0, 91.0, 90.0, 89.0, 88.0, 87.0, 86.0, 85.0, 84.0, 83.0, 82.0, 81.0, 80.0, 79.0, 78.0, 77.0, 76.0, 75.0, 74.0, 73.0, 72.0, 71.0, 70.0, 69.0, 68.0, 67.0, 66.0, 65.0, 64.0, 63.0, 62.0, 61.0, 60.0, 59.0, 58.0, 57.0, 56.0, 55.0, 54.0, 53.0, 52.0, 51.0, 50.0, 49.0, 48.0, 47.0, 46.0, 45.0, 44.0, 43.0, 42.0, 41.0, 40.0, 39.0, 38.0, 37.0, 36.0, 35.0, 34.0, 33.0, 32.0, 31.0, 30.0, 29.0, 28.0, 27.0, 26.0, 25.0, 24.0, 23.0, 22.0, 21.0, 20.0, 19.0, 18.0, 17.0, 16.0, 15.0, 14.0, 13.0, 12.0, 11.0, 10.0, 9.0, 8.0, 7.0, 6.0, 5.0, 4.0, 3.0, 2.0, 1.0, 0.0], "RMSE": 8.47}