{"mean": [121.2171859741211, 122.01824951171875, 119.24505615234375, 121.9327163696289, 119.65966796875, 122.8309097290039, 119.8970947265625, 121.3514404296875, 120.23924255371094, 121.0425033569336, 118.34651184082031, 119.46852111816406, 122.06086730957031, 120.20457458496094, 119.73624420166016, 120.2615737915039, 118.1427001953125, 119.28001403808594, 119.23604583740234, 119.82022857666016, 118.96641540527344, 119.90042877197266, 116.50312805175781, 119.2910385131836, 120.83491516113281, 118.57171630859375, 120.56437683105469, 119.62806701660156, 119.76972961425781, 121.25862884521484, 118.32666015625, 119.8368148803711, 119.36604309082031, 119.98970794677734, 118.78834533691406, 118.9881820678711, 117.85868835449219, 117.73374938964844, 116.78141021728516, 117.4108657836914, 116.49275207519531, 114.44901275634766, 116.44773864746094, 115.5724868774414, 108.7752914428711, 111.27693176269531, 111.45582580566406, 110.86507415771484, 110.2975845336914, 110.38616943359375, 106.68385314941406, 109.1785888671875, 106.0689926147461, 96.14208984375, 98.98835754394531, 103.11478424072266, 91.02608489990234, 93.23046875, 91.8389663696289, 90.54100036621094, 85.15068817138672, 93.42037200927734, 95.63604736328125, 88.45166015625, 97.19419860839844, 96.79948425292969, 91.09880065917969, 96.01941680908203, 98.20780944824219, 95.80332946777344, 99.97728729248047, 103.35295104980469, 92.92806243896484, 90.60484313964844, 89.35772705078125, 86.85838317871094, 82.42430114746094, 73.64659881591797, 70.20199584960938, 72.30461883544922, 59.82989501953125, 64.45549011230469, 54.68230438232422, 54.02959060668945, 47.843994140625, 47.05851364135742, 43.51624298095703, 42.57463836669922, 41.889984130859375, 38.53156280517578, 37.3740234375, 38.9549446105957, 39.29712677001953, 41.41130447387695, 41.14731979370117, 35.674251556396484, 31.843082427978516, 35.66783905029297, 36.15140914916992, 39.04978561401367, 37.99104309082031, 35.75752258300781, 33.440162658691406, 31.081226348876953, 29.587295532226562, 27.09467124938965, 24.31791114807129, 22.380298614501953, 22.274484634399414, 25.10293197631836, 22.921344757080078, 20.807796478271484, 20.7576904296875, 18.302770614624023, 16.747669219970703, 12.764047622680664, 12.056235313415527, 12.421919822692871, 9.889161109924316, 7.738633632659912, 6.792003631591797, 5.682305335998535, 5.72979211807251, 5.5193586349487305, 4.250945568084717, 2.8598382472991943], "var": [11.992281913757324, 5.801168918609619, 6.800599098205566, 12.94042682647705, 13.862828254699707, 6.702042102813721, 11.919967651367188, 9.536234855651855, 8.075278282165527, 6.819970607757568, 7.361956596374512, 3.7265164852142334, 11.732293128967285, 13.577147483825684, 5.2366533279418945, 5.378979206085205, 13.67073917388916, 25.985441207885742, 8.57429027557373, 8.44349479675293, 9.507210731506348, 16.38945960998535, 9.34223747253418, 35.91669845581055, 10.760052680969238, 13.530623435974121, 7.408757209777832, 5.364270210266113, 4.345458030700684, 6.463717460632324, 16.553329467773438, 3.0596866607666016, 10.772494316101074, 10.914599418640137, 14.569628715515137, 7.080862998962402, 8.83404541015625, 13.8146333694458, 7.749277114868164, 13.96108627319336, 9.366549491882324, 14.30984115600586, 8.4747953414917, 17.56922721862793, 29.101490020751953, 38.81976318359375, 10.731727600097656, 45.61295700073242, 56.840065002441406, 30.120527267456055, 48.72351837158203, 11.619121551513672, 8.646181106567383, 36.01340103149414, 54.052860260009766, 39.05644226074219, 150.1531524658203, 57.77366638183594, 59.11159133911133, 105.7828369140625, 106.95763397216797, 93.3261489868164, 97.52033233642578, 40.29344177246094, 113.25216674804688, 58.19099044799805, 118.14285278320312, 113.91319274902344, 78.80552673339844, 76.15029907226562, 105.18212127685547, 41.82955551147461, 23.029584884643555, 80.0334701538086, 149.8941192626953, 137.09005737304688, 73.57344818115234, 102.44647979736328, 167.78890991210938, 69.69680786132812, 22.061124801635742, 62.48902893066406, 38.90851593017578, 62.36091232299805, 68.55484771728516, 22.823875427246094, 15.852994918823242, 6.534039497375488, 4.652706146240234, 5.174449443817139, 11.390772819519043, 12.913172721862793, 6.34532356262207, 11.188440322875977, 7.24146032333374, 10.17658805847168, 7.579862594604492, 7.719498157501221, 3.1647608280181885, 7.759134292602539, 6.231806755065918, 9.717206954956055, 3.01482892036438, 5.5401530265808105, 3.1768345832824707, 4.23198127746582, 4.149502754211426, 3.8936684131622314, 1.1018048524856567, 1.7408276796340942, 4.141594409942627, 1.33701753616333, 1.2381266355514526, 1.5434563159942627, 1.344824194908142, 1.808471441268921, 0.5256008505821228, 0.9486537575721741, 1.3971426486968994, 0.6775793433189392, 0.5274590849876404, 0.18648089468479156, 0.23098835349082947, 0.4996143877506256, 0.6708225607872009, 0.3932907283306122], "true": [120.0, 120.0, 120.0, 120.0, 120.0, 120.0, 119.0, 118.0, 117.0, 116.0, 115.0, 114.0, 113.0, 112.0, 111.0, 110.0, 109.0, 108.0, 107.0, 106.0, 105.0, 104.0, 103.0, 102.0, 101.0, 100.0, 99.0, 98.0, 97.0, 96.0, 95.0, 94.0, 93.0, 92.0, 91.0, 90.0, 89.0, 88.0, 87.0, 86.0, 85.0, 84.0, 83.0, 82.0, 81.0, 80.0, 79.0, 78.0, 77.0, 76.0, 75.0, 74.0, 73.0, 72.0, 71.0, 70.0, 69.0, 68.0, 67.0, 66.0, 65.0, 64.0, 63.0, 62.0, 61.0, 60.0, 59.0, 58.0, 57.0, 56.0, 55.0, 54.0, 53.0, 52.0, 51.0, 50.0, 49.0, 48.0, 47.0, 46.0, 45.0, 44.0, 43.0, 42.0, 41.0, 40.0, 39.0, 38.0, 37.0, 36.0, 35.0, 34.0, 33.0, 32.0, 31.0, 30.0, 29.0, 28.0, 27.0, 26.0, 25.0, 24.0, 23.0, 22.0, 21.0, 20.0, 19.0, 18.0, 17.0, 16.0, 15.0, 14.0, 13.0, 12.0, 11.0, 10.0, 9.0, 8.0, 7.0, 6.0, 5.0, 4.0, 3.0, 2.0, 1.0, 0.0], "RMSE": 21.6}