{"mean": [113.95999908447266, 117.66650390625, 113.62049865722656, 115.74864196777344, 114.7942886352539, 116.37818908691406, 115.14640045166016, 113.6392822265625, 114.7232437133789, 112.90226745605469, 113.90470123291016, 116.8800277709961, 114.64476013183594, 112.39251708984375, 113.06098937988281, 116.00394439697266, 112.774169921875, 113.10316467285156, 110.21858215332031, 115.1445083618164, 110.63883972167969, 115.19588470458984, 111.98411560058594, 108.87980651855469, 111.22711181640625, 111.9373550415039, 107.3227310180664, 109.3848648071289, 109.66754150390625, 108.71868896484375, 110.82389831542969, 109.83235931396484, 108.17082214355469, 105.97615051269531, 105.24700927734375, 106.9275131225586, 102.6451644897461, 104.20698547363281, 100.80594635009766, 97.56986999511719, 100.1767349243164, 96.29314422607422, 94.56614685058594, 105.93070220947266, 89.95033264160156, 103.15162658691406, 93.03158569335938, 95.67879486083984, 95.23477935791016, 91.50535583496094, 94.21504211425781, 90.26266479492188, 91.36681365966797, 87.75527954101562, 81.94852447509766, 87.08341979980469, 84.35591888427734, 85.97297668457031, 81.33778381347656, 80.28722381591797, 75.49805450439453, 75.58484649658203, 78.41931915283203, 74.09190368652344, 71.2855224609375, 68.87568664550781, 72.3625259399414, 72.24349212646484, 68.54275512695312, 64.36134338378906, 65.08634948730469, 64.81381225585938, 63.37273406982422, 61.10322952270508, 58.186546325683594, 57.14726638793945, 54.416481018066406, 53.59221649169922, 51.96574783325195, 51.09197235107422, 48.86821746826172, 47.589111328125, 46.336753845214844, 45.05486297607422, 43.426429748535156, 42.21961212158203, 38.98108673095703, 39.64569091796875, 38.28620147705078, 37.34197998046875, 34.94431686401367, 34.5608024597168, 32.0373420715332, 31.319835662841797, 30.4216251373291, 29.30963706970215, 28.430679321289062, 26.869129180908203, 25.542804718017578, 24.584444046020508, 22.684240341186523, 22.2488956451416, 21.484487533569336, 20.135555267333984, 19.744998931884766, 18.973005294799805, 17.014446258544922, 15.311769485473633, 14.42188835144043, 13.78253173828125, 13.59136962890625, 12.626119613647461, 12.168394088745117, 12.161775588989258, 10.544301986694336, 10.43008041381836, 9.565420150756836, 8.670012474060059, 7.49605655670166, 6.837462425231934, 5.180261135101318, 4.364569187164307, 3.7651925086975098, 2.4396891593933105, 1.8545061349868774], "var": [60.28891372680664, 12.799158096313477, 13.973651885986328, 28.383380889892578, 31.735107421875, 29.324081420898438, 19.61720085144043, 45.01729965209961, 25.853771209716797, 47.733280181884766, 51.467185974121094, 46.434120178222656, 65.62187957763672, 50.70083999633789, 93.12252044677734, 42.31752014160156, 49.39007568359375, 88.18264770507812, 124.28226470947266, 77.60147094726562, 33.68391418457031, 43.674442291259766, 99.82826232910156, 81.80384826660156, 55.705745697021484, 83.13780212402344, 108.47998046875, 190.5548095703125, 133.2001190185547, 119.39922332763672, 71.69010162353516, 93.90342712402344, 93.288330078125, 158.92958068847656, 172.37525939941406, 148.14376831054688, 208.17059326171875, 157.11448669433594, 216.16444396972656, 106.96456146240234, 229.4333953857422, 318.0831298828125, 175.06246948242188, 244.14598083496094, 183.06703186035156, 259.31024169921875, 300.504638671875, 288.9544372558594, 183.17401123046875, 222.7375946044922, 174.75535583496094, 199.4759063720703, 274.565673828125, 157.32852172851562, 154.96566772460938, 169.2772674560547, 138.45989990234375, 129.91331481933594, 192.9137420654297, 113.88146209716797, 99.45513153076172, 99.00750732421875, 202.64944458007812, 265.8000793457031, 52.55902862548828, 100.55537414550781, 185.31260681152344, 152.9503631591797, 151.46090698242188, 61.568477630615234, 59.212554931640625, 81.01274108886719, 40.98208999633789, 55.70602035522461, 56.88136291503906, 44.56441879272461, 20.58784294128418, 15.934309005737305, 16.78043556213379, 17.919044494628906, 11.659369468688965, 12.620311737060547, 12.576584815979004, 6.396683692932129, 7.084620475769043, 9.4596586227417, 9.69040584564209, 15.905327796936035, 7.791694641113281, 2.7972607612609863, 9.029608726501465, 9.083853721618652, 4.104004859924316, 5.9960808753967285, 7.226751804351807, 3.392601728439331, 5.598361968994141, 3.89593505859375, 2.0368056297302246, 3.378000020980835, 2.991593837738037, 2.455378532409668, 3.2394800186157227, 2.8093202114105225, 1.7394351959228516, 2.389789342880249, 2.6357057094573975, 1.4932682514190674, 1.1115057468414307, 0.9545557498931885, 0.6667454242706299, 1.0100350379943848, 1.2152951955795288, 1.0864490270614624, 1.1567308902740479, 1.0780012607574463, 0.7633740305900574, 1.2524596452713013, 0.7552039623260498, 0.7877596020698547, 0.39792609214782715, 0.8641160130500793, 0.8298191428184509, 0.26646608114242554, 0.3627599775791168], "true": [120.0, 120.0, 120.0, 120.0, 120.0, 119.0, 118.0, 117.0, 116.0, 115.0, 114.0, 113.0, 112.0, 111.0, 110.0, 109.0, 108.0, 107.0, 106.0, 105.0, 104.0, 103.0, 102.0, 101.0, 100.0, 99.0, 98.0, 97.0, 96.0, 95.0, 94.0, 93.0, 92.0, 91.0, 90.0, 89.0, 88.0, 87.0, 86.0, 85.0, 84.0, 83.0, 82.0, 81.0, 80.0, 79.0, 78.0, 77.0, 76.0, 75.0, 74.0, 73.0, 72.0, 71.0, 70.0, 69.0, 68.0, 67.0, 66.0, 65.0, 64.0, 63.0, 62.0, 61.0, 60.0, 59.0, 58.0, 57.0, 56.0, 55.0, 54.0, 53.0, 52.0, 51.0, 50.0, 49.0, 48.0, 47.0, 46.0, 45.0, 44.0, 43.0, 42.0, 41.0, 40.0, 39.0, 38.0, 37.0, 36.0, 35.0, 34.0, 33.0, 32.0, 31.0, 30.0, 29.0, 28.0, 27.0, 26.0, 25.0, 24.0, 23.0, 22.0, 21.0, 20.0, 19.0, 18.0, 17.0, 16.0, 15.0, 14.0, 13.0, 12.0, 11.0, 10.0, 9.0, 8.0, 7.0, 6.0, 5.0, 4.0, 3.0, 2.0, 1.0, 0.0], "RMSE": 10.12}