{"mean": [120.70225524902344, 119.53651428222656, 122.8486557006836, 122.7021713256836, 121.24702453613281, 121.17755126953125, 122.33567810058594, 122.22607421875, 122.22993469238281, 121.6236572265625, 122.36348724365234, 121.5858154296875, 122.4466323852539, 120.32417297363281, 121.80549621582031, 120.30374908447266, 119.30875396728516, 118.08543395996094, 120.09185791015625, 117.52867126464844, 116.4898681640625, 117.17935943603516, 117.4710693359375, 115.5752182006836, 113.73045349121094, 112.42561340332031, 111.70426940917969, 110.9329605102539, 108.78179931640625, 108.35536193847656, 105.85791015625, 104.01080322265625, 102.78529357910156, 99.82138061523438, 98.96043395996094, 101.28340148925781, 99.38533782958984, 99.2989273071289, 98.01278686523438, 95.33924865722656, 94.59024810791016, 96.94481658935547, 95.34956359863281, 91.63838958740234, 93.3705062866211, 94.28274536132812, 92.50481414794922, 87.93768310546875, 91.06893157958984, 84.66178894042969, 82.72725677490234, 83.09596252441406, 78.99992370605469, 80.6162338256836, 76.25386047363281, 73.84786224365234, 72.12033081054688, 70.02470397949219, 69.70244598388672, 71.61901092529297, 69.98577117919922, 71.73006439208984, 73.65056610107422, 72.13002014160156, 71.02220153808594, 72.23150634765625, 69.26515197753906, 71.20964050292969, 69.45417022705078, 70.40422058105469, 73.60867309570312, 71.86444091796875, 70.05855560302734, 70.17416381835938, 66.06477355957031, 66.04963684082031, 65.17332458496094, 60.960296630859375, 65.78751373291016, 62.440406799316406, 62.66413116455078, 60.15361404418945, 53.3699836730957, 54.426788330078125, 54.9159049987793, 56.827919006347656, 52.17110061645508, 52.36403274536133, 52.52277374267578, 48.40122604370117, 45.70177459716797, 45.336280822753906, 42.09343719482422, 38.650108337402344, 37.27149963378906, 36.10192108154297, 34.14971923828125, 32.68077087402344, 32.8089485168457, 30.088367462158203, 28.93941879272461, 26.538965225219727, 25.721139907836914, 24.18118667602539, 22.883989334106445, 21.659116744995117, 21.315006256103516, 21.033130645751953, 20.20540428161621, 20.01702117919922, 19.608556747436523, 19.642255783081055, 18.641937255859375, 18.05119514465332, 16.846023559570312, 15.420991897583008, 13.971296310424805, 12.634193420410156, 11.113954544067383, 9.358463287353516, 7.621729850769043, 6.341121673583984, 4.413917064666748, 3.306536912918091, 1.8011598587036133], "var": [30.944393157958984, 15.1211576461792, 21.21572494506836, 14.939130783081055, 6.263684272766113, 14.409981727600098, 14.792285919189453, 13.938619613647461, 15.485819816589355, 25.51958465576172, 12.411839485168457, 16.146610260009766, 18.065208435058594, 13.952412605285645, 13.153450965881348, 9.347963333129883, 22.380653381347656, 16.404376983642578, 21.11579704284668, 29.0017147064209, 17.970626831054688, 22.194189071655273, 19.448015213012695, 36.75104904174805, 24.83449935913086, 20.492063522338867, 22.83526611328125, 39.3474235534668, 21.948856353759766, 37.438880920410156, 42.9620475769043, 28.33965301513672, 30.859981536865234, 34.39314270019531, 34.129112243652344, 33.855628967285156, 32.02702713012695, 21.229896545410156, 31.858558654785156, 34.1806640625, 56.09331130981445, 28.505596160888672, 43.500797271728516, 35.55998229980469, 15.602066993713379, 43.69029235839844, 30.76205062866211, 19.796411514282227, 34.11555862426758, 61.75678253173828, 30.602697372436523, 46.30134582519531, 33.93035125732422, 64.09343719482422, 36.073081970214844, 34.94334411621094, 35.18706512451172, 33.343727111816406, 27.54999351501465, 60.293033599853516, 47.75576400756836, 38.10211944580078, 71.63519287109375, 46.268821716308594, 50.46195602416992, 29.306379318237305, 50.72005844116211, 93.10661315917969, 42.092559814453125, 76.20160675048828, 65.58192443847656, 108.80830383300781, 126.6742935180664, 141.72381591796875, 80.4861068725586, 40.83220291137695, 111.86456298828125, 67.28067779541016, 126.4717025756836, 148.2711181640625, 132.12918090820312, 109.0897216796875, 41.69624328613281, 71.22724914550781, 72.77446746826172, 115.3615493774414, 45.77748107910156, 36.42884826660156, 59.89737319946289, 14.026424407958984, 41.725730895996094, 39.425777435302734, 20.429725646972656, 4.943291187286377, 5.105015754699707, 4.997939586639404, 4.4846720695495605, 5.817840576171875, 9.009649276733398, 5.524362087249756, 4.86874532699585, 4.5034990310668945, 3.245875358581543, 3.7073819637298584, 2.264587879180908, 2.4409401416778564, 2.3672099113464355, 1.9250168800354004, 1.555206537246704, 1.3991056680679321, 0.9437553286552429, 2.187645196914673, 0.7435364127159119, 2.326819658279419, 1.36626398563385, 1.0041829347610474, 1.0019952058792114, 0.5954962372779846, 0.7989057898521423, 0.732211709022522, 0.8203505277633667, 0.8688775897026062, 0.5364210605621338, 0.5985031127929688, 0.7422758936882019], "true": [120.0, 120.0, 120.0, 120.0, 120.0, 119.0, 118.0, 117.0, 116.0, 115.0, 114.0, 113.0, 112.0, 111.0, 110.0, 109.0, 108.0, 107.0, 106.0, 105.0, 104.0, 103.0, 102.0, 101.0, 100.0, 99.0, 98.0, 97.0, 96.0, 95.0, 94.0, 93.0, 92.0, 91.0, 90.0, 89.0, 88.0, 87.0, 86.0, 85.0, 84.0, 83.0, 82.0, 81.0, 80.0, 79.0, 78.0, 77.0, 76.0, 75.0, 74.0, 73.0, 72.0, 71.0, 70.0, 69.0, 68.0, 67.0, 66.0, 65.0, 64.0, 63.0, 62.0, 61.0, 60.0, 59.0, 58.0, 57.0, 56.0, 55.0, 54.0, 53.0, 52.0, 51.0, 50.0, 49.0, 48.0, 47.0, 46.0, 45.0, 44.0, 43.0, 42.0, 41.0, 40.0, 39.0, 38.0, 37.0, 36.0, 35.0, 34.0, 33.0, 32.0, 31.0, 30.0, 29.0, 28.0, 27.0, 26.0, 25.0, 24.0, 23.0, 22.0, 21.0, 20.0, 19.0, 18.0, 17.0, 16.0, 15.0, 14.0, 13.0, 12.0, 11.0, 10.0, 9.0, 8.0, 7.0, 6.0, 5.0, 4.0, 3.0, 2.0, 1.0, 0.0], "RMSE": 10.89}