{"mean": [118.4177017211914, 117.931640625, 116.8404541015625, 116.4130859375, 116.86572265625, 117.35200500488281, 117.22581481933594, 115.3360595703125, 116.0924072265625, 116.45747375488281, 116.02824401855469, 116.70194244384766, 117.88313293457031, 118.37486267089844, 117.13053131103516, 118.28071594238281, 116.8625259399414, 116.23408508300781, 113.5850601196289, 115.58384704589844, 115.07781982421875, 115.56307220458984, 119.75718688964844, 115.88936614990234, 116.5613784790039, 117.64632415771484, 115.95860290527344, 118.91981506347656, 116.36710357666016, 117.1905746459961, 115.66374206542969, 114.26168060302734, 113.4310073852539, 116.64404296875, 114.79301452636719, 117.08979797363281, 116.08673095703125, 116.21949768066406, 112.46134948730469, 112.0003662109375, 114.2499008178711, 113.76618957519531, 114.4174575805664, 111.64265441894531, 110.8421630859375, 107.91827392578125, 112.8761978149414, 108.95542907714844, 107.9427490234375, 104.26603698730469, 99.31059265136719, 103.05940246582031, 98.00187683105469, 97.00887298583984, 96.88651275634766, 88.18058013916016, 91.62185668945312, 92.86753845214844, 87.54600524902344, 89.84071350097656, 79.68818664550781, 88.12500762939453, 80.02664184570312, 80.83600616455078, 75.57052612304688, 75.56135559082031, 78.68639373779297, 70.17613220214844, 70.88166809082031, 69.09872436523438, 65.26017761230469, 70.00834655761719, 66.62100219726562, 63.06333541870117, 61.57775115966797, 59.3310432434082, 57.19208526611328, 56.494049072265625, 54.76502227783203, 53.66710662841797, 54.21442794799805, 51.299041748046875, 50.75214385986328, 48.623146057128906, 46.16659164428711, 44.47251510620117, 42.95392608642578, 42.671897888183594, 41.304664611816406, 40.325958251953125, 38.036781311035156, 38.36119842529297, 36.70557403564453, 34.209754943847656, 33.218406677246094, 31.732341766357422, 30.49795913696289, 30.29721450805664, 28.76882553100586, 26.535085678100586, 26.411151885986328, 24.39178466796875, 25.247005462646484, 23.367324829101562, 23.586538314819336, 22.63547706604004, 21.67557144165039, 19.978374481201172, 18.65216064453125, 17.684898376464844, 16.604162216186523, 16.159936904907227, 14.59776496887207, 14.148351669311523, 13.726140975952148, 12.912269592285156, 11.861806869506836, 10.69424819946289, 9.72611141204834, 8.584746360778809, 8.029359817504883, 6.619741916656494, 5.709431171417236, 4.548749923706055, 3.3626773357391357, 2.6077370643615723], "var": [13.853487014770508, 24.882421493530273, 20.316612243652344, 23.267335891723633, 14.1012601852417, 12.806198120117188, 9.54140567779541, 30.47608757019043, 19.057205200195312, 23.013750076293945, 35.0778923034668, 39.50306701660156, 22.741300582885742, 24.663240432739258, 22.96295738220215, 23.887161254882812, 42.076499938964844, 33.7612419128418, 29.955684661865234, 24.43644905090332, 29.713167190551758, 48.971923828125, 17.3717098236084, 29.54483985900879, 20.1762638092041, 29.492971420288086, 18.60591697692871, 29.925859451293945, 35.77462387084961, 41.9510383605957, 42.59951400756836, 55.205623626708984, 65.35936737060547, 37.40101623535156, 41.60832595825195, 45.28691482543945, 58.89558410644531, 26.80482292175293, 82.71871185302734, 39.061134338378906, 80.9863052368164, 91.19355773925781, 50.11482238769531, 66.79682922363281, 109.15150451660156, 161.3679962158203, 62.95547866821289, 121.21894073486328, 65.86392974853516, 157.03741455078125, 162.06411743164062, 137.83311462402344, 210.98065185546875, 148.04013061523438, 216.7444305419922, 109.69256591796875, 144.42433166503906, 175.53466796875, 264.5485534667969, 154.15623474121094, 116.34977722167969, 141.71263122558594, 129.99545288085938, 138.73941040039062, 161.08737182617188, 151.76077270507812, 136.42257690429688, 94.35414123535156, 88.6611328125, 151.24862670898438, 62.14956283569336, 169.61561584472656, 77.72877502441406, 38.37074279785156, 81.45649719238281, 75.62013244628906, 48.11018371582031, 36.91594314575195, 49.433494567871094, 23.243398666381836, 31.93437957763672, 43.834693908691406, 14.377249717712402, 35.93782424926758, 19.540332794189453, 11.911256790161133, 15.086943626403809, 13.592194557189941, 11.110856056213379, 22.826194763183594, 26.306028366088867, 22.528947830200195, 16.15685272216797, 8.49167251586914, 9.46990966796875, 9.028914451599121, 10.776016235351562, 6.896215915679932, 6.725761413574219, 3.7642340660095215, 3.6827504634857178, 2.6990668773651123, 4.132503032684326, 1.3643062114715576, 3.183664083480835, 2.585082769393921, 2.1678147315979004, 1.954315423965454, 2.080944061279297, 1.8121001720428467, 2.083261489868164, 1.4591097831726074, 1.271680235862732, 1.6680152416229248, 0.6893319487571716, 1.2262121438980103, 1.2018868923187256, 0.9919360876083374, 1.2589621543884277, 1.2164236307144165, 0.4528254568576813, 1.0251635313034058, 1.032593846321106, 0.7612308263778687, 0.8191823959350586, 0.42386049032211304], "true": [120.0, 120.0, 120.0, 120.0, 120.0, 120.0, 119.0, 118.0, 117.0, 116.0, 115.0, 114.0, 113.0, 112.0, 111.0, 110.0, 109.0, 108.0, 107.0, 106.0, 105.0, 104.0, 103.0, 102.0, 101.0, 100.0, 99.0, 98.0, 97.0, 96.0, 95.0, 94.0, 93.0, 92.0, 91.0, 90.0, 89.0, 88.0, 87.0, 86.0, 85.0, 84.0, 83.0, 82.0, 81.0, 80.0, 79.0, 78.0, 77.0, 76.0, 75.0, 74.0, 73.0, 72.0, 71.0, 70.0, 69.0, 68.0, 67.0, 66.0, 65.0, 64.0, 63.0, 62.0, 61.0, 60.0, 59.0, 58.0, 57.0, 56.0, 55.0, 54.0, 53.0, 52.0, 51.0, 50.0, 49.0, 48.0, 47.0, 46.0, 45.0, 44.0, 43.0, 42.0, 41.0, 40.0, 39.0, 38.0, 37.0, 36.0, 35.0, 34.0, 33.0, 32.0, 31.0, 30.0, 29.0, 28.0, 27.0, 26.0, 25.0, 24.0, 23.0, 22.0, 21.0, 20.0, 19.0, 18.0, 17.0, 16.0, 15.0, 14.0, 13.0, 12.0, 11.0, 10.0, 9.0, 8.0, 7.0, 6.0, 5.0, 4.0, 3.0, 2.0, 1.0, 0.0], "RMSE": 15.11}