{"mean": [110.202392578125, 110.3745346069336, 109.5213623046875, 108.65438079833984, 110.25450134277344, 112.70750427246094, 109.61021423339844, 104.7911148071289, 112.55790710449219, 108.7867431640625, 111.96870422363281, 107.22412109375, 110.50594329833984, 110.36917877197266, 108.28458404541016, 109.58021545410156, 109.19384765625, 107.72474670410156, 106.10768127441406, 108.71238708496094, 106.21895599365234, 108.43583679199219, 109.1760025024414, 109.3219223022461, 106.552734375, 107.23692321777344, 106.80845642089844, 109.37076568603516, 107.82591247558594, 106.42601013183594, 105.42677307128906, 106.96173095703125, 104.98091125488281, 105.07794189453125, 105.8993911743164, 106.24776458740234, 105.035400390625, 105.835205078125, 102.3817367553711, 99.61518859863281, 105.7572021484375, 103.66756439208984, 104.40203857421875, 101.97552490234375, 100.5589370727539, 99.03013610839844, 101.09773254394531, 100.84053039550781, 98.80064392089844, 96.39391326904297, 98.89498901367188, 99.78007507324219, 93.693603515625, 96.44557189941406, 95.80686950683594, 96.3314437866211, 93.66691589355469, 89.12565612792969, 89.61188507080078, 92.07171630859375, 89.29641723632812, 94.8714828491211, 92.43478393554688, 84.4309310913086, 85.36836242675781, 86.29338836669922, 82.68437194824219, 82.43431854248047, 82.2854232788086, 83.63923645019531, 81.01226043701172, 80.99317932128906, 78.05780029296875, 80.32527160644531, 72.52093505859375, 73.79899597167969, 73.00923919677734, 68.90444946289062, 68.90483093261719, 71.7610855102539, 66.3934555053711, 67.02110290527344, 67.67243957519531, 63.33001708984375, 65.26781463623047, 60.18500518798828, 63.66416549682617, 64.74794006347656, 58.22156524658203, 57.8538703918457, 53.175697326660156, 56.31224822998047, 53.0832633972168, 52.55750274658203, 51.849571228027344, 48.898338317871094, 48.7189826965332, 47.46917724609375, 47.28670883178711, 46.89548110961914, 44.32270050048828, 42.615966796875, 43.831390380859375, 41.24895477294922, 41.7956657409668, 39.29591751098633, 40.25899124145508, 37.66190719604492, 39.199588775634766, 36.87199020385742, 35.5821647644043, 36.336299896240234, 35.31570053100586, 34.213417053222656, 35.55208206176758, 34.62968063354492, 35.55706024169922, 30.57916831970215, 31.601160049438477, 32.57748794555664, 29.9492130279541, 27.76474952697754, 28.24675941467285, 25.528287887573242, 25.619457244873047, 24.317623138427734], "var": [41.726009368896484, 59.369266510009766, 57.51081466674805, 124.82736206054688, 26.13243865966797, 34.29340744018555, 80.87439727783203, 94.9500732421875, 75.308837890625, 63.961788177490234, 54.400028228759766, 53.73634338378906, 73.2143325805664, 22.258981704711914, 99.28874969482422, 59.73564147949219, 71.26403045654297, 40.832515716552734, 67.76541137695312, 80.21617126464844, 43.617313385009766, 70.9829330444336, 100.5040283203125, 54.568538665771484, 65.47938537597656, 86.09000396728516, 87.03556823730469, 68.47057342529297, 18.00926399230957, 45.59062194824219, 56.085201263427734, 84.62699890136719, 94.91876220703125, 83.09907531738281, 54.09616470336914, 65.63606262207031, 61.854305267333984, 64.8216781616211, 85.3826675415039, 57.375736236572266, 58.3903694152832, 81.25391387939453, 76.41632843017578, 137.88697814941406, 74.21099090576172, 102.56019592285156, 102.56256866455078, 84.58346557617188, 96.01214599609375, 68.56550598144531, 95.85565185546875, 70.9029541015625, 132.73753356933594, 113.01849365234375, 109.55432891845703, 67.31289672851562, 196.19692993164062, 139.09800720214844, 79.97065734863281, 67.38797760009766, 205.15365600585938, 132.2047882080078, 90.71692657470703, 94.28793334960938, 116.70439147949219, 168.039794921875, 75.1940689086914, 159.1761932373047, 96.33147430419922, 103.52483367919922, 183.66200256347656, 102.20757293701172, 83.49958801269531, 96.30182647705078, 64.72511291503906, 111.74285888671875, 80.03705596923828, 98.70467376708984, 84.96125793457031, 111.19329071044922, 63.312957763671875, 117.76465606689453, 75.1174545288086, 62.899993896484375, 79.64399719238281, 41.2349967956543, 86.64756774902344, 100.7542724609375, 32.6488151550293, 33.774169921875, 23.52297019958496, 42.45756149291992, 25.912294387817383, 47.323604583740234, 17.849618911743164, 19.800016403198242, 35.08689498901367, 15.873625755310059, 42.031585693359375, 24.369958877563477, 32.513675689697266, 19.21718978881836, 18.288076400756836, 24.059673309326172, 16.13141632080078, 20.728288650512695, 11.916657447814941, 20.3436336517334, 15.374043464660645, 18.421409606933594, 13.215169906616211, 22.214488983154297, 13.5613431930542, 30.869749069213867, 29.75897216796875, 14.727294921875, 26.312480926513672, 11.493168830871582, 13.825132369995117, 10.501116752624512, 16.65022087097168, 10.380681037902832, 13.873114585876465, 7.112948894500732, 7.284173965454102, 6.603812217712402], "true": [120.0, 120.0, 120.0, 120.0, 120.0, 120.0, 119.0, 118.0, 117.0, 116.0, 115.0, 114.0, 113.0, 112.0, 111.0, 110.0, 109.0, 108.0, 107.0, 106.0, 105.0, 104.0, 103.0, 102.0, 101.0, 100.0, 99.0, 98.0, 97.0, 96.0, 95.0, 94.0, 93.0, 92.0, 91.0, 90.0, 89.0, 88.0, 87.0, 86.0, 85.0, 84.0, 83.0, 82.0, 81.0, 80.0, 79.0, 78.0, 77.0, 76.0, 75.0, 74.0, 73.0, 72.0, 71.0, 70.0, 69.0, 68.0, 67.0, 66.0, 65.0, 64.0, 63.0, 62.0, 61.0, 60.0, 59.0, 58.0, 57.0, 56.0, 55.0, 54.0, 53.0, 52.0, 51.0, 50.0, 49.0, 48.0, 47.0, 46.0, 45.0, 44.0, 43.0, 42.0, 41.0, 40.0, 39.0, 38.0, 37.0, 36.0, 35.0, 34.0, 33.0, 32.0, 31.0, 30.0, 29.0, 28.0, 27.0, 26.0, 25.0, 24.0, 23.0, 22.0, 21.0, 20.0, 19.0, 18.0, 17.0, 16.0, 15.0, 14.0, 13.0, 12.0, 11.0, 10.0, 9.0, 8.0, 7.0, 6.0, 5.0, 4.0, 3.0, 2.0, 1.0, 0.0], "RMSE": 19.78}