{"mean": [122.0487289428711, 123.5691909790039, 121.0944595336914, 121.46238708496094, 121.2553482055664, 122.36427307128906, 122.86141204833984, 122.69095611572266, 121.66304016113281, 122.3495101928711, 121.44575500488281, 122.47721862792969, 122.22178649902344, 121.3616943359375, 120.4315185546875, 120.77091979980469, 121.0358657836914, 120.99858093261719, 119.57197570800781, 121.2615737915039, 121.24565124511719, 120.3318099975586, 120.49543762207031, 122.23126220703125, 123.17613220214844, 121.74080657958984, 121.87760162353516, 121.86186218261719, 120.326904296875, 120.45379638671875, 120.02729797363281, 119.59613037109375, 120.45054626464844, 119.10986328125, 118.52571105957031, 118.63067626953125, 114.5709457397461, 114.4688720703125, 113.71717834472656, 113.852783203125, 113.53055572509766, 108.7590103149414, 113.12632751464844, 107.09779357910156, 109.3409194946289, 102.67878723144531, 110.8580322265625, 105.83353424072266, 106.52961730957031, 109.09576416015625, 106.25350189208984, 99.71817779541016, 104.28889465332031, 90.89620971679688, 88.37224578857422, 89.86300659179688, 84.52574157714844, 84.3486557006836, 89.09773254394531, 81.88433074951172, 76.03163146972656, 75.68727111816406, 73.74324798583984, 76.37603759765625, 72.93891143798828, 64.34959411621094, 61.97480392456055, 64.12033081054688, 64.69972229003906, 68.7865982055664, 70.90827178955078, 71.09043884277344, 71.76206970214844, 69.91209411621094, 71.51752471923828, 68.71835327148438, 63.669349670410156, 57.72414016723633, 56.792030334472656, 60.89716720581055, 57.33768844604492, 59.6268310546875, 53.40221405029297, 53.88207244873047, 51.39695358276367, 54.009674072265625, 52.75121307373047, 51.774208068847656, 46.44629669189453, 44.79080581665039, 49.72411346435547, 51.32390213012695, 50.55603790283203, 46.18234634399414, 45.91252517700195, 39.380645751953125, 38.104209899902344, 44.157962799072266, 43.180274963378906, 40.31657409667969, 41.312110900878906, 44.48447799682617, 37.59627151489258, 34.86029815673828, 30.699420928955078, 29.279804229736328, 28.108135223388672, 25.345417022705078, 26.39324378967285, 22.917652130126953, 21.924551010131836, 21.006519317626953, 18.644695281982422, 17.01215934753418, 20.22242546081543, 18.545780181884766, 17.6568660736084, 15.854512214660645, 15.932502746582031, 13.378774642944336, 10.120410919189453, 9.05329418182373, 6.7497429847717285, 5.032647609710693, 3.6709952354431152], "var": [9.20945930480957, 3.0995802879333496, 11.66558837890625, 10.349176406860352, 9.406488418579102, 7.64829158782959, 5.207116603851318, 12.756719589233398, 7.334631443023682, 12.55983829498291, 7.85737419128418, 5.93664026260376, 5.949477195739746, 7.662444114685059, 2.7782254219055176, 12.025496482849121, 11.018811225891113, 8.441253662109375, 5.134559631347656, 15.699710845947266, 6.137709140777588, 2.833113670349121, 8.647482872009277, 8.472057342529297, 8.530488967895508, 19.59261703491211, 4.937990665435791, 4.427639484405518, 10.736135482788086, 4.08879280090332, 13.831615447998047, 9.59225082397461, 6.49738073348999, 10.356476783752441, 11.75149917602539, 6.633105754852295, 38.09455108642578, 12.874537467956543, 10.837035179138184, 24.62742805480957, 20.67709732055664, 43.45952224731445, 55.29549789428711, 32.764339447021484, 22.500972747802734, 64.00433349609375, 46.00156784057617, 93.21781921386719, 80.46353149414062, 26.54098892211914, 18.324726104736328, 110.9435043334961, 57.871612548828125, 77.65327453613281, 38.47526931762695, 109.94275665283203, 120.29932403564453, 87.76187133789062, 62.76097869873047, 104.85372924804688, 65.76710510253906, 12.233736038208008, 41.78654861450195, 68.26614379882812, 76.62579345703125, 16.73484230041504, 7.921797752380371, 29.8447265625, 14.855561256408691, 26.57874298095703, 19.910097122192383, 101.30198669433594, 140.14437866210938, 65.72392272949219, 96.8192367553711, 116.40265655517578, 105.07365417480469, 14.881317138671875, 18.9223575592041, 25.96038818359375, 25.198537826538086, 13.904027938842773, 32.60567092895508, 37.279075622558594, 27.87845802307129, 12.966967582702637, 23.61711883544922, 17.599382400512695, 11.127323150634766, 15.966560363769531, 41.36767578125, 34.09919357299805, 32.49259567260742, 26.485570907592773, 21.459102630615234, 6.615959167480469, 6.922640800476074, 42.541988372802734, 9.26455307006836, 19.118595123291016, 20.471210479736328, 5.946957111358643, 12.52286148071289, 5.635429859161377, 6.832925319671631, 3.9400668144226074, 1.9307050704956055, 6.29045295715332, 1.6718939542770386, 2.9890496730804443, 2.7517759799957275, 1.4777016639709473, 1.9221382141113281, 0.7053593397140503, 0.8630203604698181, 1.9891746044158936, 1.0796310901641846, 2.2038071155548096, 1.5679564476013184, 0.8279790282249451, 1.6440752744674683, 2.1587467193603516, 0.8364132642745972, 0.21648812294006348, 0.5007814168930054], "true": [120.0, 120.0, 120.0, 120.0, 120.0, 119.0, 118.0, 117.0, 116.0, 115.0, 114.0, 113.0, 112.0, 111.0, 110.0, 109.0, 108.0, 107.0, 106.0, 105.0, 104.0, 103.0, 102.0, 101.0, 100.0, 99.0, 98.0, 97.0, 96.0, 95.0, 94.0, 93.0, 92.0, 91.0, 90.0, 89.0, 88.0, 87.0, 86.0, 85.0, 84.0, 83.0, 82.0, 81.0, 80.0, 79.0, 78.0, 77.0, 76.0, 75.0, 74.0, 73.0, 72.0, 71.0, 70.0, 69.0, 68.0, 67.0, 66.0, 65.0, 64.0, 63.0, 62.0, 61.0, 60.0, 59.0, 58.0, 57.0, 56.0, 55.0, 54.0, 53.0, 52.0, 51.0, 50.0, 49.0, 48.0, 47.0, 46.0, 45.0, 44.0, 43.0, 42.0, 41.0, 40.0, 39.0, 38.0, 37.0, 36.0, 35.0, 34.0, 33.0, 32.0, 31.0, 30.0, 29.0, 28.0, 27.0, 26.0, 25.0, 24.0, 23.0, 22.0, 21.0, 20.0, 19.0, 18.0, 17.0, 16.0, 15.0, 14.0, 13.0, 12.0, 11.0, 10.0, 9.0, 8.0, 7.0, 6.0, 5.0, 4.0, 3.0, 2.0, 1.0, 0.0], "RMSE": 17.7}