{"mean": [108.2718276977539, 105.6435775756836, 108.34257507324219, 107.60103607177734, 106.2771224975586, 108.02742004394531, 103.12052154541016, 107.32891845703125, 105.66463470458984, 105.28038024902344, 108.2757797241211, 105.92472076416016, 104.4490966796875, 106.5676040649414, 106.42171478271484, 108.16529846191406, 109.05317687988281, 107.8262710571289, 108.0574722290039, 106.99434661865234, 107.89152526855469, 104.77973937988281, 103.70948791503906, 105.801513671875, 106.2334976196289, 101.06065368652344, 104.39512634277344, 105.88044738769531, 104.44342041015625, 104.77458190917969, 102.26535034179688, 102.94007873535156, 101.23591613769531, 106.4872055053711, 101.83556365966797, 101.56175231933594, 100.15107727050781, 103.76936340332031, 103.08470153808594, 102.0004653930664, 98.98628234863281, 101.96346282958984, 94.94407653808594, 99.31758117675781, 98.38896179199219, 100.41522979736328, 95.60008239746094, 93.48664855957031, 95.12361907958984, 93.30882263183594, 92.4215316772461, 90.02373504638672, 91.11811828613281, 90.65553283691406, 89.65278625488281, 88.1888427734375, 87.1489486694336, 88.99459075927734, 85.39702606201172, 85.33641052246094, 82.21693420410156, 82.5359115600586, 83.7103500366211, 78.77926635742188, 78.06890869140625, 84.13121032714844, 80.12968444824219, 76.08394622802734, 79.04254150390625, 74.11763000488281, 76.43981170654297, 76.3086929321289, 73.31050109863281, 72.779052734375, 68.1619644165039, 73.64591217041016, 66.80956268310547, 70.02983093261719, 73.0541763305664, 68.40013122558594, 63.10760498046875, 61.930747985839844, 62.23065948486328, 64.11840057373047, 59.69218826293945, 63.74733352661133, 61.682777404785156, 59.58819580078125, 57.7062873840332, 55.965782165527344, 56.228607177734375, 51.283966064453125, 51.274017333984375, 50.39007568359375, 50.662506103515625, 52.13658905029297, 49.24388885498047, 48.50363540649414, 45.95131301879883, 45.77040481567383, 46.10296630859375, 45.6963005065918, 43.61507034301758, 44.684356689453125, 40.94916534423828, 39.98977279663086, 41.568416595458984, 40.64170455932617, 39.579254150390625, 38.679542541503906, 39.213157653808594, 35.9996337890625, 37.419578552246094, 36.55060577392578, 35.84813690185547, 33.83751678466797, 33.12089157104492, 34.230918884277344, 33.58539581298828, 33.59782791137695, 32.44124221801758, 31.26759910583496, 31.383691787719727, 32.08866500854492, 28.773509979248047, 26.330209732055664, 27.542545318603516], "var": [29.36463165283203, 108.82599639892578, 58.536598205566406, 35.08341598510742, 86.457763671875, 41.28733444213867, 114.688720703125, 69.98806762695312, 137.90939331054688, 106.60379028320312, 44.363521575927734, 72.95574951171875, 91.77581024169922, 79.28839874267578, 65.3096923828125, 54.671165466308594, 44.07080841064453, 68.11050415039062, 74.69969940185547, 27.88068199157715, 38.8641471862793, 49.11415100097656, 45.13977813720703, 44.428619384765625, 93.43147277832031, 76.79901123046875, 64.82110595703125, 61.279518127441406, 106.91288757324219, 82.30256652832031, 73.3613510131836, 62.28525924682617, 39.79262924194336, 51.8486213684082, 149.61911010742188, 56.94550704956055, 76.57023620605469, 44.401222229003906, 48.85337448120117, 32.60978698730469, 55.7945442199707, 60.10124969482422, 68.71263122558594, 52.786075592041016, 39.64213943481445, 48.787113189697266, 47.9642448425293, 101.98371124267578, 83.44518280029297, 53.99848937988281, 112.27556610107422, 54.43077850341797, 29.746536254882812, 116.61737060546875, 76.49560546875, 150.55174255371094, 70.12655639648438, 93.87389373779297, 55.05059814453125, 108.0139389038086, 63.62472152709961, 60.08877944946289, 99.51412963867188, 57.60981750488281, 99.89875030517578, 155.60391235351562, 99.5168228149414, 123.86575317382812, 156.56674194335938, 46.82078170776367, 105.81688690185547, 106.95113372802734, 50.31524658203125, 76.79629516601562, 34.93601608276367, 119.84272003173828, 51.30635070800781, 148.87486267089844, 118.57561492919922, 93.65571594238281, 65.13318634033203, 44.3468017578125, 71.10743713378906, 79.43628692626953, 29.652008056640625, 70.69102478027344, 94.05538940429688, 35.74974822998047, 51.77450180053711, 32.99479675292969, 40.02172088623047, 24.61421775817871, 19.664382934570312, 16.072908401489258, 19.77142333984375, 29.545631408691406, 13.743471145629883, 23.599821090698242, 39.690731048583984, 17.989683151245117, 23.501359939575195, 20.34185791015625, 30.262737274169922, 30.441429138183594, 20.816743850708008, 11.57597541809082, 10.23347282409668, 14.735353469848633, 7.094487190246582, 19.14760971069336, 19.670377731323242, 18.22842025756836, 22.436378479003906, 20.04439926147461, 15.613607406616211, 8.272807121276855, 12.069066047668457, 18.958818435668945, 16.3017520904541, 17.736984252929688, 14.781644821166992, 10.328892707824707, 8.503946304321289, 6.689727306365967, 23.439855575561523, 9.265660285949707, 6.168558120727539], "true": [120.0, 120.0, 120.0, 120.0, 120.0, 120.0, 120.0, 119.0, 118.0, 117.0, 116.0, 115.0, 114.0, 113.0, 112.0, 111.0, 110.0, 109.0, 108.0, 107.0, 106.0, 105.0, 104.0, 103.0, 102.0, 101.0, 100.0, 99.0, 98.0, 97.0, 96.0, 95.0, 94.0, 93.0, 92.0, 91.0, 90.0, 89.0, 88.0, 87.0, 86.0, 85.0, 84.0, 83.0, 82.0, 81.0, 80.0, 79.0, 78.0, 77.0, 76.0, 75.0, 74.0, 73.0, 72.0, 71.0, 70.0, 69.0, 68.0, 67.0, 66.0, 65.0, 64.0, 63.0, 62.0, 61.0, 60.0, 59.0, 58.0, 57.0, 56.0, 55.0, 54.0, 53.0, 52.0, 51.0, 50.0, 49.0, 48.0, 47.0, 46.0, 45.0, 44.0, 43.0, 42.0, 41.0, 40.0, 39.0, 38.0, 37.0, 36.0, 35.0, 34.0, 33.0, 32.0, 31.0, 30.0, 29.0, 28.0, 27.0, 26.0, 25.0, 24.0, 23.0, 22.0, 21.0, 20.0, 19.0, 18.0, 17.0, 16.0, 15.0, 14.0, 13.0, 12.0, 11.0, 10.0, 9.0, 8.0, 7.0, 6.0, 5.0, 4.0, 3.0, 2.0, 1.0, 0.0], "RMSE": 17.55}