{"mean": [95.01101684570312, 95.9549331665039, 97.58587646484375, 98.61236572265625, 101.2433853149414, 100.73881530761719, 101.9884033203125, 98.8740005493164, 98.68099212646484, 101.35496520996094, 101.5533447265625, 100.51188659667969, 103.96958923339844, 101.27778625488281, 101.54541778564453, 103.01008605957031, 102.69065856933594, 104.54560852050781, 101.14363098144531, 101.54905700683594, 100.72178649902344, 101.92140197753906, 101.61962890625, 98.8287582397461, 100.5981216430664, 100.57316589355469, 101.32466888427734, 101.53887176513672, 100.68510437011719, 100.91139221191406, 98.48628997802734, 97.38526916503906, 95.88380432128906, 96.39307403564453, 97.2942886352539, 97.14688110351562, 97.73006439208984, 96.31011199951172, 95.49720764160156, 96.17467498779297, 95.27490997314453, 94.26612854003906, 94.44918823242188, 93.61947631835938, 93.45219421386719, 92.58686065673828, 89.89280700683594, 91.58473205566406, 90.15888977050781, 87.98780822753906, 86.8649673461914, 86.78416442871094, 85.30513000488281, 84.49845123291016, 84.10734558105469, 83.37553405761719, 85.01565551757812, 81.74624633789062, 81.60889434814453, 79.53185272216797, 77.86262512207031, 77.62506866455078, 75.66641235351562, 74.48992919921875, 73.94601440429688, 73.26361846923828, 71.32723999023438, 69.83760070800781, 69.64457702636719, 67.34841918945312, 67.85968017578125, 67.48457336425781, 64.21127319335938, 64.50577545166016, 62.7223014831543, 61.15947341918945, 58.94465255737305, 58.780113220214844, 59.056732177734375, 56.661834716796875, 56.67909622192383, 54.62810134887695, 54.41807174682617, 53.34845733642578, 51.89826202392578, 51.566802978515625, 50.630897521972656, 48.80182647705078, 48.15947723388672, 47.68608856201172, 45.84617233276367, 46.34577178955078, 43.62166976928711, 42.955299377441406, 41.82695770263672, 40.596595764160156, 38.585269927978516, 39.09864044189453, 36.371273040771484, 34.98509979248047, 34.22288131713867, 32.63406753540039, 30.643341064453125, 29.018230438232422, 27.815338134765625, 26.772220611572266], "var": [91.57655334472656, 106.09860229492188, 80.54566192626953, 117.20609283447266, 102.0133056640625, 46.57107925415039, 50.1953239440918, 44.6292724609375, 54.695533752441406, 60.63322067260742, 95.06267547607422, 86.06340026855469, 40.76241683959961, 66.80906677246094, 32.809818267822266, 33.23898696899414, 42.06697463989258, 48.70048141479492, 34.784244537353516, 27.299291610717773, 51.67167282104492, 19.88591194152832, 21.31509780883789, 85.91936492919922, 22.360000610351562, 19.575897216796875, 33.47894287109375, 34.03007125854492, 32.49784469604492, 19.01673698425293, 44.8485221862793, 37.263877868652344, 54.367828369140625, 23.281648635864258, 18.086267471313477, 23.47724151611328, 27.087818145751953, 37.39582061767578, 29.13395881652832, 36.79903793334961, 19.63184928894043, 35.81923294067383, 37.50078582763672, 33.07807922363281, 46.33428955078125, 21.755718231201172, 40.538818359375, 23.976089477539062, 23.771276473999023, 44.387454986572266, 39.68741989135742, 48.762760162353516, 33.806758880615234, 28.442434310913086, 24.339731216430664, 49.96757507324219, 29.939250946044922, 32.978431701660156, 53.73374938964844, 18.495027542114258, 45.76742935180664, 28.868858337402344, 30.41311264038086, 39.14741897583008, 23.54888153076172, 30.62306785583496, 33.60752868652344, 15.864501953125, 23.7219295501709, 35.696617126464844, 31.021080017089844, 14.410816192626953, 14.936128616333008, 12.008489608764648, 18.80337142944336, 26.55025291442871, 12.197352409362793, 13.717061042785645, 13.111055374145508, 11.077693939208984, 7.663520812988281, 11.351283073425293, 15.669666290283203, 6.796529769897461, 4.344010829925537, 5.630897521972656, 6.094791412353516, 6.026834964752197, 10.81729793548584, 3.35772705078125, 6.871777057647705, 4.7639055252075195, 8.7373046875, 5.091428756713867, 6.227296352386475, 9.308483123779297, 10.441621780395508, 6.272627353668213, 6.829615116119385, 6.548688888549805, 7.869728088378906, 6.559849262237549, 4.714882850646973, 3.4707143306732178, 4.302374839782715, 6.282289981842041], "true": [105.0, 104.0, 103.0, 102.0, 101.0, 100.0, 99.0, 98.0, 97.0, 96.0, 95.0, 94.0, 93.0, 92.0, 91.0, 90.0, 89.0, 88.0, 87.0, 86.0, 85.0, 84.0, 83.0, 82.0, 81.0, 80.0, 79.0, 78.0, 77.0, 76.0, 75.0, 74.0, 73.0, 72.0, 71.0, 70.0, 69.0, 68.0, 67.0, 66.0, 65.0, 64.0, 63.0, 62.0, 61.0, 60.0, 59.0, 58.0, 57.0, 56.0, 55.0, 54.0, 53.0, 52.0, 51.0, 50.0, 49.0, 48.0, 47.0, 46.0, 45.0, 44.0, 43.0, 42.0, 41.0, 40.0, 39.0, 38.0, 37.0, 36.0, 35.0, 34.0, 33.0, 32.0, 31.0, 30.0, 29.0, 28.0, 27.0, 26.0, 25.0, 24.0, 23.0, 22.0, 21.0, 20.0, 19.0, 18.0, 17.0, 16.0, 15.0, 14.0, 13.0, 12.0, 11.0, 10.0, 9.0, 8.0, 7.0, 6.0, 5.0, 4.0, 3.0, 2.0, 1.0, 0.0], "RMSE": 27.24}