{"0": 16.108394622802734, "1": 13.159594535827637, "2": 23.514488220214844, "3": 20.48885154724121, "4": 17.98994255065918, "5": 17.525238037109375, "6": 13.850688934326172, "7": 14.253907203674316, "8": 13.536686897277832, "9": 13.204672813415527, "10": 14.53286361694336, "11": 8.406620979309082, "12": 10.628344535827637, "13": 11.874756813049316, "14": 12.072554588317871, "15": 6.522546768188477, "16": 11.26309585571289, "17": 9.783297538757324, "18": 6.557889461517334, "19": 8.972249031066895, "20": 7.675614356994629, "21": 7.270404815673828, "22": 7.949151515960693, "23": 11.095139503479004, "24": 8.266181945800781, "25": 8.651835441589355, "26": 7.003123760223389, "27": 7.180562973022461, "28": 9.08299732208252, "29": 7.341429233551025, "30": 9.412077903747559, "31": 9.693246841430664, "32": 10.73441219329834, "33": 8.61776351928711, "34": 8.905943870544434, "35": 13.17534065246582, "36": 11.566057205200195, "37": 16.03472900390625, "38": 13.07042407989502, "39": 8.699947357177734, "40": 15.04521369934082, "41": 18.235370635986328, "42": 24.256298065185547, "43": 20.296415328979492, "44": 24.10737419128418, "45": 25.09693717956543, "46": 19.811195373535156, "47": 15.593649864196777, "48": 15.79256820678711, "49": 19.927154541015625, "50": 25.92855453491211, "51": 24.44162368774414, "52": 30.639488220214844, "53": 28.355497360229492, "54": 44.95665740966797, "55": 52.58283615112305, "56": 51.16508102416992, "57": 56.39282989501953, "58": 54.191490173339844, "59": 66.36250305175781, "60": 59.020530700683594, "61": 55.87762451171875, "62": 74.92500305175781, "63": 63.04288864135742, "64": 87.5293960571289, "65": 88.68154907226562, "66": 68.85681915283203, "67": 66.58075714111328, "68": 127.97930145263672, "69": 109.64680480957031, "70": 60.63475799560547, "71": 92.16851806640625, "72": 69.31780242919922, "73": 132.5408477783203, "74": 108.00395965576172, "75": 93.59739685058594, "76": 87.0947494506836, "77": 89.22425842285156, "78": 65.47984313964844, "79": 80.58655548095703, "80": 71.86727905273438, "81": 59.35994338989258, "82": 68.49250793457031, "83": 81.9165267944336, "84": 74.48348999023438, "85": 94.36516571044922, "86": 85.70919799804688, "87": 55.1683464050293, "88": 63.38150405883789, "89": 104.68002319335938, "90": 79.36199951171875, "91": 94.07429504394531, "92": 80.7051773071289, "93": 83.67399597167969, "94": 76.0472640991211, "95": 100.82470703125, "96": 84.31620025634766, "97": 111.11189270019531, "98": 98.75713348388672, "99": 104.39066314697266, "100": 120.84089660644531, "101": 108.19073486328125, "102": 123.21121215820312, "103": 145.62075805664062, "104": 111.2687759399414, "105": 118.93856048583984, "106": 139.0633087158203, "107": 120.53932189941406, "108": 109.31214904785156, "109": 141.37596130371094, "110": 135.0192413330078, "111": 130.62823486328125, "112": 181.22885131835938, "113": 153.1276092529297, "114": 141.8671417236328, "115": 165.56666564941406, "116": 123.07311248779297, "117": 103.39741516113281, "118": 93.55940246582031, "119": 81.99463653564453, "120": 63.77597427368164, "121": 50.050106048583984, "122": 66.29513549804688, "123": 60.758541107177734, "124": 38.94115447998047, "125": 44.22256851196289, "126": 34.047969818115234, "127": 23.702356338500977, "128": 26.33443260192871, "129": 22.161945343017578, "130": 23.506065368652344, "131": 20.207439422607422, "132": 12.218204498291016, "133": 19.340404510498047, "134": 13.610289573669434, "135": 11.955881118774414, "136": 10.792986869812012, "137": 13.729118347167969, "138": 12.25289249420166, "139": 10.931779861450195, "140": 13.288322448730469, "141": 13.452893257141113, "142": 7.67755651473999, "143": 6.49653434753418, "144": 9.75953197479248, "145": 8.615550994873047, "146": 5.22451639175415, "147": 6.955714702606201, "148": 6.543828964233398, "149": 8.124589920043945, "150": 6.3249592781066895, "151": 5.742532253265381, "152": 6.490041255950928, "153": 4.8674397468566895, "154": 4.759565353393555, "155": 4.085610389709473, "156": 3.2155323028564453, "157": 2.055332660675049, "158": 2.4353861808776855, "159": 2.6798620223999023, "160": 2.3691246509552, "161": 1.742948293685913, "162": 2.6375436782836914, "163": 1.8964840173721313, "164": 1.8595843315124512, "165": 1.5101289749145508, "166": 1.616855263710022, "167": 1.5781333446502686, "168": 1.35003662109375, "169": 1.452963948249817, "170": 1.2385917901992798, "171": 1.8284354209899902, "172": 1.545985221862793, "173": 0.9384389519691467, "174": 0.80470871925354, "175": 1.0908057689666748, "176": 0.8176542520523071, "177": 0.8700095415115356, "178": 1.113677978515625, "179": 0.7173471450805664, "180": 0.9261189103126526, "181": 0.37523356080055237, "182": 0.31143423914909363, "183": 0.23300909996032715}