{"mean": [117.31193542480469, 117.31611633300781, 116.3520278930664, 114.45654296875, 116.87416076660156, 115.84566497802734, 117.15771484375, 114.05191802978516, 114.08976745605469, 114.3289794921875, 113.85318756103516, 114.732177734375, 114.6766586303711, 113.21297454833984, 112.51152038574219, 112.73728942871094, 111.68843078613281, 112.21760559082031, 105.92533111572266, 108.0935287475586, 110.40653228759766, 108.89164733886719, 109.3710708618164, 110.36329650878906, 110.85025787353516, 110.7087631225586, 104.3043212890625, 105.23054504394531, 103.7569580078125, 104.76939392089844, 101.24215698242188, 98.94711303710938, 107.3639144897461, 105.62342834472656, 106.06986999511719, 101.90242767333984, 90.95198059082031, 101.9097900390625, 93.92940521240234, 101.03588104248047, 94.50498962402344, 97.34721374511719, 92.99072265625, 89.8004150390625, 93.80252838134766, 95.88455200195312, 86.08125305175781, 86.56194305419922, 87.04021453857422, 77.53116607666016, 82.6994400024414, 87.0337142944336, 84.38954162597656, 82.5928726196289, 84.72509765625, 81.1913070678711, 81.38568878173828, 74.2630386352539, 76.9822998046875, 74.08216857910156, 69.23103332519531, 70.01888275146484, 66.23565673828125, 70.22034454345703, 63.93181610107422, 66.22760009765625, 61.18811798095703, 59.66309356689453, 62.77418899536133, 61.168357849121094, 58.98957061767578, 57.20392608642578, 61.457298278808594, 59.16667938232422, 56.538848876953125, 57.15424346923828, 56.984466552734375, 50.35818862915039, 49.89036560058594, 45.98945617675781, 46.504127502441406, 48.799251556396484, 46.163658142089844, 44.809425354003906, 45.9128303527832, 43.120384216308594, 42.96626663208008, 41.88645935058594, 39.87279510498047, 39.9212532043457, 35.91264724731445, 37.325809478759766, 35.767181396484375, 32.82915496826172, 32.176612854003906, 31.85707664489746, 32.54254913330078, 31.39133071899414, 28.230260848999023, 27.589801788330078, 26.867929458618164, 27.683544158935547, 25.261791229248047, 24.18728256225586, 22.51813316345215, 22.059207916259766, 21.234527587890625, 20.549922943115234, 19.85234832763672, 18.574121475219727, 17.926605224609375, 17.047338485717773, 16.154979705810547, 15.28160572052002, 14.230237007141113, 13.282732963562012, 12.148860931396484, 11.905820846557617, 10.645403861999512, 9.36176586151123, 8.417892456054688, 7.0361738204956055, 5.971951961517334, 5.0442986488342285, 3.5632095336914062, 3.3649654388427734, 2.1159958839416504], "var": [35.40679931640625, 11.320524215698242, 22.0118465423584, 22.942415237426758, 14.730193138122559, 38.7281379699707, 7.567217826843262, 8.699273109436035, 34.15956497192383, 17.60099220275879, 39.051849365234375, 34.73250961303711, 15.543471336364746, 38.54888153076172, 76.21073913574219, 29.876890182495117, 37.28313064575195, 38.99109649658203, 32.644630432128906, 37.42008590698242, 77.38236999511719, 68.98375701904297, 67.71440887451172, 52.07986068725586, 121.7340316772461, 77.21527862548828, 69.14916229248047, 152.17349243164062, 222.87681579589844, 75.80612182617188, 200.83522033691406, 283.1532287597656, 130.42845153808594, 146.23458862304688, 95.41090393066406, 167.6594696044922, 244.0936279296875, 263.424072265625, 245.65748596191406, 171.03585815429688, 185.81597900390625, 202.35861206054688, 152.8355712890625, 333.783935546875, 313.72503662109375, 75.5598373413086, 104.63416290283203, 219.98178100585938, 221.57723999023438, 125.01238250732422, 288.9935607910156, 289.1885986328125, 293.435302734375, 251.4529266357422, 152.38192749023438, 117.85891723632812, 177.9051513671875, 337.4180908203125, 165.6542510986328, 199.84259033203125, 33.167110443115234, 108.37876892089844, 85.09552001953125, 233.48281860351562, 36.341373443603516, 87.75102233886719, 56.9273567199707, 55.43972396850586, 56.65572738647461, 88.71475219726562, 68.60296630859375, 83.8885498046875, 101.31172180175781, 63.08962631225586, 63.90581130981445, 112.184814453125, 42.03131866455078, 22.58640480041504, 51.772342681884766, 15.322607040405273, 23.680355072021484, 30.052696228027344, 16.345481872558594, 15.062451362609863, 14.009801864624023, 22.99311637878418, 15.58304500579834, 40.582061767578125, 38.64784622192383, 14.70080280303955, 11.61536693572998, 2.9157931804656982, 2.6429672241210938, 3.937169075012207, 8.314982414245605, 7.607842445373535, 7.0217509269714355, 18.449769973754883, 12.603878021240234, 6.923498630523682, 9.457159042358398, 14.39322280883789, 8.17391586303711, 4.988001346588135, 1.4381190538406372, 4.432814121246338, 4.6691694259643555, 2.765469789505005, 2.20928955078125, 3.237387180328369, 3.6356241703033447, 1.2865474224090576, 0.9623432159423828, 0.43361443281173706, 1.2836228609085083, 1.6108821630477905, 1.0998610258102417, 1.4755746126174927, 1.26827871799469, 0.8144969940185547, 1.4256274700164795, 0.35989025235176086, 0.2879481017589569, 0.4997774064540863, 0.45254233479499817, 0.1532069742679596, 0.3977232873439789], "true": [120.0, 120.0, 120.0, 120.0, 120.0, 120.0, 120.0, 119.0, 118.0, 117.0, 116.0, 115.0, 114.0, 113.0, 112.0, 111.0, 110.0, 109.0, 108.0, 107.0, 106.0, 105.0, 104.0, 103.0, 102.0, 101.0, 100.0, 99.0, 98.0, 97.0, 96.0, 95.0, 94.0, 93.0, 92.0, 91.0, 90.0, 89.0, 88.0, 87.0, 86.0, 85.0, 84.0, 83.0, 82.0, 81.0, 80.0, 79.0, 78.0, 77.0, 76.0, 75.0, 74.0, 73.0, 72.0, 71.0, 70.0, 69.0, 68.0, 67.0, 66.0, 65.0, 64.0, 63.0, 62.0, 61.0, 60.0, 59.0, 58.0, 57.0, 56.0, 55.0, 54.0, 53.0, 52.0, 51.0, 50.0, 49.0, 48.0, 47.0, 46.0, 45.0, 44.0, 43.0, 42.0, 41.0, 40.0, 39.0, 38.0, 37.0, 36.0, 35.0, 34.0, 33.0, 32.0, 31.0, 30.0, 29.0, 28.0, 27.0, 26.0, 25.0, 24.0, 23.0, 22.0, 21.0, 20.0, 19.0, 18.0, 17.0, 16.0, 15.0, 14.0, 13.0, 12.0, 11.0, 10.0, 9.0, 8.0, 7.0, 6.0, 5.0, 4.0, 3.0, 2.0, 1.0, 0.0], "RMSE": 5.7}