{"mean": [117.74593353271484, 116.65181732177734, 119.24211120605469, 118.05043029785156, 117.33658599853516, 122.39167785644531, 115.9935302734375, 117.9015121459961, 118.4293212890625, 117.61650085449219, 116.55484771728516, 115.71891021728516, 118.11474609375, 118.70021057128906, 116.63356018066406, 118.98979187011719, 115.3196029663086, 113.89534759521484, 119.1819839477539, 117.4346923828125, 117.76252746582031, 117.95280456542969, 116.95320129394531, 117.1632308959961, 112.98622131347656, 114.03128814697266, 119.15254974365234, 116.078125, 111.85272216796875, 115.34812927246094, 114.56632232666016, 115.02250671386719, 112.01734924316406, 114.29640197753906, 114.20921325683594, 109.5826187133789, 113.0538101196289, 106.53071594238281, 109.98040771484375, 113.7876205444336, 105.66053771972656, 108.35728454589844, 103.6933364868164, 101.84284973144531, 110.00428771972656, 104.14015197753906, 102.03848266601562, 97.82846069335938, 99.20468139648438, 99.50782775878906, 101.61872100830078, 101.29139709472656, 95.69708251953125, 87.41848754882812, 88.57566833496094, 93.7043228149414, 91.35202026367188, 86.79064178466797, 85.34634399414062, 79.7613525390625, 77.90513610839844, 79.59204864501953, 75.12503051757812, 66.95673370361328, 71.72654724121094, 77.15072631835938, 67.03582763671875, 70.6919174194336, 67.24453735351562, 70.47877502441406, 61.79560470581055, 67.29808044433594, 61.90087127685547, 62.4370002746582, 62.2286262512207, 57.13544845581055, 54.90398406982422, 53.52012252807617, 57.22252655029297, 56.230247497558594, 47.107322692871094, 48.667808532714844, 48.26603317260742, 43.52058792114258, 45.097068786621094, 41.16656494140625, 41.19123458862305, 40.011695861816406, 40.09540557861328, 40.32738494873047, 38.69956970214844, 38.496917724609375, 37.2930793762207, 35.74254608154297, 34.268699645996094, 33.52241134643555, 32.614356994628906, 32.26007080078125, 30.042034149169922, 30.90958023071289, 29.878795623779297, 28.62356185913086, 26.91904640197754, 26.84869384765625, 25.95989418029785, 24.569713592529297, 24.996112823486328, 22.2818603515625, 22.0550594329834, 21.106700897216797, 20.09610939025879, 19.03101921081543, 17.53959846496582, 16.925939559936523, 16.292339324951172, 15.235490798950195, 14.843274116516113, 12.758480072021484, 12.31332015991211, 10.605486869812012, 9.077285766601562, 8.453688621520996, 6.852743625640869, 5.476897239685059, 4.331845760345459, 3.6323189735412598], "var": [34.8197021484375, 29.40743064880371, 11.455379486083984, 24.318954467773438, 31.47466468811035, 10.487244606018066, 22.68962860107422, 20.012210845947266, 18.66370964050293, 14.957344055175781, 19.717649459838867, 27.66637420654297, 31.912628173828125, 14.09694766998291, 46.44175720214844, 16.780492782592773, 8.429919242858887, 38.761009216308594, 29.790664672851562, 17.337430953979492, 11.309926986694336, 9.88014030456543, 19.55583953857422, 41.89996337890625, 41.319862365722656, 41.44443893432617, 9.275035858154297, 19.264476776123047, 49.301597595214844, 36.9265251159668, 29.432954788208008, 27.791431427001953, 112.06379699707031, 36.499366760253906, 40.883567810058594, 83.34529876708984, 37.646446228027344, 99.48592376708984, 115.59989929199219, 66.70148468017578, 70.73677062988281, 68.28972625732422, 209.1245574951172, 114.82430267333984, 35.67964172363281, 135.06600952148438, 161.90631103515625, 63.13029098510742, 218.00856018066406, 97.02161407470703, 116.51212310791016, 40.962684631347656, 112.88084411621094, 153.17384338378906, 96.47212219238281, 100.23103332519531, 107.82868194580078, 196.5550079345703, 169.84768676757812, 119.57666015625, 197.53993225097656, 224.63282775878906, 209.0531768798828, 153.38267517089844, 65.79730987548828, 133.3546600341797, 88.91529846191406, 82.97648620605469, 166.62667846679688, 119.30340576171875, 137.6640167236328, 122.02008056640625, 56.023704528808594, 72.05226135253906, 57.55716323852539, 88.25049591064453, 33.23210525512695, 51.17302703857422, 134.93585205078125, 38.09659957885742, 51.06631851196289, 29.84867286682129, 24.254514694213867, 19.833372116088867, 24.610055923461914, 17.962617874145508, 45.95143127441406, 9.397063255310059, 20.112964630126953, 14.338218688964844, 8.963279724121094, 10.430449485778809, 14.529485702514648, 9.334270477294922, 5.361698150634766, 3.649935483932495, 7.708836555480957, 5.256650924682617, 3.434091567993164, 7.924494743347168, 10.381332397460938, 2.219047784805298, 4.523444652557373, 2.9211952686309814, 6.076107978820801, 4.663939476013184, 6.2570881843566895, 6.378518104553223, 2.4346730709075928, 4.367978096008301, 1.9526585340499878, 2.3780148029327393, 0.8134310245513916, 1.6922322511672974, 1.2886799573898315, 1.2406573295593262, 1.029615879058838, 1.0480254888534546, 1.004729151725769, 1.490446925163269, 0.9873941540718079, 1.0453811883926392, 0.2673293948173523, 1.0216987133026123, 0.6514657735824585, 0.7325104475021362], "true": [120.0, 120.0, 120.0, 120.0, 120.0, 120.0, 119.0, 118.0, 117.0, 116.0, 115.0, 114.0, 113.0, 112.0, 111.0, 110.0, 109.0, 108.0, 107.0, 106.0, 105.0, 104.0, 103.0, 102.0, 101.0, 100.0, 99.0, 98.0, 97.0, 96.0, 95.0, 94.0, 93.0, 92.0, 91.0, 90.0, 89.0, 88.0, 87.0, 86.0, 85.0, 84.0, 83.0, 82.0, 81.0, 80.0, 79.0, 78.0, 77.0, 76.0, 75.0, 74.0, 73.0, 72.0, 71.0, 70.0, 69.0, 68.0, 67.0, 66.0, 65.0, 64.0, 63.0, 62.0, 61.0, 60.0, 59.0, 58.0, 57.0, 56.0, 55.0, 54.0, 53.0, 52.0, 51.0, 50.0, 49.0, 48.0, 47.0, 46.0, 45.0, 44.0, 43.0, 42.0, 41.0, 40.0, 39.0, 38.0, 37.0, 36.0, 35.0, 34.0, 33.0, 32.0, 31.0, 30.0, 29.0, 28.0, 27.0, 26.0, 25.0, 24.0, 23.0, 22.0, 21.0, 20.0, 19.0, 18.0, 17.0, 16.0, 15.0, 14.0, 13.0, 12.0, 11.0, 10.0, 9.0, 8.0, 7.0, 6.0, 5.0, 4.0, 3.0, 2.0, 1.0, 0.0], "RMSE": 12.85}