{"mean": [104.25736999511719, 98.33294677734375, 98.11790466308594, 108.56544494628906, 93.0619888305664, 96.19158935546875, 94.4861831665039, 99.0977554321289, 98.58081817626953, 101.80440521240234, 100.17394256591797, 97.45234680175781, 90.72300720214844, 90.42767333984375, 97.57527160644531, 106.42694091796875, 96.4629135131836, 96.43719482421875, 94.20738983154297, 94.07615661621094, 95.28504943847656, 93.81230926513672, 94.91741180419922, 93.30360412597656, 104.2367172241211, 93.5985107421875, 97.91167449951172, 93.93267822265625, 93.74378204345703, 98.50450897216797, 101.16314697265625, 90.34886169433594, 97.17152404785156, 97.19642639160156, 89.41902160644531, 87.21678924560547, 92.07960510253906, 89.83818054199219, 90.81632995605469, 81.3321762084961, 90.89016723632812, 82.53387451171875, 83.50343322753906, 90.95329284667969, 78.01189422607422, 80.98617553710938, 77.84871673583984, 74.22703552246094, 78.01307678222656, 73.29535675048828, 72.01412200927734, 73.49623107910156, 75.24296569824219, 67.87467956542969, 74.83087921142578, 74.29866790771484, 73.6310043334961, 64.02117156982422, 62.257171630859375, 58.493247985839844, 58.0325813293457, 52.006858825683594, 54.905128479003906, 51.5679931640625, 52.441162109375, 52.86555099487305, 47.73130798339844, 52.407188415527344, 45.6243896484375, 46.42542266845703, 44.40970230102539, 40.905982971191406, 40.04210662841797, 42.340450286865234, 39.42430114746094, 35.15642547607422, 35.99324417114258, 34.67992401123047, 31.593978881835938, 31.21189308166504, 30.084213256835938, 29.329120635986328, 29.02047348022461, 27.72055435180664, 24.83409881591797, 23.19856071472168, 23.359233856201172, 22.280712127685547, 21.66373062133789, 19.978042602539062, 18.545833587646484, 18.52834701538086, 16.913904190063477, 16.70901107788086, 15.07385540008545, 14.072758674621582, 12.583725929260254, 11.449172019958496, 10.700540542602539, 10.013177871704102, 8.221765518188477, 6.747374534606934, 6.036131381988525, 4.932071685791016, 3.462779998779297, 3.0355639457702637], "var": [65.33123016357422, 268.85833740234375, 109.76239013671875, 117.28231048583984, 115.64433288574219, 82.50731658935547, 82.44093322753906, 201.2086944580078, 101.27700805664062, 95.67092895507812, 285.12841796875, 140.28091430664062, 144.42376708984375, 214.1860809326172, 297.1864318847656, 101.59415435791016, 227.61155700683594, 282.05535888671875, 256.7862548828125, 244.26820373535156, 275.0771484375, 297.917236328125, 218.9627227783203, 165.55929565429688, 166.54827880859375, 228.21237182617188, 283.9385070800781, 313.789794921875, 484.0715637207031, 241.8636932373047, 253.45166015625, 317.2619323730469, 139.5190887451172, 118.18461608886719, 153.91827392578125, 226.65122985839844, 153.5735321044922, 246.88368225097656, 238.3701629638672, 214.64402770996094, 123.62995147705078, 282.474609375, 273.2642517089844, 228.6716766357422, 250.48683166503906, 129.4644012451172, 208.28378295898438, 234.6386260986328, 302.0511169433594, 162.73329162597656, 120.98856353759766, 144.5650634765625, 131.0706024169922, 191.62921142578125, 119.55452728271484, 213.76519775390625, 47.76192855834961, 112.431884765625, 64.04662322998047, 53.22730255126953, 114.48997497558594, 29.409608840942383, 25.63309669494629, 39.83015823364258, 87.39319610595703, 87.24864196777344, 26.649492263793945, 18.31946563720703, 36.991764068603516, 29.909914016723633, 13.311203002929688, 11.677462577819824, 26.06545066833496, 15.978403091430664, 5.411588668823242, 15.836605072021484, 6.022242069244385, 12.016339302062988, 6.810823440551758, 6.000128269195557, 7.173450946807861, 2.290588855743408, 7.131264686584473, 6.685763835906982, 2.044106960296631, 1.944401502609253, 4.749563694000244, 1.6505345106124878, 4.831336498260498, 0.35268107056617737, 0.7060670852661133, 3.4321157932281494, 0.7939638495445251, 1.6816866397857666, 1.3503879308700562, 1.2708910703659058, 1.1908379793167114, 1.2341179847717285, 0.30702638626098633, 1.8201533555984497, 0.5269192457199097, 1.2011418342590332, 0.47800856828689575, 1.3132559061050415, 0.34940528869628906, 1.4166512489318848], "true": [105.0, 104.0, 103.0, 102.0, 101.0, 100.0, 99.0, 98.0, 97.0, 96.0, 95.0, 94.0, 93.0, 92.0, 91.0, 90.0, 89.0, 88.0, 87.0, 86.0, 85.0, 84.0, 83.0, 82.0, 81.0, 80.0, 79.0, 78.0, 77.0, 76.0, 75.0, 74.0, 73.0, 72.0, 71.0, 70.0, 69.0, 68.0, 67.0, 66.0, 65.0, 64.0, 63.0, 62.0, 61.0, 60.0, 59.0, 58.0, 57.0, 56.0, 55.0, 54.0, 53.0, 52.0, 51.0, 50.0, 49.0, 48.0, 47.0, 46.0, 45.0, 44.0, 43.0, 42.0, 41.0, 40.0, 39.0, 38.0, 37.0, 36.0, 35.0, 34.0, 33.0, 32.0, 31.0, 30.0, 29.0, 28.0, 27.0, 26.0, 25.0, 24.0, 23.0, 22.0, 21.0, 20.0, 19.0, 18.0, 17.0, 16.0, 15.0, 14.0, 13.0, 12.0, 11.0, 10.0, 9.0, 8.0, 7.0, 6.0, 5.0, 4.0, 3.0, 2.0, 1.0, 0.0], "RMSE": 13.19}