{"mean": [123.5921630859375, 124.46095275878906, 121.9278564453125, 125.4442367553711, 122.71539306640625, 129.23687744140625, 123.23439025878906, 125.37261962890625, 121.60191345214844, 124.75042724609375, 122.04454040527344, 125.7452392578125, 124.9874038696289, 121.2968521118164, 125.5167007446289, 124.99107360839844, 119.86216735839844, 119.09367370605469, 121.70549011230469, 117.98030853271484, 118.56944274902344, 120.06461334228516, 113.61503601074219, 114.98622131347656, 111.27348327636719, 113.02616119384766, 112.1156005859375, 115.2560806274414, 98.38429260253906, 103.1380386352539, 94.5005111694336, 83.82162475585938, 85.49647521972656, 85.02632141113281, 84.20217895507812, 82.02034759521484, 79.29383087158203, 84.30498504638672, 81.16828155517578, 84.18360900878906, 95.52104949951172, 91.739990234375, 98.2507553100586, 103.05401611328125, 104.80229187011719, 107.37480163574219, 107.7136001586914, 100.42230987548828, 107.5390625, 109.97784423828125, 107.4569091796875, 110.3624496459961, 95.68583679199219, 104.70732116699219, 101.64469146728516, 91.73863983154297, 88.50240325927734, 83.16035461425781, 67.67842102050781, 65.37149810791016, 70.62660217285156, 69.49725341796875, 71.64415740966797, 67.00907897949219, 64.19303131103516, 76.33808898925781, 76.58061218261719, 73.64570617675781, 72.08967590332031, 64.33625793457031, 61.14996337890625, 73.15587615966797, 69.0575942993164, 69.78330993652344, 65.26213073730469, 71.78931427001953, 67.09455871582031, 81.18647766113281, 70.80545806884766, 75.48539733886719, 70.80186462402344, 66.31792449951172, 63.92374801635742, 58.94544219970703, 76.6868667602539, 61.29523849487305, 55.08527755737305, 58.64667510986328, 48.113460540771484, 53.93860626220703, 52.667335510253906, 45.714210510253906, 44.893272399902344, 46.87321853637695, 39.272274017333984, 41.40629959106445, 36.35765838623047, 34.678279876708984, 32.28548812866211, 32.6342887878418, 32.439205169677734, 34.313743591308594, 28.64542007446289, 25.563724517822266, 26.634807586669922, 26.837451934814453, 24.905677795410156, 25.782506942749023, 22.604061126708984, 27.4162654876709, 22.809921264648438, 22.71355438232422, 24.12653350830078, 23.535890579223633, 19.78026580810547, 20.785768508911133, 16.509632110595703, 16.838703155517578, 15.869730949401855, 13.182867050170898, 11.360130310058594, 10.441301345825195, 12.415224075317383, 8.048357009887695, 6.14870023727417], "var": [22.8675594329834, 39.000701904296875, 23.664852142333984, 22.49761199951172, 13.457338333129883, 26.281579971313477, 21.439895629882812, 16.591625213623047, 75.94332885742188, 14.4912691116333, 20.183231353759766, 18.379009246826172, 24.17792510986328, 44.763301849365234, 70.5495834350586, 15.163565635681152, 47.21806335449219, 37.62289047241211, 48.67061233520508, 47.2166633605957, 41.17498016357422, 54.66576385498047, 49.58218765258789, 39.88429260253906, 69.8468246459961, 134.02842712402344, 46.72969055175781, 27.8804931640625, 186.9683380126953, 150.40274047851562, 240.3115234375, 366.8476867675781, 58.366554260253906, 181.38250732421875, 202.67466735839844, 207.62319946289062, 232.4269561767578, 218.7545928955078, 81.06211853027344, 311.0306091308594, 192.20301818847656, 351.4556579589844, 219.546875, 226.3963165283203, 101.62091064453125, 125.1859130859375, 70.99455261230469, 57.127601623535156, 69.72232055664062, 69.24575805664062, 42.13880920410156, 104.38977813720703, 289.00323486328125, 170.8726043701172, 118.7297134399414, 146.88711547851562, 344.99578857421875, 356.9563903808594, 229.6599884033203, 75.82606506347656, 137.1905059814453, 160.1972198486328, 298.6500549316406, 169.34368896484375, 104.44176483154297, 99.52731323242188, 135.9159698486328, 124.82424926757812, 220.343017578125, 77.4945297241211, 96.57194519042969, 67.32186889648438, 89.34629821777344, 230.83740234375, 103.61505889892578, 70.63816833496094, 70.29203796386719, 344.0181579589844, 94.33954620361328, 135.04318237304688, 75.30377960205078, 167.10948181152344, 73.8384017944336, 111.5545425415039, 328.06561279296875, 108.01209259033203, 54.905494689941406, 59.33842849731445, 28.241384506225586, 14.321490287780762, 25.374755859375, 14.748948097229004, 18.69852638244629, 21.064096450805664, 7.548196792602539, 17.252790451049805, 7.034636974334717, 21.58464813232422, 8.413666725158691, 15.221196174621582, 14.625398635864258, 7.162632942199707, 3.8129067420959473, 9.65013599395752, 3.6472458839416504, 10.705422401428223, 4.14044713973999, 3.645244836807251, 2.0065367221832275, 1.090043544769287, 2.288451671600342, 4.408505916595459, 4.095027446746826, 2.0461370944976807, 1.6711515188217163, 2.002267837524414, 2.330747127532959, 1.3567639589309692, 3.4779763221740723, 1.6148580312728882, 1.2514195442199707, 3.3900980949401855, 1.3307080268859863, 1.1644452810287476, 0.42164379358291626], "true": [120.0, 120.0, 120.0, 120.0, 120.0, 119.0, 118.0, 117.0, 116.0, 115.0, 114.0, 113.0, 112.0, 111.0, 110.0, 109.0, 108.0, 107.0, 106.0, 105.0, 104.0, 103.0, 102.0, 101.0, 100.0, 99.0, 98.0, 97.0, 96.0, 95.0, 94.0, 93.0, 92.0, 91.0, 90.0, 89.0, 88.0, 87.0, 86.0, 85.0, 84.0, 83.0, 82.0, 81.0, 80.0, 79.0, 78.0, 77.0, 76.0, 75.0, 74.0, 73.0, 72.0, 71.0, 70.0, 69.0, 68.0, 67.0, 66.0, 65.0, 64.0, 63.0, 62.0, 61.0, 60.0, 59.0, 58.0, 57.0, 56.0, 55.0, 54.0, 53.0, 52.0, 51.0, 50.0, 49.0, 48.0, 47.0, 46.0, 45.0, 44.0, 43.0, 42.0, 41.0, 40.0, 39.0, 38.0, 37.0, 36.0, 35.0, 34.0, 33.0, 32.0, 31.0, 30.0, 29.0, 28.0, 27.0, 26.0, 25.0, 24.0, 23.0, 22.0, 21.0, 20.0, 19.0, 18.0, 17.0, 16.0, 15.0, 14.0, 13.0, 12.0, 11.0, 10.0, 9.0, 8.0, 7.0, 6.0, 5.0, 4.0, 3.0, 2.0, 1.0, 0.0], "RMSE": 15.93}