{"mean": [120.03900146484375, 120.0418472290039, 122.06771087646484, 120.34757995605469, 122.37068176269531, 125.13325500488281, 120.94400787353516, 124.35029602050781, 123.1623306274414, 124.46636962890625, 115.2888412475586, 115.444580078125, 122.07310485839844, 121.01290130615234, 121.7587661743164, 120.9486312866211, 118.44673156738281, 116.9539794921875, 115.52580261230469, 119.50248718261719, 114.28016662597656, 118.7861328125, 115.3708724975586, 121.93180847167969, 116.47349548339844, 117.3810806274414, 117.7796630859375, 118.92635345458984, 108.83428955078125, 118.14558410644531, 105.7993392944336, 108.4051742553711, 113.86210632324219, 109.75045013427734, 103.20295715332031, 107.95674133300781, 108.51084899902344, 102.17799377441406, 111.77702331542969, 106.30555725097656, 103.93558502197266, 110.1628646850586, 106.88655853271484, 101.52976989746094, 107.7516098022461, 105.2375259399414, 104.9382095336914, 105.63338470458984, 95.43360900878906, 91.78813171386719, 97.57743835449219, 86.77540588378906, 87.68775939941406, 85.99581909179688, 87.53102111816406, 81.85884094238281, 70.49906921386719, 86.7591781616211, 77.73445892333984, 76.07856750488281, 76.65769958496094, 84.11305236816406, 73.1926040649414, 82.20597839355469, 61.598594665527344, 66.81957244873047, 67.54105377197266, 62.11998748779297, 71.5235366821289, 66.03944396972656, 58.61573028564453, 57.25605392456055, 61.90760040283203, 57.033660888671875, 52.61077117919922, 58.650665283203125, 51.50325393676758, 53.5855712890625, 48.55614471435547, 50.05162811279297, 56.229103088378906, 45.807926177978516, 52.102439880371094, 51.675079345703125, 51.576324462890625, 53.14905548095703, 45.0550422668457, 43.40312576293945, 38.534305572509766, 43.11131286621094, 37.83856964111328, 38.63479995727539, 36.8575439453125, 34.087520599365234, 33.581748962402344, 35.121681213378906, 33.987701416015625, 33.39456558227539, 28.192806243896484, 31.208843231201172, 30.684600830078125, 30.31817054748535, 29.11404800415039, 30.865381240844727, 25.97128677368164, 27.648197174072266, 28.295337677001953, 26.60062599182129, 26.33452796936035, 25.874591827392578, 22.252750396728516, 21.582929611206055, 21.012441635131836, 18.84103775024414, 17.93759536743164, 17.256893157958984, 14.414767265319824, 15.827168464660645, 15.22517204284668, 13.808862686157227, 9.920677185058594, 12.68529987335205, 9.693696975708008, 7.054856300354004, 9.809554100036621, 5.168247222900391, 4.976381301879883], "var": [16.66082191467285, 20.685422897338867, 15.865496635437012, 60.97474670410156, 18.811641693115234, 28.656858444213867, 41.59935760498047, 32.439781188964844, 29.56646156311035, 20.538108825683594, 93.78365325927734, 61.0369758605957, 33.52279281616211, 43.51360321044922, 74.9740219116211, 20.347681045532227, 66.92630004882812, 58.64687728881836, 103.91706848144531, 54.2635612487793, 105.44278717041016, 70.32356262207031, 24.040699005126953, 38.9006233215332, 63.36834716796875, 118.9678955078125, 46.60862350463867, 32.81880569458008, 148.5126190185547, 36.18464279174805, 209.80282592773438, 156.08303833007812, 21.58822250366211, 95.30101776123047, 149.07177734375, 254.60853576660156, 131.2705841064453, 207.0944061279297, 82.77482604980469, 120.11627197265625, 183.8911895751953, 131.96640014648438, 144.854736328125, 287.4465637207031, 106.21131896972656, 67.81997680664062, 80.63360595703125, 121.02485656738281, 180.9580535888672, 76.51021575927734, 101.68500518798828, 218.82550048828125, 245.720458984375, 184.7880859375, 116.85316467285156, 187.1968231201172, 68.55522918701172, 311.2259216308594, 239.7515869140625, 149.45343017578125, 169.66934204101562, 175.96466064453125, 200.96302795410156, 365.3393249511719, 109.7645034790039, 121.93334197998047, 98.9113540649414, 104.0739517211914, 288.8465576171875, 119.12787628173828, 101.7598648071289, 59.80790710449219, 60.130577087402344, 117.7568359375, 81.86481475830078, 39.923091888427734, 38.78437042236328, 90.60630798339844, 33.96767044067383, 29.373207092285156, 35.72938537597656, 50.65612030029297, 49.22606658935547, 57.77245330810547, 133.64324951171875, 77.23582458496094, 10.805280685424805, 9.996413230895996, 9.602936744689941, 12.051656723022461, 14.47001838684082, 12.403336524963379, 7.5668230056762695, 4.562529563903809, 5.996443748474121, 9.063161849975586, 5.915177822113037, 6.394711017608643, 5.628777027130127, 5.443942546844482, 6.3455047607421875, 4.089159965515137, 2.9863522052764893, 9.680806159973145, 3.0150303840637207, 4.630270004272461, 3.671008586883545, 3.8535449504852295, 1.424230694770813, 1.04763925075531, 3.0956926345825195, 1.5236915349960327, 3.8350753784179688, 2.4633536338806152, 2.6945862770080566, 1.9467077255249023, 2.407122850418091, 0.8001474142074585, 2.421837568283081, 1.88257896900177, 1.1616233587265015, 4.563567161560059, 1.0129578113555908, 0.9271370768547058, 0.6535975337028503, 0.17172524333000183, 0.5974462032318115], "true": [120.0, 120.0, 120.0, 120.0, 120.0, 120.0, 120.0, 119.0, 118.0, 117.0, 116.0, 115.0, 114.0, 113.0, 112.0, 111.0, 110.0, 109.0, 108.0, 107.0, 106.0, 105.0, 104.0, 103.0, 102.0, 101.0, 100.0, 99.0, 98.0, 97.0, 96.0, 95.0, 94.0, 93.0, 92.0, 91.0, 90.0, 89.0, 88.0, 87.0, 86.0, 85.0, 84.0, 83.0, 82.0, 81.0, 80.0, 79.0, 78.0, 77.0, 76.0, 75.0, 74.0, 73.0, 72.0, 71.0, 70.0, 69.0, 68.0, 67.0, 66.0, 65.0, 64.0, 63.0, 62.0, 61.0, 60.0, 59.0, 58.0, 57.0, 56.0, 55.0, 54.0, 53.0, 52.0, 51.0, 50.0, 49.0, 48.0, 47.0, 46.0, 45.0, 44.0, 43.0, 42.0, 41.0, 40.0, 39.0, 38.0, 37.0, 36.0, 35.0, 34.0, 33.0, 32.0, 31.0, 30.0, 29.0, 28.0, 27.0, 26.0, 25.0, 24.0, 23.0, 22.0, 21.0, 20.0, 19.0, 18.0, 17.0, 16.0, 15.0, 14.0, 13.0, 12.0, 11.0, 10.0, 9.0, 8.0, 7.0, 6.0, 5.0, 4.0, 3.0, 2.0, 1.0, 0.0], "RMSE": 11.27}