{"mean": [116.96958923339844, 117.613525390625, 115.08515930175781, 120.48942565917969, 121.00284576416016, 115.1168441772461, 120.57808685302734, 120.6097640991211, 118.34907531738281, 116.92427062988281, 117.26910400390625, 111.94200134277344, 112.68220520019531, 111.81687927246094, 111.39925384521484, 102.783203125, 105.64703369140625, 108.54350280761719, 97.36602783203125, 91.0098648071289, 93.14537048339844, 82.58922576904297, 83.40101623535156, 85.43999481201172, 86.1489486694336, 86.43437194824219, 89.0342788696289, 82.7780990600586, 87.91751098632812, 96.96192169189453, 82.12190246582031, 90.18707275390625, 89.54293060302734, 86.69125366210938, 84.25130462646484, 90.14021301269531, 94.90000915527344, 94.12137603759766, 92.57123565673828, 85.09209442138672, 85.51338195800781, 79.8435287475586, 78.76837921142578, 76.67671203613281, 75.73884582519531, 69.10787963867188, 67.51301574707031, 63.68904495239258, 66.97505950927734, 59.36833572387695, 64.71935272216797, 60.69109344482422, 59.21550750732422, 64.33417510986328, 62.923492431640625, 58.69994354248047, 58.5915641784668, 60.79497146606445, 55.17821502685547, 55.69539260864258, 58.0454216003418, 54.516700744628906, 53.9588508605957, 51.96428680419922, 53.943016052246094, 51.07709884643555, 53.551490783691406, 51.93327713012695, 51.78245162963867, 52.939605712890625, 54.32201385498047, 49.58797836303711, 45.88051986694336, 54.78949737548828, 49.54127502441406, 46.17179870605469, 44.30744171142578, 47.02814483642578, 41.1130256652832, 44.892391204833984, 41.508689880371094, 43.13886260986328, 40.224796295166016, 35.52981948852539, 33.103145599365234, 35.21599578857422, 29.609628677368164, 28.583789825439453, 25.85196876525879, 25.454509735107422, 24.70827293395996, 21.168914794921875, 21.392980575561523, 21.05037498474121, 18.382709503173828, 17.679828643798828, 16.41693878173828, 13.613430976867676, 13.358914375305176, 12.260993957519531, 9.630311965942383, 9.48540210723877, 7.473951816558838, 5.950460910797119, 6.3114519119262695, 4.1063103675842285], "var": [13.361273765563965, 1.1368838548660278, 33.02377700805664, 21.319477081298828, 8.112034797668457, 14.811153411865234, 13.205662727355957, 22.08351707458496, 18.294822692871094, 28.219892501831055, 15.896093368530273, 48.259124755859375, 32.894432067871094, 21.264705657958984, 22.479145050048828, 39.16016387939453, 10.176007270812988, 34.99634552001953, 59.52680587768555, 42.75754165649414, 39.00908660888672, 2.764385938644409, 70.69959259033203, 46.8845100402832, 47.23063659667969, 85.05226135253906, 57.77145767211914, 64.60858917236328, 42.524173736572266, 66.06514739990234, 34.84773635864258, 17.274192810058594, 22.865142822265625, 35.24016571044922, 45.39492416381836, 56.91515350341797, 50.55876159667969, 81.3067855834961, 77.02680969238281, 89.98816680908203, 40.23243713378906, 134.61224365234375, 89.04380798339844, 80.29935455322266, 21.53997802734375, 57.329734802246094, 74.45063781738281, 37.87615966796875, 27.689729690551758, 8.468169212341309, 26.978330612182617, 31.453323364257812, 33.206790924072266, 36.856056213378906, 11.99352741241455, 16.160629272460938, 9.979752540588379, 12.229985237121582, 8.200777053833008, 13.26962661743164, 40.88383865356445, 10.16064453125, 10.209729194641113, 23.649320602416992, 15.985091209411621, 13.437224388122559, 14.289728164672852, 27.579875946044922, 10.50830078125, 21.12745475769043, 24.77536392211914, 13.161593437194824, 20.419498443603516, 111.97953796386719, 35.26804733276367, 33.75680923461914, 17.363874435424805, 48.94437026977539, 21.256855010986328, 53.65690612792969, 10.468951225280762, 62.91801452636719, 12.10188102722168, 7.858242034912109, 8.753631591796875, 31.08449363708496, 11.480574607849121, 5.2132062911987305, 4.888497352600098, 4.415055274963379, 1.8791491985321045, 1.1618849039077759, 2.9578986167907715, 0.9359144568443298, 1.1818753480911255, 0.9794250726699829, 1.5758105516433716, 0.4484555125236511, 0.97139972448349, 0.7448903918266296, 0.47495806217193604, 0.9227668642997742, 0.769093930721283, 0.512359082698822, 0.9085899591445923, 0.3432527184486389], "true": [105.0, 104.0, 103.0, 102.0, 101.0, 100.0, 99.0, 98.0, 97.0, 96.0, 95.0, 94.0, 93.0, 92.0, 91.0, 90.0, 89.0, 88.0, 87.0, 86.0, 85.0, 84.0, 83.0, 82.0, 81.0, 80.0, 79.0, 78.0, 77.0, 76.0, 75.0, 74.0, 73.0, 72.0, 71.0, 70.0, 69.0, 68.0, 67.0, 66.0, 65.0, 64.0, 63.0, 62.0, 61.0, 60.0, 59.0, 58.0, 57.0, 56.0, 55.0, 54.0, 53.0, 52.0, 51.0, 50.0, 49.0, 48.0, 47.0, 46.0, 45.0, 44.0, 43.0, 42.0, 41.0, 40.0, 39.0, 38.0, 37.0, 36.0, 35.0, 34.0, 33.0, 32.0, 31.0, 30.0, 29.0, 28.0, 27.0, 26.0, 25.0, 24.0, 23.0, 22.0, 21.0, 20.0, 19.0, 18.0, 17.0, 16.0, 15.0, 14.0, 13.0, 12.0, 11.0, 10.0, 9.0, 8.0, 7.0, 6.0, 5.0, 4.0, 3.0, 2.0, 1.0, 0.0], "RMSE": 14.04}