{"mean": [128.12844848632812, 130.0555419921875, 127.45140075683594, 127.22042083740234, 125.8153076171875, 129.29550170898438, 129.1504669189453, 133.45753479003906, 129.02188110351562, 128.960693359375, 126.6639633178711, 132.26065063476562, 130.22845458984375, 128.228271484375, 123.92427062988281, 128.6160888671875, 125.7101821899414, 129.40623474121094, 127.32694244384766, 123.92637634277344, 129.60279846191406, 126.43898010253906, 130.23348999023438, 123.9525146484375, 128.11056518554688, 125.44480895996094, 129.5449676513672, 127.08060455322266, 122.3826904296875, 124.72175598144531, 125.33065032958984, 118.06550598144531, 122.4028091430664, 118.89042663574219, 119.9451675415039, 122.48686218261719, 115.40321350097656, 119.070556640625, 122.22444152832031, 112.05118560791016, 122.76069641113281, 114.88288879394531, 115.8030776977539, 119.6097412109375, 116.0846176147461, 104.8333511352539, 109.88578033447266, 111.263427734375, 114.52896881103516, 109.06304931640625, 111.03204345703125, 111.95479583740234, 103.97900390625, 105.1617660522461, 104.84284973144531, 102.79499816894531, 101.75232696533203, 101.35419464111328, 101.15263366699219, 98.01541137695312, 93.30398559570312, 96.86663818359375, 77.4485855102539, 87.30604553222656, 72.77024841308594, 71.1059341430664, 85.9902572631836, 71.8440170288086, 77.26802062988281, 71.99017333984375, 59.42856979370117, 72.84294891357422, 75.54607391357422, 61.8853874206543, 77.57102966308594, 68.1677017211914, 54.38313674926758, 59.824188232421875, 59.6737174987793, 59.95689010620117, 58.31691360473633, 55.13633346557617, 56.233787536621094, 56.71156692504883, 56.72960662841797, 54.57750701904297, 53.775115966796875, 54.64783477783203, 45.12086486816406, 47.008392333984375, 46.73676681518555, 43.46282958984375, 45.1985969543457, 42.432838439941406, 42.14320373535156, 40.570926666259766, 41.15244674682617, 41.131465911865234, 38.52080535888672, 36.34234619140625, 38.057762145996094, 34.39481735229492, 36.337738037109375, 34.205352783203125, 34.312416076660156, 34.53389358520508, 33.403907775878906, 35.48969268798828, 33.328025817871094, 32.91975402832031, 30.88266372680664, 29.44525718688965, 29.263540267944336, 26.869094848632812, 26.741962432861328, 24.240161895751953, 23.88957977294922, 21.39004135131836, 21.597158432006836, 20.816991806030273, 17.72738265991211, 17.36041831970215, 16.381927490234375, 14.356887817382812, 13.589421272277832, 12.77721881866455], "var": [25.43960952758789, 17.72726821899414, 35.93046951293945, 8.107053756713867, 5.109953880310059, 11.747891426086426, 21.816682815551758, 17.68232536315918, 16.627073287963867, 16.79778480529785, 20.192813873291016, 11.12477970123291, 25.987186431884766, 15.570775032043457, 78.80615234375, 5.681206703186035, 30.68544578552246, 9.86285400390625, 32.2342529296875, 50.18229675292969, 31.641572952270508, 29.41875648498535, 30.5328369140625, 22.848590850830078, 6.458287239074707, 51.146507263183594, 13.48200511932373, 16.91114044189453, 29.17569351196289, 11.438529014587402, 19.42786407470703, 71.11515045166016, 30.166067123413086, 33.55608367919922, 27.208040237426758, 51.95859146118164, 51.81184768676758, 38.62502670288086, 32.842464447021484, 121.11195373535156, 28.851396560668945, 54.122276306152344, 81.86577606201172, 56.78647994995117, 35.88283920288086, 182.02857971191406, 53.10659408569336, 55.2965087890625, 84.36644744873047, 67.84176635742188, 75.40819549560547, 103.4872055053711, 74.91487884521484, 262.6755065917969, 84.8680648803711, 204.7853546142578, 69.17989349365234, 170.01344299316406, 130.6383819580078, 164.31332397460938, 91.7590560913086, 130.6141815185547, 233.37489318847656, 198.42503356933594, 212.9112548828125, 216.7938690185547, 256.710205078125, 185.5797882080078, 184.5826873779297, 190.52149963378906, 67.52657318115234, 49.047550201416016, 36.12620162963867, 116.42689514160156, 226.58116149902344, 94.31748962402344, 43.30396270751953, 77.19214630126953, 60.03778839111328, 122.53555297851562, 47.91383361816406, 119.89620208740234, 52.57207107543945, 72.41889953613281, 172.04421997070312, 94.79808044433594, 20.34322738647461, 78.93062591552734, 21.21537971496582, 30.17369270324707, 38.03800964355469, 10.255804061889648, 10.373519897460938, 5.437042713165283, 10.444642066955566, 12.367744445800781, 18.70353126525879, 33.96128463745117, 10.800594329833984, 29.025447845458984, 18.266695022583008, 4.3012189865112305, 8.673857688903809, 16.29412841796875, 2.5179452896118164, 5.865876197814941, 8.4302339553833, 7.061614990234375, 3.252793788909912, 3.1812427043914795, 1.1251258850097656, 2.254192352294922, 4.758908748626709, 1.7591123580932617, 2.878634452819824, 2.3260302543640137, 3.152073621749878, 2.4026434421539307, 1.0787454843521118, 2.148721694946289, 0.943613588809967, 1.900384783744812, 2.2237627506256104, 1.9053897857666016, 0.49697577953338623, 0.39766359329223633], "true": [120.0, 120.0, 120.0, 120.0, 120.0, 120.0, 119.0, 118.0, 117.0, 116.0, 115.0, 114.0, 113.0, 112.0, 111.0, 110.0, 109.0, 108.0, 107.0, 106.0, 105.0, 104.0, 103.0, 102.0, 101.0, 100.0, 99.0, 98.0, 97.0, 96.0, 95.0, 94.0, 93.0, 92.0, 91.0, 90.0, 89.0, 88.0, 87.0, 86.0, 85.0, 84.0, 83.0, 82.0, 81.0, 80.0, 79.0, 78.0, 77.0, 76.0, 75.0, 74.0, 73.0, 72.0, 71.0, 70.0, 69.0, 68.0, 67.0, 66.0, 65.0, 64.0, 63.0, 62.0, 61.0, 60.0, 59.0, 58.0, 57.0, 56.0, 55.0, 54.0, 53.0, 52.0, 51.0, 50.0, 49.0, 48.0, 47.0, 46.0, 45.0, 44.0, 43.0, 42.0, 41.0, 40.0, 39.0, 38.0, 37.0, 36.0, 35.0, 34.0, 33.0, 32.0, 31.0, 30.0, 29.0, 28.0, 27.0, 26.0, 25.0, 24.0, 23.0, 22.0, 21.0, 20.0, 19.0, 18.0, 17.0, 16.0, 15.0, 14.0, 13.0, 12.0, 11.0, 10.0, 9.0, 8.0, 7.0, 6.0, 5.0, 4.0, 3.0, 2.0, 1.0, 0.0], "RMSE": 21.42}