{"mean": [108.0587387084961, 97.35308074951172, 110.43711853027344, 115.5599365234375, 107.33610534667969, 103.7740478515625, 102.26899719238281, 102.70218658447266, 97.67623901367188, 102.21910095214844, 92.11241912841797, 101.70301055908203, 113.88631439208984, 105.98250579833984, 103.8427734375, 101.98883056640625, 98.0928726196289, 100.73564147949219, 100.89080047607422, 110.45208740234375, 85.78582763671875, 89.33402252197266, 97.04965209960938, 92.34537506103516, 106.23695373535156, 97.55232238769531, 97.33395385742188, 100.43910217285156, 100.7140884399414, 100.51957702636719, 98.40675354003906, 89.64207458496094, 82.7955322265625, 93.31600189208984, 90.96934509277344, 97.1151351928711, 99.04715728759766, 78.2625961303711, 89.53438568115234, 88.59037780761719, 80.5815200805664, 94.875, 78.00187683105469, 88.82164001464844, 80.1624755859375, 74.92974853515625, 72.32120513916016, 75.42813873291016, 64.627197265625, 72.16101837158203, 76.28611755371094, 74.2907943725586, 78.88133239746094, 63.847084045410156, 66.26722717285156, 60.014801025390625, 62.76932907104492, 62.5895881652832, 61.80925750732422, 58.124542236328125, 53.97075653076172, 56.05549240112305, 54.8049201965332, 52.54921340942383, 57.48114776611328, 53.54119873046875, 51.37823486328125, 43.82419967651367, 42.282833099365234, 43.79108428955078, 44.32526397705078, 41.06707000732422, 41.97250747680664, 38.279090881347656, 38.75165939331055, 37.871498107910156, 34.51905059814453, 32.90861892700195, 33.53546905517578, 34.01512908935547, 32.97030258178711, 31.7379093170166, 32.72133255004883, 28.073232650756836, 26.4002628326416, 29.545663833618164, 28.971811294555664, 26.901636123657227, 25.03159523010254, 21.014509201049805, 22.911563873291016, 23.401260375976562, 24.067358016967773, 19.651958465576172, 20.163667678833008, 18.09500503540039, 17.509471893310547, 16.190025329589844, 14.646810531616211, 12.0637845993042, 12.18687915802002, 10.541658401489258, 8.246255874633789, 7.774613857269287, 6.89785623550415, 5.628216743469238], "var": [93.48908233642578, 141.1785430908203, 34.195648193359375, 117.21940612792969, 136.407958984375, 418.1029968261719, 177.6916046142578, 131.95387268066406, 158.29550170898438, 183.5347442626953, 301.02447509765625, 143.4693603515625, 73.30024719238281, 209.74057006835938, 131.39279174804688, 71.99813079833984, 179.28414916992188, 235.62472534179688, 310.593505859375, 120.24424743652344, 155.4296875, 408.0453796386719, 155.63685607910156, 47.28303146362305, 23.220449447631836, 136.8659210205078, 169.51370239257812, 54.10293960571289, 106.48480987548828, 143.75439453125, 17.12453842163086, 340.9123840332031, 88.41329956054688, 129.62521362304688, 100.28651428222656, 104.53376770019531, 120.22377014160156, 135.41928100585938, 251.9079132080078, 103.16120147705078, 201.8824920654297, 301.39398193359375, 102.29183959960938, 284.5856018066406, 133.42999267578125, 102.54558563232422, 133.21864318847656, 192.4381103515625, 47.95216751098633, 81.18478393554688, 262.8627014160156, 140.57713317871094, 242.1109619140625, 84.8606948852539, 99.29198455810547, 36.34090042114258, 170.8521728515625, 94.66405487060547, 57.84142303466797, 74.8275375366211, 74.13383483886719, 94.38097381591797, 116.60871887207031, 69.39575958251953, 37.21113967895508, 31.09320640563965, 33.11974334716797, 22.133716583251953, 20.329622268676758, 13.75740909576416, 15.122838973999023, 8.792072296142578, 12.670633316040039, 16.23630142211914, 8.129867553710938, 8.467992782592773, 4.724684238433838, 11.280878067016602, 4.274641513824463, 5.35233736038208, 8.543922424316406, 3.56064772605896, 6.535987377166748, 2.6623940467834473, 5.999663829803467, 6.977058410644531, 5.922412872314453, 3.703547716140747, 3.8851985931396484, 2.398050308227539, 2.20070219039917, 3.7469797134399414, 2.822066068649292, 2.384141445159912, 2.362238883972168, 1.0407304763793945, 1.40699303150177, 1.7216309309005737, 0.5635052919387817, 0.3632875382900238, 2.101242780685425, 3.3317453861236572, 0.5774512887001038, 1.5354371070861816, 2.218581199645996, 0.4912964105606079], "true": [105.0, 104.0, 103.0, 102.0, 101.0, 100.0, 99.0, 98.0, 97.0, 96.0, 95.0, 94.0, 93.0, 92.0, 91.0, 90.0, 89.0, 88.0, 87.0, 86.0, 85.0, 84.0, 83.0, 82.0, 81.0, 80.0, 79.0, 78.0, 77.0, 76.0, 75.0, 74.0, 73.0, 72.0, 71.0, 70.0, 69.0, 68.0, 67.0, 66.0, 65.0, 64.0, 63.0, 62.0, 61.0, 60.0, 59.0, 58.0, 57.0, 56.0, 55.0, 54.0, 53.0, 52.0, 51.0, 50.0, 49.0, 48.0, 47.0, 46.0, 45.0, 44.0, 43.0, 42.0, 41.0, 40.0, 39.0, 38.0, 37.0, 36.0, 35.0, 34.0, 33.0, 32.0, 31.0, 30.0, 29.0, 28.0, 27.0, 26.0, 25.0, 24.0, 23.0, 22.0, 21.0, 20.0, 19.0, 18.0, 17.0, 16.0, 15.0, 14.0, 13.0, 12.0, 11.0, 10.0, 9.0, 8.0, 7.0, 6.0, 5.0, 4.0, 3.0, 2.0, 1.0, 0.0], "RMSE": 13.7}