{"mean": [129.56320190429688, 122.83650207519531, 124.51092529296875, 122.6143569946289, 127.5430679321289, 123.09208679199219, 129.654052734375, 129.95849609375, 127.3041000366211, 129.2100067138672, 130.24313354492188, 120.36802673339844, 123.74483489990234, 123.7175064086914, 124.3898696899414, 125.29374694824219, 124.4099349975586, 117.47157287597656, 125.2481460571289, 122.7697525024414, 123.4679183959961, 120.32667541503906, 130.2634735107422, 112.33563232421875, 125.53181457519531, 121.0648193359375, 129.50050354003906, 113.0778579711914, 107.33940124511719, 118.15887451171875, 120.5655746459961, 119.90511322021484, 116.6819076538086, 116.3292465209961, 116.82325744628906, 103.8898696899414, 111.84367370605469, 106.20295715332031, 117.15391540527344, 104.11656188964844, 115.03690338134766, 99.52027130126953, 110.83282470703125, 107.75688171386719, 103.89727783203125, 104.67562103271484, 103.16446685791016, 105.37272644042969, 102.95552825927734, 99.0101547241211, 87.45570373535156, 96.32662200927734, 82.93881225585938, 100.86952209472656, 88.6748046875, 88.9416275024414, 87.03458404541016, 84.87065887451172, 80.73590850830078, 85.63924407958984, 82.03951263427734, 84.16743469238281, 80.8152084350586, 73.41883087158203, 67.5815658569336, 79.59741973876953, 74.68284606933594, 70.00343322753906, 68.01473236083984, 67.07133483886719, 62.14020538330078, 76.66846466064453, 61.93571090698242, 59.66412353515625, 62.39417266845703, 61.379356384277344, 62.46028518676758, 56.37310028076172, 63.251625061035156, 62.518516540527344, 55.56248092651367, 57.34771728515625, 59.021270751953125, 58.743995666503906, 58.3243522644043, 61.886131286621094, 50.44392013549805, 51.3959846496582, 44.033485412597656, 47.007408142089844, 44.69974899291992, 44.88645935058594, 43.129032135009766, 40.7424430847168, 39.39289093017578, 38.552371978759766, 38.369537353515625, 39.244178771972656, 36.027061462402344, 36.827537536621094, 35.603118896484375, 36.05470275878906, 35.248756408691406, 35.03805160522461, 33.036197662353516, 34.839805603027344, 32.838294982910156, 32.03489685058594, 31.67023277282715, 32.10932540893555, 27.903034210205078, 29.463830947875977, 25.346508026123047, 25.210752487182617, 24.90060043334961, 23.15765380859375, 21.735698699951172, 19.781993865966797, 21.17412757873535, 19.940547943115234, 17.76984977722168, 17.866392135620117, 15.443695068359375, 14.393774032592773, 15.575221061706543, 11.565791130065918, 12.03515625], "var": [22.241674423217773, 29.693906784057617, 13.477137565612793, 47.26567459106445, 5.851153373718262, 35.18747329711914, 15.816813468933105, 20.14862060546875, 32.211185455322266, 16.166255950927734, 13.485198974609375, 35.26883316040039, 42.76685333251953, 23.72519874572754, 50.05258560180664, 7.831953525543213, 36.991275787353516, 56.02619552612305, 62.83687973022461, 55.21318435668945, 69.45430755615234, 62.0941162109375, 29.3951358795166, 65.64100646972656, 35.13053894042969, 73.11599731445312, 16.755701065063477, 51.67759323120117, 169.99952697753906, 51.626121520996094, 36.85334014892578, 85.11963653564453, 41.52781295776367, 85.21001434326172, 30.26236343383789, 309.91241455078125, 85.95475006103516, 91.03938293457031, 43.2495002746582, 68.04515075683594, 52.67451477050781, 181.87680053710938, 110.71867370605469, 245.97412109375, 122.9442367553711, 183.4488525390625, 87.69158172607422, 101.0746841430664, 124.17034912109375, 121.33173370361328, 230.89068603515625, 161.5391387939453, 277.4794006347656, 117.47164916992188, 128.8487548828125, 163.85379028320312, 46.127262115478516, 250.19459533691406, 268.4529724121094, 166.5955047607422, 161.63563537597656, 181.967529296875, 131.6981964111328, 166.55706787109375, 80.87025451660156, 91.907958984375, 120.28257751464844, 153.02859497070312, 325.5368347167969, 125.39605712890625, 99.64358520507812, 100.58574676513672, 41.28409957885742, 105.84076690673828, 94.24382019042969, 30.80312728881836, 50.040279388427734, 83.20540618896484, 82.09830474853516, 110.50589752197266, 32.637447357177734, 124.21234893798828, 35.85529708862305, 74.92228698730469, 146.6072235107422, 107.89849853515625, 9.412261962890625, 35.704139709472656, 12.165168762207031, 11.050562858581543, 19.285776138305664, 13.528964042663574, 17.923818588256836, 10.607351303100586, 9.287738800048828, 13.700902938842773, 16.804414749145508, 29.33293914794922, 12.858540534973145, 9.004091262817383, 14.790815353393555, 7.400186538696289, 7.07095193862915, 26.50864601135254, 4.076209545135498, 4.847113132476807, 2.773771047592163, 6.042338848114014, 1.5663490295410156, 2.476875066757202, 1.1429243087768555, 5.204399108886719, 7.096740245819092, 2.7863924503326416, 3.02986741065979, 3.032390832901001, 1.2705743312835693, 1.3247050046920776, 3.414921522140503, 2.206479787826538, 0.5302106142044067, 4.550583839416504, 1.603267788887024, 1.3242607116699219, 1.8150352239608765, 1.1003389358520508, 1.080849289894104], "true": [120.0, 120.0, 120.0, 120.0, 120.0, 120.0, 120.0, 119.0, 118.0, 117.0, 116.0, 115.0, 114.0, 113.0, 112.0, 111.0, 110.0, 109.0, 108.0, 107.0, 106.0, 105.0, 104.0, 103.0, 102.0, 101.0, 100.0, 99.0, 98.0, 97.0, 96.0, 95.0, 94.0, 93.0, 92.0, 91.0, 90.0, 89.0, 88.0, 87.0, 86.0, 85.0, 84.0, 83.0, 82.0, 81.0, 80.0, 79.0, 78.0, 77.0, 76.0, 75.0, 74.0, 73.0, 72.0, 71.0, 70.0, 69.0, 68.0, 67.0, 66.0, 65.0, 64.0, 63.0, 62.0, 61.0, 60.0, 59.0, 58.0, 57.0, 56.0, 55.0, 54.0, 53.0, 52.0, 51.0, 50.0, 49.0, 48.0, 47.0, 46.0, 45.0, 44.0, 43.0, 42.0, 41.0, 40.0, 39.0, 38.0, 37.0, 36.0, 35.0, 34.0, 33.0, 32.0, 31.0, 30.0, 29.0, 28.0, 27.0, 26.0, 25.0, 24.0, 23.0, 22.0, 21.0, 20.0, 19.0, 18.0, 17.0, 16.0, 15.0, 14.0, 13.0, 12.0, 11.0, 10.0, 9.0, 8.0, 7.0, 6.0, 5.0, 4.0, 3.0, 2.0, 1.0, 0.0], "RMSE": 15.4}