{"mean": [127.9332275390625, 123.25439453125, 128.45924377441406, 123.18498229980469, 122.329345703125, 122.2920150756836, 124.87640380859375, 124.978271484375, 122.39857482910156, 124.37193298339844, 120.94815826416016, 120.76499938964844, 122.0869369506836, 120.77884674072266, 120.4345474243164, 115.69722747802734, 123.0794448852539, 113.11708068847656, 121.93537902832031, 114.41230773925781, 116.55992126464844, 116.1562728881836, 119.71174621582031, 111.87284851074219, 123.145751953125, 117.9180908203125, 122.9370346069336, 116.0414047241211, 119.4849624633789, 123.84195709228516, 111.208740234375, 105.8502426147461, 111.18099212646484, 118.90657806396484, 107.97584533691406, 104.74029541015625, 114.0895767211914, 108.69844818115234, 120.2272720336914, 97.12336730957031, 106.87129211425781, 109.27183532714844, 112.4815444946289, 105.80290222167969, 103.81011962890625, 103.5784912109375, 105.210205078125, 103.10994720458984, 101.74600219726562, 114.78379821777344, 98.22687530517578, 106.7830581665039, 107.22906494140625, 96.81707000732422, 95.2593765258789, 106.72462463378906, 99.14273834228516, 100.97118377685547, 95.78529357910156, 101.90819549560547, 97.95536041259766, 91.69340515136719, 81.40216064453125, 87.26187896728516, 79.0064697265625, 89.95394897460938, 90.81591796875, 83.57135009765625, 81.38558959960938, 72.57502746582031, 79.57777404785156, 88.86817932128906, 75.87354278564453, 69.26231384277344, 71.69076538085938, 70.95189666748047, 63.446502685546875, 67.05766296386719, 66.01814270019531, 62.82268142700195, 56.206298828125, 63.8563346862793, 58.84238815307617, 58.4589729309082, 57.971290588378906, 56.59247589111328, 48.5867805480957, 51.416412353515625, 45.104469299316406, 44.58141326904297, 45.210269927978516, 42.51970672607422, 43.071346282958984, 41.333534240722656, 42.81398010253906, 39.76134490966797, 38.78641891479492, 35.90739822387695, 36.149681091308594, 37.1230583190918, 36.714683532714844, 38.33915328979492, 34.98278045654297, 33.95783996582031, 33.835975646972656, 33.16427993774414, 34.192649841308594, 33.95439529418945, 29.473506927490234, 30.836755752563477, 27.300823211669922, 27.587514877319336, 27.414962768554688, 23.843708038330078, 22.84017562866211, 21.341785430908203, 22.208194732666016, 19.62852668762207, 19.24566650390625, 18.525047302246094, 16.004003524780273, 16.49307632446289, 14.120986938476562, 12.609521865844727, 10.968870162963867], "var": [24.139507293701172, 53.724693298339844, 31.73683738708496, 33.97492980957031, 29.86406898498535, 62.7210807800293, 19.544586181640625, 24.191848754882812, 62.50697708129883, 22.42999267578125, 53.615478515625, 32.1950569152832, 25.035554885864258, 39.66909408569336, 100.24156188964844, 30.60211181640625, 39.99837875366211, 68.54341888427734, 40.09279251098633, 67.25347137451172, 67.48363494873047, 64.08119201660156, 29.38629150390625, 79.05583190917969, 13.845727920532227, 136.68600463867188, 20.582536697387695, 37.395606994628906, 35.60081100463867, 13.690954208374023, 47.78239440917969, 199.45504760742188, 78.49664306640625, 24.404050827026367, 75.43817901611328, 217.17959594726562, 61.521358489990234, 52.757328033447266, 46.35894775390625, 425.8048400878906, 143.0139923095703, 199.3574676513672, 184.3628387451172, 180.06166076660156, 139.31414794921875, 138.76597595214844, 72.53926849365234, 32.95842361450195, 85.6623306274414, 38.69951248168945, 107.61385345458984, 63.55860137939453, 88.15204620361328, 213.11167907714844, 269.94256591796875, 43.49677276611328, 139.15585327148438, 351.323486328125, 158.4665069580078, 182.27037048339844, 95.5931625366211, 234.9195098876953, 174.9659881591797, 328.5672607421875, 211.65516662597656, 171.39846801757812, 180.51214599609375, 191.28627014160156, 109.35159301757812, 58.69343948364258, 203.89010620117188, 111.09758758544922, 94.97394561767578, 108.1231460571289, 233.60800170898438, 86.94656372070312, 24.105796813964844, 184.51756286621094, 43.98310470581055, 88.5245132446289, 59.987064361572266, 74.7562026977539, 62.429622650146484, 50.37834930419922, 142.6775665283203, 35.21770095825195, 17.601238250732422, 37.07814407348633, 20.67318344116211, 9.08747386932373, 24.32828140258789, 20.765546798706055, 12.746319770812988, 9.581719398498535, 15.116927146911621, 14.630120277404785, 8.955428123474121, 27.40715217590332, 14.18496036529541, 5.110271453857422, 9.187684059143066, 5.458872318267822, 6.087859153747559, 21.274261474609375, 6.5054473876953125, 10.863066673278809, 3.264500856399536, 5.74834680557251, 2.222414970397949, 3.9847843647003174, 6.525190353393555, 1.2447175979614258, 4.1650495529174805, 4.055248260498047, 1.8531655073165894, 3.9329657554626465, 1.9679615497589111, 1.4843440055847168, 3.823307991027832, 2.041936159133911, 2.1470205783843994, 2.119290351867676, 2.245009422302246, 1.3088361024856567, 1.7160062789916992], "true": [120.0, 120.0, 120.0, 120.0, 120.0, 119.0, 118.0, 117.0, 116.0, 115.0, 114.0, 113.0, 112.0, 111.0, 110.0, 109.0, 108.0, 107.0, 106.0, 105.0, 104.0, 103.0, 102.0, 101.0, 100.0, 99.0, 98.0, 97.0, 96.0, 95.0, 94.0, 93.0, 92.0, 91.0, 90.0, 89.0, 88.0, 87.0, 86.0, 85.0, 84.0, 83.0, 82.0, 81.0, 80.0, 79.0, 78.0, 77.0, 76.0, 75.0, 74.0, 73.0, 72.0, 71.0, 70.0, 69.0, 68.0, 67.0, 66.0, 65.0, 64.0, 63.0, 62.0, 61.0, 60.0, 59.0, 58.0, 57.0, 56.0, 55.0, 54.0, 53.0, 52.0, 51.0, 50.0, 49.0, 48.0, 47.0, 46.0, 45.0, 44.0, 43.0, 42.0, 41.0, 40.0, 39.0, 38.0, 37.0, 36.0, 35.0, 34.0, 33.0, 32.0, 31.0, 30.0, 29.0, 28.0, 27.0, 26.0, 25.0, 24.0, 23.0, 22.0, 21.0, 20.0, 19.0, 18.0, 17.0, 16.0, 15.0, 14.0, 13.0, 12.0, 11.0, 10.0, 9.0, 8.0, 7.0, 6.0, 5.0, 4.0, 3.0, 2.0, 1.0, 0.0], "RMSE": 19.64}