{"mean": [100.40168762207031, 89.7826919555664, 87.38311767578125, 78.04866027832031, 86.33860778808594, 66.45196533203125, 71.68724822998047, 63.68544387817383, 64.67698669433594, 76.75804901123047, 76.02470397949219, 89.54058074951172, 90.87828826904297, 96.03385925292969, 105.10905456542969, 114.86457824707031, 114.62443542480469, 117.70233154296875, 122.82579040527344, 127.98542785644531, 126.9091796875, 124.20706939697266, 128.79550170898438, 124.73223876953125, 123.8960189819336, 123.88862609863281, 119.98831939697266, 117.65081787109375, 117.34501647949219, 119.58403015136719, 118.9242172241211, 107.13627624511719, 103.73587799072266, 108.90321350097656, 89.97057342529297, 95.59685516357422, 95.7826919555664, 98.08151245117188, 84.29657745361328, 79.48487091064453, 73.5689697265625, 77.55797576904297, 72.34101867675781, 78.160400390625, 79.76753997802734, 85.43187713623047, 75.04219055175781, 76.67825317382812, 83.74861907958984, 78.62566375732422, 75.93524932861328, 90.26712799072266, 95.31510925292969, 83.91973114013672, 89.02166748046875, 87.09191131591797, 84.43693542480469, 87.44622039794922, 91.4403076171875, 89.76313018798828, 87.6490478515625, 86.4451904296875, 75.23350524902344, 79.00709533691406, 75.62388610839844, 88.25151824951172, 81.9665756225586, 78.08609008789062, 67.30180358886719, 63.14672088623047, 65.02632904052734, 70.01057434082031, 60.83445358276367, 66.3548355102539, 66.18140411376953, 65.19511413574219, 55.60395431518555, 60.99583053588867, 63.540626525878906, 56.25505828857422, 58.45888137817383, 66.09227752685547, 60.12621307373047, 66.80364227294922, 69.82627868652344, 57.472389221191406, 51.193756103515625, 60.552207946777344, 46.1734619140625, 52.00742721557617, 50.763214111328125, 51.82532501220703, 53.5286979675293, 46.140830993652344, 47.18821334838867, 47.02272415161133, 46.419219970703125, 40.65199661254883, 38.04450607299805, 38.09874725341797, 38.08879852294922, 40.0428352355957, 34.693824768066406, 32.41872024536133, 30.444494247436523, 30.383190155029297, 30.257638931274414, 28.698556900024414, 24.436986923217773, 28.534130096435547, 22.467172622680664, 24.281112670898438, 25.36338233947754, 19.99519157409668, 21.467844009399414, 18.342376708984375, 18.869857788085938, 15.542684555053711, 16.500200271606445, 13.064956665039062, 11.441778182983398, 12.125542640686035, 9.871269226074219, 8.336109161376953, 5.929311275482178], "var": [174.33425903320312, 320.8268127441406, 174.5727081298828, 295.0266418457031, 253.57664489746094, 82.93492126464844, 62.768531799316406, 23.340770721435547, 50.6483268737793, 108.47046661376953, 154.9885711669922, 170.7022705078125, 225.1720428466797, 154.3280487060547, 354.99505615234375, 44.33101272583008, 204.18077087402344, 61.306304931640625, 53.726200103759766, 19.365076065063477, 21.178186416625977, 32.04768753051758, 15.632523536682129, 14.781342506408691, 32.421138763427734, 36.74656677246094, 32.49825668334961, 53.30950164794922, 34.62910079956055, 32.78143310546875, 35.10348892211914, 211.61134338378906, 138.61611938476562, 65.4992904663086, 189.95068359375, 219.5520477294922, 215.8954620361328, 111.5405044555664, 248.38795471191406, 335.5994873046875, 117.54364013671875, 518.30517578125, 184.14361572265625, 106.98551940917969, 110.67615509033203, 226.4881591796875, 40.36013412475586, 198.77735900878906, 107.16325378417969, 177.09571838378906, 177.60879516601562, 135.34088134765625, 207.46182250976562, 129.36654663085938, 202.05702209472656, 105.620849609375, 207.95498657226562, 238.9296875, 129.3094482421875, 159.37515258789062, 187.54299926757812, 198.70294189453125, 94.636474609375, 138.31190490722656, 167.56170654296875, 126.62384796142578, 115.83163452148438, 109.90352630615234, 59.71590805053711, 31.254098892211914, 57.77994155883789, 80.92245483398438, 59.89208221435547, 141.03268432617188, 80.61105346679688, 57.483097076416016, 15.03653621673584, 56.48947525024414, 30.393667221069336, 49.51350021362305, 43.830379486083984, 119.28269958496094, 81.45584869384766, 146.27359008789062, 138.3083038330078, 48.52377700805664, 43.36223220825195, 161.67684936523438, 30.87262725830078, 23.12955665588379, 46.79153060913086, 49.60072708129883, 61.45729446411133, 44.265785217285156, 19.484182357788086, 39.3844108581543, 26.265459060668945, 40.53598403930664, 15.710990905761719, 15.045886039733887, 15.239900588989258, 12.610321044921875, 9.227014541625977, 24.283395767211914, 4.23607063293457, 5.953351974487305, 3.2947678565979004, 4.232794761657715, 1.9814261198043823, 11.304570198059082, 2.7161431312561035, 0.7773741483688354, 5.163776397705078, 2.1800014972686768, 1.1515147686004639, 2.79406476020813, 4.323485851287842, 1.0323984622955322, 1.9299429655075073, 1.4805959463119507, 0.8093817234039307, 1.7994619607925415, 1.751131296157837, 1.1505815982818604, 0.18377843499183655], "true": [120.0, 120.0, 120.0, 120.0, 120.0, 119.0, 118.0, 117.0, 116.0, 115.0, 114.0, 113.0, 112.0, 111.0, 110.0, 109.0, 108.0, 107.0, 106.0, 105.0, 104.0, 103.0, 102.0, 101.0, 100.0, 99.0, 98.0, 97.0, 96.0, 95.0, 94.0, 93.0, 92.0, 91.0, 90.0, 89.0, 88.0, 87.0, 86.0, 85.0, 84.0, 83.0, 82.0, 81.0, 80.0, 79.0, 78.0, 77.0, 76.0, 75.0, 74.0, 73.0, 72.0, 71.0, 70.0, 69.0, 68.0, 67.0, 66.0, 65.0, 64.0, 63.0, 62.0, 61.0, 60.0, 59.0, 58.0, 57.0, 56.0, 55.0, 54.0, 53.0, 52.0, 51.0, 50.0, 49.0, 48.0, 47.0, 46.0, 45.0, 44.0, 43.0, 42.0, 41.0, 40.0, 39.0, 38.0, 37.0, 36.0, 35.0, 34.0, 33.0, 32.0, 31.0, 30.0, 29.0, 28.0, 27.0, 26.0, 25.0, 24.0, 23.0, 22.0, 21.0, 20.0, 19.0, 18.0, 17.0, 16.0, 15.0, 14.0, 13.0, 12.0, 11.0, 10.0, 9.0, 8.0, 7.0, 6.0, 5.0, 4.0, 3.0, 2.0, 1.0, 0.0], "RMSE": 19.47}