{"mean": [122.0819320678711, 117.42750549316406, 120.01640319824219, 122.12060546875, 123.58079528808594, 122.72160339355469, 122.10040283203125, 118.28702545166016, 118.18357849121094, 117.06929016113281, 114.7280502319336, 117.62960052490234, 120.47660827636719, 119.86002349853516, 107.771484375, 116.77691650390625, 111.58799743652344, 110.6327133178711, 112.92704010009766, 115.8439712524414, 110.32179260253906, 111.85575103759766, 119.78691101074219, 117.04691314697266, 123.33447265625, 119.73442077636719, 124.58247375488281, 120.24153900146484, 119.06282043457031, 122.5635986328125, 124.2998046875, 110.5949478149414, 119.23795318603516, 117.39066314697266, 113.40254974365234, 114.98892974853516, 110.85371398925781, 114.70332336425781, 116.94854736328125, 100.43819427490234, 92.1942367553711, 100.48689270019531, 97.64360809326172, 89.9446792602539, 97.68262481689453, 97.3635482788086, 96.92665100097656, 87.25428771972656, 84.11384582519531, 88.38687133789062, 83.36347961425781, 89.99015808105469, 85.5518798828125, 84.90801239013672, 82.8606185913086, 79.13395690917969, 79.67022705078125, 89.89945983886719, 87.37384033203125, 77.6154556274414, 83.15411376953125, 86.6396484375, 81.68192291259766, 78.44518280029297, 85.27177429199219, 87.1203384399414, 78.82376098632812, 82.32245635986328, 85.30992126464844, 94.1075439453125, 80.81492614746094, 94.82736206054688, 83.03813171386719, 88.50445556640625, 88.34486389160156, 86.03065490722656, 70.95838165283203, 68.21409606933594, 66.05235290527344, 65.74131774902344, 60.879920959472656, 52.32456588745117, 55.54459762573242, 49.24271774291992, 51.700035095214844, 53.2808952331543, 48.86157989501953, 40.60453796386719, 41.87073516845703, 39.35715103149414, 37.12087631225586, 39.69102096557617, 40.64582061767578, 34.18019104003906, 38.41387176513672, 35.80126953125, 36.835044860839844, 36.62990951538086, 35.30461502075195, 33.398719787597656, 36.86905288696289, 33.334774017333984, 36.74503707885742, 36.71887969970703, 35.43363571166992, 33.822784423828125, 34.27387237548828, 32.597450256347656, 28.09476661682129, 26.590389251708984, 24.18877601623535, 21.478591918945312, 21.198795318603516, 18.978710174560547, 19.026952743530273, 15.11186408996582, 14.685791015625, 14.233220100402832, 12.0379638671875, 11.637701034545898, 9.716373443603516, 8.786128044128418, 9.029273986816406, 8.490254402160645, 5.564400672912598, 5.553289890289307], "var": [18.999378204345703, 58.92219543457031, 33.362762451171875, 25.280736923217773, 25.70388412475586, 74.79138946533203, 24.149154663085938, 24.788671493530273, 64.0442123413086, 31.02284049987793, 71.81509399414062, 55.28058624267578, 33.268463134765625, 35.01921844482422, 302.0548095703125, 21.06328773498535, 106.71477508544922, 86.40119934082031, 184.69935607910156, 132.23570251464844, 113.90924835205078, 41.904518127441406, 34.71257019042969, 41.075077056884766, 29.096302032470703, 138.92971801757812, 9.575888633728027, 18.108224868774414, 35.298824310302734, 15.94113826751709, 13.357179641723633, 167.01806640625, 27.9456729888916, 47.3603630065918, 60.237945556640625, 80.63899993896484, 124.12821197509766, 36.08427810668945, 61.59638595581055, 243.10568237304688, 242.2382049560547, 336.74176025390625, 212.09759521484375, 318.9537353515625, 191.3902130126953, 125.77593994140625, 87.81452178955078, 80.1369400024414, 154.61398315429688, 151.102783203125, 55.11878967285156, 125.27391052246094, 133.845458984375, 200.9629364013672, 222.09921264648438, 172.31497192382812, 214.49295043945312, 222.13314819335938, 243.52371215820312, 85.09575653076172, 331.213134765625, 199.86911010742188, 197.47071838378906, 333.00189208984375, 160.63768005371094, 261.6414794921875, 67.62882232666016, 227.04066467285156, 187.2991180419922, 136.69761657714844, 203.74453735351562, 96.41287994384766, 212.15298461914062, 327.6131896972656, 205.85206604003906, 140.06179809570312, 64.5343246459961, 294.14654541015625, 185.51939392089844, 87.08056640625, 89.30014038085938, 92.32496643066406, 41.765403747558594, 60.243629455566406, 115.80923461914062, 76.60047149658203, 13.769861221313477, 11.548924446105957, 12.120312690734863, 2.215989589691162, 8.687106132507324, 11.291443824768066, 9.477925300598145, 3.549098253250122, 12.246657371520996, 12.216920852661133, 12.504484176635742, 8.116288185119629, 11.106538772583008, 9.490988731384277, 10.546557426452637, 7.665063381195068, 6.961944580078125, 12.683009147644043, 3.0372085571289062, 8.847405433654785, 7.486310958862305, 8.508106231689453, 2.550264596939087, 2.643256187438965, 4.836154937744141, 2.1982178688049316, 5.035049915313721, 1.3034793138504028, 1.5785819292068481, 2.811253547668457, 4.968472480773926, 0.963181734085083, 1.1251357793807983, 2.1586854457855225, 1.2533353567123413, 1.074579119682312, 1.3592380285263062, 0.77865070104599, 0.2832500636577606, 0.26737990975379944], "true": [120.0, 120.0, 120.0, 120.0, 120.0, 120.0, 119.0, 118.0, 117.0, 116.0, 115.0, 114.0, 113.0, 112.0, 111.0, 110.0, 109.0, 108.0, 107.0, 106.0, 105.0, 104.0, 103.0, 102.0, 101.0, 100.0, 99.0, 98.0, 97.0, 96.0, 95.0, 94.0, 93.0, 92.0, 91.0, 90.0, 89.0, 88.0, 87.0, 86.0, 85.0, 84.0, 83.0, 82.0, 81.0, 80.0, 79.0, 78.0, 77.0, 76.0, 75.0, 74.0, 73.0, 72.0, 71.0, 70.0, 69.0, 68.0, 67.0, 66.0, 65.0, 64.0, 63.0, 62.0, 61.0, 60.0, 59.0, 58.0, 57.0, 56.0, 55.0, 54.0, 53.0, 52.0, 51.0, 50.0, 49.0, 48.0, 47.0, 46.0, 45.0, 44.0, 43.0, 42.0, 41.0, 40.0, 39.0, 38.0, 37.0, 36.0, 35.0, 34.0, 33.0, 32.0, 31.0, 30.0, 29.0, 28.0, 27.0, 26.0, 25.0, 24.0, 23.0, 22.0, 21.0, 20.0, 19.0, 18.0, 17.0, 16.0, 15.0, 14.0, 13.0, 12.0, 11.0, 10.0, 9.0, 8.0, 7.0, 6.0, 5.0, 4.0, 3.0, 2.0, 1.0, 0.0], "RMSE": 16.09}