{"mean": [123.01725006103516, 120.2588882446289, 123.59525299072266, 125.19091796875, 124.04134368896484, 124.93415832519531, 125.27484130859375, 121.4151840209961, 125.26717376708984, 121.0077133178711, 124.78474426269531, 123.0162353515625, 125.4471664428711, 123.86917877197266, 122.0890884399414, 126.02140808105469, 120.50711822509766, 118.61793518066406, 126.64631652832031, 121.6049575805664, 122.45296478271484, 121.99185943603516, 122.53727722167969, 117.65138244628906, 120.98338317871094, 123.5062484741211, 125.37166595458984, 119.05043029785156, 117.83757019042969, 117.43348693847656, 118.94969177246094, 115.5217056274414, 117.02608489990234, 119.80119323730469, 118.73533630371094, 116.8699722290039, 115.90938568115234, 119.8520736694336, 118.87220764160156, 115.10893249511719, 109.52217864990234, 116.15670013427734, 103.95671081542969, 108.96315002441406, 105.84220886230469, 106.74003601074219, 110.42463684082031, 106.89253997802734, 105.26395416259766, 100.85923767089844, 104.66732025146484, 105.15690612792969, 98.3980941772461, 101.40064239501953, 98.32669067382812, 93.83021545410156, 97.53958129882812, 98.81124114990234, 94.69181060791016, 95.66899108886719, 89.46061706542969, 87.20984649658203, 78.97979736328125, 80.52742767333984, 67.27760314941406, 74.72199249267578, 78.12519836425781, 58.9841194152832, 70.5147705078125, 75.19717407226562, 61.25647735595703, 65.06016540527344, 68.4140625, 58.618934631347656, 70.11172485351562, 60.85237503051758, 54.41400146484375, 52.51094436645508, 52.480255126953125, 51.82921600341797, 54.101837158203125, 50.06490707397461, 49.026512145996094, 54.693519592285156, 49.6095085144043, 46.780338287353516, 46.75275421142578, 43.20268630981445, 43.01898956298828, 40.1675910949707, 39.09096145629883, 41.50999069213867, 37.881385803222656, 37.02000045776367, 36.84002685546875, 35.64313888549805, 33.837100982666016, 33.84281921386719, 30.6239013671875, 31.216381072998047, 32.71746826171875, 27.930145263671875, 31.979000091552734, 28.25913429260254, 29.062713623046875, 29.928598403930664, 27.871673583984375, 28.72245216369629, 26.460790634155273, 27.491479873657227, 25.39803123474121, 22.014537811279297, 22.757442474365234, 20.131099700927734, 19.22409439086914, 19.13223648071289, 17.952035903930664, 15.694315910339355, 13.414291381835938, 14.478851318359375, 10.430267333984375, 10.663164138793945, 10.289449691772461, 8.002351760864258, 7.076891899108887, 5.882035255432129], "var": [17.564659118652344, 52.71046447753906, 14.574697494506836, 24.191261291503906, 17.845211029052734, 34.698917388916016, 13.097801208496094, 21.988651275634766, 41.85383987426758, 17.265771865844727, 7.721171855926514, 20.49535369873047, 14.077484130859375, 17.18492317199707, 111.15789031982422, 7.849298477172852, 31.541156768798828, 45.84083557128906, 23.933401107788086, 44.27702331542969, 45.80181884765625, 43.97809982299805, 19.419462203979492, 24.337440490722656, 23.000164031982422, 49.07551193237305, 15.466784477233887, 20.326181411743164, 88.2750244140625, 31.14960289001465, 50.931087493896484, 81.06724548339844, 35.36283874511719, 36.73350524902344, 59.98697280883789, 46.74382400512695, 53.23180389404297, 32.68351745605469, 31.15521240234375, 79.0505142211914, 97.88640594482422, 41.51555633544922, 161.50489807128906, 173.7527618408203, 106.75942993164062, 147.4056396484375, 54.17406463623047, 96.16265869140625, 77.06234741210938, 78.15736389160156, 88.82364654541016, 129.3649444580078, 150.36151123046875, 361.0494079589844, 256.5589599609375, 209.48150634765625, 40.01051712036133, 231.55128479003906, 58.4207649230957, 129.67015075683594, 76.08799743652344, 356.8292236328125, 277.5692443847656, 389.1247863769531, 177.89610290527344, 253.81085205078125, 190.5595703125, 100.10211944580078, 296.2274169921875, 226.7091064453125, 125.35948944091797, 51.17169952392578, 73.90605926513672, 89.75233459472656, 238.34222412109375, 63.12263870239258, 62.44553756713867, 97.91834259033203, 26.450307846069336, 50.30323791503906, 39.151485443115234, 115.07039642333984, 30.662179946899414, 76.72711944580078, 130.16104125976562, 56.88190841674805, 17.92709732055664, 19.93071937561035, 10.282646179199219, 9.476136207580566, 14.003388404846191, 8.882905960083008, 9.685688018798828, 7.31736946105957, 8.654580116271973, 7.28738260269165, 6.770910739898682, 8.986177444458008, 4.053654193878174, 5.2890944480896, 4.147914409637451, 2.9800915718078613, 3.1662256717681885, 8.69561767578125, 2.2307932376861572, 5.365273475646973, 3.4990086555480957, 6.059715270996094, 2.3823728561401367, 2.0842835903167725, 2.5323476791381836, 1.5318231582641602, 3.977792739868164, 1.3541029691696167, 1.3576624393463135, 2.295537233352661, 1.457801342010498, 1.0097858905792236, 0.7963644862174988, 1.9174569845199585, 0.8841730356216431, 1.069676399230957, 1.4606226682662964, 1.7291221618652344, 1.0100507736206055, 0.3113379180431366], "true": [120.0, 120.0, 120.0, 120.0, 120.0, 120.0, 119.0, 118.0, 117.0, 116.0, 115.0, 114.0, 113.0, 112.0, 111.0, 110.0, 109.0, 108.0, 107.0, 106.0, 105.0, 104.0, 103.0, 102.0, 101.0, 100.0, 99.0, 98.0, 97.0, 96.0, 95.0, 94.0, 93.0, 92.0, 91.0, 90.0, 89.0, 88.0, 87.0, 86.0, 85.0, 84.0, 83.0, 82.0, 81.0, 80.0, 79.0, 78.0, 77.0, 76.0, 75.0, 74.0, 73.0, 72.0, 71.0, 70.0, 69.0, 68.0, 67.0, 66.0, 65.0, 64.0, 63.0, 62.0, 61.0, 60.0, 59.0, 58.0, 57.0, 56.0, 55.0, 54.0, 53.0, 52.0, 51.0, 50.0, 49.0, 48.0, 47.0, 46.0, 45.0, 44.0, 43.0, 42.0, 41.0, 40.0, 39.0, 38.0, 37.0, 36.0, 35.0, 34.0, 33.0, 32.0, 31.0, 30.0, 29.0, 28.0, 27.0, 26.0, 25.0, 24.0, 23.0, 22.0, 21.0, 20.0, 19.0, 18.0, 17.0, 16.0, 15.0, 14.0, 13.0, 12.0, 11.0, 10.0, 9.0, 8.0, 7.0, 6.0, 5.0, 4.0, 3.0, 2.0, 1.0, 0.0], "RMSE": 16.83}