{"mean": [90.0811538696289, 83.92953491210938, 92.05472564697266, 100.36263275146484, 96.06610107421875, 92.62460327148438, 91.54530334472656, 90.16204833984375, 93.1988525390625, 98.92989349365234, 84.54710388183594, 99.74726867675781, 106.2820816040039, 104.10797119140625, 107.322509765625, 94.92343139648438, 94.27852630615234, 103.14469909667969, 97.0932846069336, 98.39839935302734, 85.38288879394531, 98.60468292236328, 71.861572265625, 79.8133544921875, 90.9162368774414, 89.81437683105469, 67.3216781616211, 77.43558502197266, 83.0162124633789, 85.84724426269531, 94.6447525024414, 70.8727035522461, 82.42706298828125, 83.25570678710938, 86.25474548339844, 102.69649505615234, 97.913330078125, 92.41226196289062, 104.32984924316406, 106.28951263427734, 106.2178726196289, 110.77397155761719, 112.55635833740234, 110.27410888671875, 101.9938735961914, 103.79228210449219, 87.74760437011719, 79.27136993408203, 96.66355895996094, 88.12547302246094, 89.08390045166016, 80.94287872314453, 84.40233612060547, 66.88490295410156, 63.096832275390625, 57.17011642456055, 63.71454620361328, 54.802207946777344, 55.183616638183594, 51.97857666015625, 54.330902099609375, 59.285888671875, 55.5002326965332, 54.3432731628418, 60.40270233154297, 64.42047119140625, 57.37543869018555, 51.630149841308594, 52.10268020629883, 51.189292907714844, 59.84807205200195, 55.8486442565918, 58.20328903198242, 58.02351760864258, 54.399566650390625, 52.72112274169922, 53.83137130737305, 51.14491653442383, 48.1630973815918, 45.5322265625, 43.821327209472656, 42.42966842651367, 41.325347900390625, 37.73957824707031, 33.26739501953125, 34.645816802978516, 33.2467041015625, 32.2324333190918, 32.67045593261719, 26.55852699279785, 28.117603302001953, 28.683120727539062, 27.95210838317871, 24.466543197631836, 27.6833438873291, 24.1751708984375, 25.64580726623535, 22.41283416748047, 18.731666564941406, 18.782873153686523, 19.582012176513672, 13.950149536132812, 12.208242416381836, 12.160354614257812, 9.544787406921387, 7.849678039550781], "var": [340.203369140625, 248.8942413330078, 219.10134887695312, 272.5124206542969, 438.64154052734375, 409.4951171875, 152.97023010253906, 324.6398620605469, 207.92555236816406, 159.60955810546875, 267.13946533203125, 196.20611572265625, 144.7225341796875, 147.06004333496094, 187.85389709472656, 137.02548217773438, 237.74606323242188, 240.42225646972656, 381.4144592285156, 35.39684295654297, 316.7586364746094, 136.36322021484375, 122.17640686035156, 110.79570007324219, 144.201904296875, 347.68365478515625, 31.749704360961914, 173.9842987060547, 206.80279541015625, 367.5101318359375, 111.32693481445312, 265.0174865722656, 64.18971252441406, 109.70206451416016, 255.0822296142578, 105.32422637939453, 205.69778442382812, 160.24143981933594, 184.03292846679688, 145.92633056640625, 137.9833984375, 127.84088134765625, 45.225162506103516, 27.88590431213379, 229.26490783691406, 165.99012756347656, 170.2067108154297, 307.28759765625, 161.36459350585938, 75.43812561035156, 123.62728118896484, 150.10238647460938, 212.8577880859375, 101.0365982055664, 30.2376766204834, 20.63591766357422, 191.48434448242188, 57.904754638671875, 31.08863639831543, 39.828514099121094, 54.78022766113281, 71.14439392089844, 44.78523635864258, 71.52002716064453, 63.4576301574707, 52.344425201416016, 37.27992248535156, 38.02079772949219, 44.665740966796875, 21.189199447631836, 32.122276306152344, 36.81173324584961, 58.933509826660156, 107.52462768554688, 69.68585205078125, 74.29359436035156, 15.313796997070312, 55.7194938659668, 39.251686096191406, 18.670856475830078, 24.60742950439453, 35.72392272949219, 18.538835525512695, 11.427529335021973, 14.89816951751709, 10.386473655700684, 8.688343048095703, 5.227513313293457, 10.373100280761719, 2.7267274856567383, 2.473679304122925, 3.7873761653900146, 7.307895660400391, 2.4149117469787598, 3.2879443168640137, 1.1993424892425537, 1.9739840030670166, 2.9941751956939697, 0.6819969415664673, 0.7264173626899719, 3.772189140319824, 2.9059317111968994, 1.2538541555404663, 1.6912002563476562, 0.8684028387069702, 0.5785436630249023], "true": [105.0, 104.0, 103.0, 102.0, 101.0, 100.0, 99.0, 98.0, 97.0, 96.0, 95.0, 94.0, 93.0, 92.0, 91.0, 90.0, 89.0, 88.0, 87.0, 86.0, 85.0, 84.0, 83.0, 82.0, 81.0, 80.0, 79.0, 78.0, 77.0, 76.0, 75.0, 74.0, 73.0, 72.0, 71.0, 70.0, 69.0, 68.0, 67.0, 66.0, 65.0, 64.0, 63.0, 62.0, 61.0, 60.0, 59.0, 58.0, 57.0, 56.0, 55.0, 54.0, 53.0, 52.0, 51.0, 50.0, 49.0, 48.0, 47.0, 46.0, 45.0, 44.0, 43.0, 42.0, 41.0, 40.0, 39.0, 38.0, 37.0, 36.0, 35.0, 34.0, 33.0, 32.0, 31.0, 30.0, 29.0, 28.0, 27.0, 26.0, 25.0, 24.0, 23.0, 22.0, 21.0, 20.0, 19.0, 18.0, 17.0, 16.0, 15.0, 14.0, 13.0, 12.0, 11.0, 10.0, 9.0, 8.0, 7.0, 6.0, 5.0, 4.0, 3.0, 2.0, 1.0, 0.0], "RMSE": 19.98}