{"mean": [120.46186828613281, 114.4709243774414, 118.22127532958984, 119.5013427734375, 116.6456298828125, 113.84173583984375, 120.97251892089844, 113.81800842285156, 110.24053955078125, 116.32730865478516, 115.41104888916016, 121.792724609375, 117.8613510131836, 120.95320129394531, 115.80598449707031, 121.829345703125, 111.08335876464844, 115.38956451416016, 114.4539566040039, 114.44295501708984, 114.30967712402344, 118.6850814819336, 114.30328369140625, 111.11385345458984, 115.2832260131836, 116.9540786743164, 115.4544906616211, 103.19154357910156, 112.6660385131836, 101.59138488769531, 99.37200927734375, 93.25695037841797, 109.0794677734375, 116.3852310180664, 97.13360595703125, 108.1419677734375, 106.88299560546875, 110.34785461425781, 108.23759460449219, 101.0091781616211, 96.79113006591797, 108.2187728881836, 112.9714126586914, 108.04736328125, 106.1847152709961, 108.0340805053711, 104.7017593383789, 106.3355941772461, 104.83736419677734, 92.3315200805664, 97.79338073730469, 101.7033462524414, 95.71269226074219, 93.42774963378906, 98.0291976928711, 95.83629608154297, 99.17993927001953, 95.99400329589844, 89.47459411621094, 102.26139068603516, 93.61978149414062, 96.70780181884766, 75.74443054199219, 77.9055404663086, 71.9763412475586, 86.57669830322266, 86.4919204711914, 77.59290313720703, 76.04640197753906, 65.86856842041016, 73.16819763183594, 84.23906707763672, 69.60888671875, 63.625022888183594, 64.7298812866211, 64.99425506591797, 53.342063903808594, 57.272552490234375, 61.37843704223633, 51.862709045410156, 50.783935546875, 59.23563766479492, 52.654640197753906, 56.775787353515625, 50.61915969848633, 48.31608581542969, 41.71462631225586, 44.802650451660156, 37.87914276123047, 40.382965087890625, 36.335609436035156, 37.77638626098633, 35.631591796875, 34.43733215332031, 33.58400344848633, 33.49848556518555, 32.02946853637695, 30.655277252197266, 28.445690155029297, 31.32537841796875, 30.113351821899414, 32.29147720336914, 26.645177841186523, 28.246898651123047, 27.138717651367188, 26.33559226989746, 27.647897720336914, 25.895687103271484, 22.679637908935547, 25.85892677307129, 20.196657180786133, 20.23378562927246, 19.904565811157227, 17.220714569091797, 16.868511199951172, 15.564313888549805, 14.813163757324219, 11.801042556762695, 12.071678161621094, 13.29963207244873, 9.83188247680664, 9.10584545135498, 7.091766357421875, 5.9285359382629395, 6.133108139038086], "var": [67.67205810546875, 59.030982971191406, 19.87036895751953, 40.89404296875, 43.507564544677734, 102.87320709228516, 14.148326873779297, 61.28458786010742, 146.04071044921875, 34.88730239868164, 77.03430938720703, 26.548603057861328, 48.14736557006836, 35.77535629272461, 183.500732421875, 29.561298370361328, 115.51480102539062, 57.595664978027344, 167.5564422607422, 83.85121154785156, 51.48197937011719, 77.14171600341797, 40.223899841308594, 83.8798828125, 54.26138687133789, 160.89024353027344, 67.07935333251953, 240.24330139160156, 91.49552917480469, 301.59271240234375, 109.0356674194336, 391.5228271484375, 115.68717193603516, 29.72956657409668, 223.58041381835938, 290.7500305175781, 184.83792114257812, 54.63991928100586, 226.6325225830078, 202.81356811523438, 298.794921875, 150.26365661621094, 186.47344970703125, 141.1025390625, 103.80768585205078, 67.00328063964844, 53.63083267211914, 43.10374450683594, 148.6833038330078, 181.9628448486328, 134.37664794921875, 94.69587707519531, 210.31922912597656, 169.8243408203125, 273.20733642578125, 156.65145874023438, 147.80673217773438, 362.4050598144531, 305.07720947265625, 158.39251708984375, 158.56520080566406, 214.34317016601562, 130.5973663330078, 288.5662536621094, 128.29539489746094, 135.72695922851562, 194.75111389160156, 161.98428344726562, 116.06134033203125, 57.65216064453125, 191.51901245117188, 144.40090942382812, 59.5171012878418, 110.99980163574219, 117.03258514404297, 69.649169921875, 17.206375122070312, 96.28399658203125, 120.26848602294922, 47.256839752197266, 30.460535049438477, 81.59488677978516, 31.11411476135254, 34.7143440246582, 64.48634338378906, 26.977962493896484, 12.258125305175781, 14.250466346740723, 8.460322380065918, 7.82696008682251, 11.06876277923584, 15.597892761230469, 10.48007869720459, 8.060150146484375, 7.218893527984619, 10.184678077697754, 5.680243968963623, 7.892599582672119, 3.846421003341675, 7.561024188995361, 8.078530311584473, 3.286426544189453, 2.442735195159912, 11.50588321685791, 2.6746702194213867, 5.102439880371094, 2.820211172103882, 4.239724636077881, 2.3959250450134277, 3.086007595062256, 2.5490925312042236, 1.3904091119766235, 4.513223171234131, 2.08501935005188, 1.4187813997268677, 3.5093183517456055, 1.3543846607208252, 0.5944687128067017, 1.2521940469741821, 1.440832257270813, 1.5186690092086792, 1.109822392463684, 1.1836071014404297, 1.336265206336975, 0.339410662651062], "true": [120.0, 120.0, 120.0, 120.0, 120.0, 119.0, 118.0, 117.0, 116.0, 115.0, 114.0, 113.0, 112.0, 111.0, 110.0, 109.0, 108.0, 107.0, 106.0, 105.0, 104.0, 103.0, 102.0, 101.0, 100.0, 99.0, 98.0, 97.0, 96.0, 95.0, 94.0, 93.0, 92.0, 91.0, 90.0, 89.0, 88.0, 87.0, 86.0, 85.0, 84.0, 83.0, 82.0, 81.0, 80.0, 79.0, 78.0, 77.0, 76.0, 75.0, 74.0, 73.0, 72.0, 71.0, 70.0, 69.0, 68.0, 67.0, 66.0, 65.0, 64.0, 63.0, 62.0, 61.0, 60.0, 59.0, 58.0, 57.0, 56.0, 55.0, 54.0, 53.0, 52.0, 51.0, 50.0, 49.0, 48.0, 47.0, 46.0, 45.0, 44.0, 43.0, 42.0, 41.0, 40.0, 39.0, 38.0, 37.0, 36.0, 35.0, 34.0, 33.0, 32.0, 31.0, 30.0, 29.0, 28.0, 27.0, 26.0, 25.0, 24.0, 23.0, 22.0, 21.0, 20.0, 19.0, 18.0, 17.0, 16.0, 15.0, 14.0, 13.0, 12.0, 11.0, 10.0, 9.0, 8.0, 7.0, 6.0, 5.0, 4.0, 3.0, 2.0, 1.0, 0.0], "RMSE": 15.57}