{"mean": [126.50386810302734, 126.60090637207031, 124.2454833984375, 124.97956848144531, 125.20658874511719, 127.40450286865234, 123.9250717163086, 127.0672836303711, 128.36676025390625, 128.17391967773438, 127.83829498291016, 124.9962387084961, 124.57083892822266, 125.23625183105469, 126.55784606933594, 125.4522933959961, 127.5152816772461, 124.65462493896484, 126.4778823852539, 126.23526763916016, 127.59920501708984, 126.51921081542969, 126.48931884765625, 126.94316101074219, 124.5368881225586, 123.9491195678711, 123.26375579833984, 126.14573669433594, 123.90836334228516, 123.98431396484375, 126.77616882324219, 123.5324478149414, 124.192626953125, 124.0162353515625, 118.2437515258789, 123.18559265136719, 122.69291687011719, 121.98531341552734, 122.8919906616211, 126.4066390991211, 123.47581481933594, 124.9708480834961, 123.10237884521484, 119.23677825927734, 123.73707580566406, 122.51177978515625, 121.84454345703125, 120.77645111083984, 119.40977478027344, 115.9080581665039, 115.14654541015625, 114.29032135009766, 107.00395202636719, 105.27933502197266, 97.04075622558594, 91.68907165527344, 91.0223388671875, 86.46147155761719, 89.8358383178711, 97.25679016113281, 93.84180450439453, 89.70538330078125, 87.34078216552734, 92.24855041503906, 84.09733581542969, 83.11079406738281, 87.97566223144531, 90.11485290527344, 89.32862854003906, 91.0838623046875, 90.37462615966797, 78.63517761230469, 78.96337890625, 76.28226470947266, 73.74314880371094, 76.60948944091797, 65.34315490722656, 66.40608215332031, 58.79170608520508, 62.1646842956543, 55.38182830810547, 53.92475509643555, 55.69635772705078, 46.28885269165039, 44.19359588623047, 45.639225006103516, 43.55963134765625, 40.28397750854492, 40.25499725341797, 40.2382698059082, 38.15571212768555, 37.4792366027832, 42.40755081176758, 38.624481201171875, 34.60150146484375, 36.098045349121094, 34.800804138183594, 36.19403839111328, 32.84607696533203, 34.813072204589844, 29.571691513061523, 30.55071449279785, 29.524856567382812, 30.190067291259766, 29.439550399780273, 25.022363662719727, 23.79389190673828, 21.236778259277344, 22.41681480407715, 21.07859230041504, 20.178789138793945, 19.878833770751953, 18.387920379638672, 15.081402778625488, 15.703465461730957, 15.64201831817627, 12.972041130065918, 13.006269454956055, 10.969303131103516, 9.664051055908203, 8.904352188110352, 6.795940399169922, 7.61050271987915, 5.866781234741211, 4.119448184967041, 4.137763023376465], "var": [6.112034320831299, 5.452208995819092, 2.831605911254883, 15.298318862915039, 28.772367477416992, 4.322513103485107, 4.807096481323242, 9.251903533935547, 9.687153816223145, 7.68958044052124, 10.054814338684082, 8.267130851745605, 8.593177795410156, 9.592700004577637, 4.624499320983887, 4.153994560241699, 3.383376359939575, 7.143436908721924, 6.808869361877441, 2.559164524078369, 7.990860939025879, 8.191088676452637, 4.605246543884277, 11.714180946350098, 13.164003372192383, 6.203518390655518, 10.165680885314941, 4.679018497467041, 5.0240936279296875, 8.981754302978516, 3.7086663246154785, 7.471722602844238, 9.833340644836426, 4.5781121253967285, 3.9499847888946533, 12.644793510437012, 14.98315143585205, 12.115019798278809, 7.902414798736572, 7.27260684967041, 6.899380207061768, 6.033644199371338, 8.096151351928711, 20.88547134399414, 8.466438293457031, 9.203766822814941, 8.270247459411621, 19.662065505981445, 20.663787841796875, 6.787445068359375, 4.874338150024414, 19.852333068847656, 44.227108001708984, 90.87689971923828, 90.91494750976562, 68.17808532714844, 84.35814666748047, 85.65218353271484, 54.71841049194336, 74.3570556640625, 38.09878921508789, 148.06089782714844, 24.737274169921875, 127.6971664428711, 60.038543701171875, 254.99063110351562, 39.07466125488281, 32.540306091308594, 99.41436767578125, 34.979896545410156, 15.927292823791504, 62.6317024230957, 34.292022705078125, 11.379295349121094, 68.17901611328125, 22.50885581970215, 31.122390747070312, 52.58455276489258, 29.110458374023438, 27.347373962402344, 6.772936820983887, 8.255961418151855, 10.287470817565918, 11.892094612121582, 8.205890655517578, 9.932307243347168, 11.634004592895508, 7.8332109451293945, 8.669899940490723, 2.055986166000366, 8.84945297241211, 8.784832954406738, 39.98601531982422, 9.808093070983887, 4.555657863616943, 11.176953315734863, 10.428482055664062, 10.364397048950195, 5.038272857666016, 8.419169425964355, 2.7145845890045166, 6.043087482452393, 2.2948896884918213, 8.361268997192383, 3.1681177616119385, 0.26485198736190796, 2.1052801609039307, 5.5322136878967285, 4.3581461906433105, 3.7237303256988525, 5.643096446990967, 3.6675961017608643, 2.3255698680877686, 1.8508431911468506, 0.7199496030807495, 1.8311827182769775, 1.360901117324829, 1.2941474914550781, 1.3064547777175903, 1.6475757360458374, 1.338888168334961, 2.1007683277130127, 0.8532936573028564, 0.8248184323310852, 1.464239478111267, 0.703033983707428], "true": [120.0, 120.0, 120.0, 120.0, 120.0, 120.0, 119.0, 118.0, 117.0, 116.0, 115.0, 114.0, 113.0, 112.0, 111.0, 110.0, 109.0, 108.0, 107.0, 106.0, 105.0, 104.0, 103.0, 102.0, 101.0, 100.0, 99.0, 98.0, 97.0, 96.0, 95.0, 94.0, 93.0, 92.0, 91.0, 90.0, 89.0, 88.0, 87.0, 86.0, 85.0, 84.0, 83.0, 82.0, 81.0, 80.0, 79.0, 78.0, 77.0, 76.0, 75.0, 74.0, 73.0, 72.0, 71.0, 70.0, 69.0, 68.0, 67.0, 66.0, 65.0, 64.0, 63.0, 62.0, 61.0, 60.0, 59.0, 58.0, 57.0, 56.0, 55.0, 54.0, 53.0, 52.0, 51.0, 50.0, 49.0, 48.0, 47.0, 46.0, 45.0, 44.0, 43.0, 42.0, 41.0, 40.0, 39.0, 38.0, 37.0, 36.0, 35.0, 34.0, 33.0, 32.0, 31.0, 30.0, 29.0, 28.0, 27.0, 26.0, 25.0, 24.0, 23.0, 22.0, 21.0, 20.0, 19.0, 18.0, 17.0, 16.0, 15.0, 14.0, 13.0, 12.0, 11.0, 10.0, 9.0, 8.0, 7.0, 6.0, 5.0, 4.0, 3.0, 2.0, 1.0, 0.0], "RMSE": 22.03}