{"mean": [125.02284240722656, 117.81025695800781, 125.53104400634766, 126.2032241821289, 125.8584213256836, 127.3765640258789, 127.4308090209961, 126.789794921875, 125.2461166381836, 125.94136047363281, 121.4380874633789, 126.07850646972656, 124.93977355957031, 124.57026672363281, 125.26692962646484, 125.69401550292969, 124.05595397949219, 122.6417007446289, 122.99656677246094, 122.2243423461914, 125.2266616821289, 123.76420593261719, 124.7066421508789, 119.6241683959961, 122.12196350097656, 123.66706848144531, 124.05116271972656, 123.194091796875, 123.92424011230469, 118.7095718383789, 121.03663635253906, 121.28642272949219, 113.49983215332031, 118.8644027709961, 119.99820709228516, 118.2559585571289, 120.37284851074219, 119.72684478759766, 115.18019104003906, 118.4582748413086, 113.15185546875, 109.88201904296875, 110.85411071777344, 112.87747955322266, 107.30049133300781, 106.62996673583984, 114.6341323852539, 109.45610046386719, 106.40433502197266, 104.20933532714844, 105.8287353515625, 103.92860412597656, 95.17022705078125, 97.32493591308594, 92.20380401611328, 91.27528381347656, 92.51666259765625, 89.74272918701172, 91.797119140625, 91.2982177734375, 75.43357849121094, 74.91317749023438, 81.43525695800781, 73.93811798095703, 80.8111343383789, 74.80717468261719, 73.93032836914062, 68.88970184326172, 65.48463439941406, 63.55767822265625, 64.9096450805664, 68.7080307006836, 63.39350128173828, 58.888145446777344, 60.495635986328125, 63.473731994628906, 57.363548278808594, 52.8408317565918, 53.52937698364258, 51.7209587097168, 47.52312088012695, 48.57536697387695, 44.48719024658203, 45.49728775024414, 43.6815299987793, 42.2028923034668, 47.57972717285156, 42.0015869140625, 43.880775451660156, 38.521385192871094, 39.395572662353516, 37.521690368652344, 38.683692932128906, 37.1019172668457, 35.4383544921875, 35.73980712890625, 33.966461181640625, 33.6073112487793, 32.68819046020508, 30.732311248779297, 29.875768661499023, 29.99674415588379, 30.740314483642578, 30.740222930908203, 28.833465576171875, 25.39178466796875, 28.367694854736328, 22.054401397705078, 20.65668296813965, 21.93679428100586, 18.529491424560547, 18.487512588500977, 19.328182220458984, 16.574085235595703, 16.29385757446289, 15.450106620788574, 13.409276962280273, 14.355934143066406, 11.411816596984863, 11.428407669067383, 8.674936294555664, 8.826229095458984, 7.767102241516113, 6.192576885223389, 5.031423568725586, 4.37197732925415, 3.5370612144470215], "var": [2.958512306213379, 21.2904109954834, 5.031982898712158, 10.263697624206543, 3.9295573234558105, 16.40068817138672, 13.393080711364746, 5.931027889251709, 9.232847213745117, 7.787774085998535, 20.06132698059082, 6.345042705535889, 12.423910140991211, 8.737199783325195, 16.347152709960938, 7.890526294708252, 5.405011177062988, 8.727201461791992, 19.650468826293945, 16.012672424316406, 10.79385757446289, 7.157106876373291, 13.531248092651367, 13.729791641235352, 10.582134246826172, 7.729101181030273, 12.318132400512695, 24.97785186767578, 16.230785369873047, 14.985638618469238, 7.144810199737549, 3.725815773010254, 5.317111968994141, 7.589879989624023, 12.857325553894043, 9.707011222839355, 16.07982635498047, 24.05048179626465, 19.29091453552246, 16.85563850402832, 20.023868560791016, 24.06681251525879, 62.80652618408203, 15.742835998535156, 24.33814239501953, 59.80521774291992, 16.246410369873047, 43.492652893066406, 63.5168571472168, 47.672916412353516, 50.1617317199707, 39.1261100769043, 121.11585235595703, 62.685298919677734, 171.77423095703125, 164.4549102783203, 80.65015411376953, 86.93971252441406, 131.2996826171875, 56.74718475341797, 36.21333312988281, 36.44938278198242, 95.3165512084961, 54.03232955932617, 87.55552673339844, 66.87387084960938, 53.15970993041992, 40.07103729248047, 45.36179733276367, 22.557056427001953, 15.899014472961426, 63.6369514465332, 22.28621482849121, 16.718597412109375, 27.82112693786621, 15.4473295211792, 22.48824119567871, 7.423320293426514, 6.117900848388672, 19.322128295898438, 6.762530326843262, 2.9164576530456543, 5.205319404602051, 3.14375638961792, 12.261930465698242, 13.636171340942383, 17.319679260253906, 8.113731384277344, 10.890775680541992, 2.1137592792510986, 6.236588478088379, 5.567408561706543, 13.05553913116455, 5.0122294425964355, 13.409993171691895, 8.449414253234863, 6.701832294464111, 12.2213716506958, 4.0390777587890625, 5.701396465301514, 9.988061904907227, 4.8071770668029785, 3.4996187686920166, 10.893472671508789, 6.269590377807617, 3.1272263526916504, 9.719533920288086, 4.381329536437988, 0.3945672810077667, 6.350370407104492, 1.2154923677444458, 1.3017410039901733, 2.847818374633789, 1.6266318559646606, 1.6904596090316772, 1.2528036832809448, 1.2202633619308472, 1.2003556489944458, 1.1115649938583374, 0.9686530232429504, 0.48890742659568787, 1.607741355895996, 1.0639880895614624, 0.8671245574951172, 0.42321518063545227, 0.33213433623313904, 0.4957086443901062], "true": [120.0, 120.0, 120.0, 120.0, 120.0, 120.0, 120.0, 119.0, 118.0, 117.0, 116.0, 115.0, 114.0, 113.0, 112.0, 111.0, 110.0, 109.0, 108.0, 107.0, 106.0, 105.0, 104.0, 103.0, 102.0, 101.0, 100.0, 99.0, 98.0, 97.0, 96.0, 95.0, 94.0, 93.0, 92.0, 91.0, 90.0, 89.0, 88.0, 87.0, 86.0, 85.0, 84.0, 83.0, 82.0, 81.0, 80.0, 79.0, 78.0, 77.0, 76.0, 75.0, 74.0, 73.0, 72.0, 71.0, 70.0, 69.0, 68.0, 67.0, 66.0, 65.0, 64.0, 63.0, 62.0, 61.0, 60.0, 59.0, 58.0, 57.0, 56.0, 55.0, 54.0, 53.0, 52.0, 51.0, 50.0, 49.0, 48.0, 47.0, 46.0, 45.0, 44.0, 43.0, 42.0, 41.0, 40.0, 39.0, 38.0, 37.0, 36.0, 35.0, 34.0, 33.0, 32.0, 31.0, 30.0, 29.0, 28.0, 27.0, 26.0, 25.0, 24.0, 23.0, 22.0, 21.0, 20.0, 19.0, 18.0, 17.0, 16.0, 15.0, 14.0, 13.0, 12.0, 11.0, 10.0, 9.0, 8.0, 7.0, 6.0, 5.0, 4.0, 3.0, 2.0, 1.0, 0.0], "RMSE": 15.62}