{"mean": [131.1365509033203, 138.69200134277344, 129.8647918701172, 131.7366485595703, 125.80632019042969, 128.29945373535156, 124.56988525390625, 122.647705078125, 123.23783111572266, 127.39167785644531, 130.1455535888672, 123.55777740478516, 123.7660903930664, 129.58938598632812, 125.67851257324219, 118.72355651855469, 133.21408081054688, 116.35926818847656, 124.29293060302734, 123.96602630615234, 120.62950134277344, 121.81489562988281, 117.74267578125, 121.0348129272461, 127.06904602050781, 120.37303161621094, 131.9872283935547, 120.02644348144531, 125.99369812011719, 122.14874267578125, 110.68730163574219, 117.79228210449219, 117.05535888671875, 118.86802673339844, 119.54304504394531, 115.15556335449219, 117.09187316894531, 121.737548828125, 126.6570053100586, 97.83015441894531, 113.79443359375, 119.53022766113281, 117.2016372680664, 112.97700500488281, 118.9166259765625, 105.8680648803711, 95.5044937133789, 117.08760070800781, 79.20616149902344, 118.36338806152344, 103.1095199584961, 103.49064636230469, 113.08418273925781, 95.7501449584961, 95.27006530761719, 111.2798080444336, 101.18330383300781, 95.42225646972656, 98.82768249511719, 106.03605651855469, 96.07789611816406, 98.39863586425781, 83.60794830322266, 85.69215393066406, 75.81156921386719, 101.56226348876953, 100.5818862915039, 83.06907653808594, 81.50912475585938, 69.89641571044922, 88.63622283935547, 94.61463928222656, 82.06315612792969, 84.86148071289062, 66.38929748535156, 69.85330963134766, 77.20335388183594, 66.55378723144531, 71.40974426269531, 71.40426635742188, 60.81859588623047, 69.20903778076172, 59.73223114013672, 62.450469970703125, 63.808441162109375, 62.82202911376953, 53.25321578979492, 57.599525451660156, 48.479820251464844, 51.03297424316406, 50.45713806152344, 49.64408874511719, 45.2558479309082, 48.7380485534668, 41.70270538330078, 43.877342224121094, 41.78667449951172, 35.2625617980957, 25.601871490478516, 35.16025161743164, 27.026199340820312, 32.48585510253906, 32.87968444824219, 24.676050186157227, 33.52680206298828, 28.628986358642578, 26.555932998657227, 32.721988677978516, 28.337665557861328, 32.828155517578125, 33.49528503417969, 29.230331420898438, 28.704870223999023, 21.703968048095703, 25.811227798461914, 13.26606559753418, 28.632598876953125, 26.197933197021484, 23.997339248657227, 30.832256317138672, 11.71573257446289, 13.265095710754395, 3.893223285675049, 3.0027859210968018, 1.601078748703003], "var": [8.147089004516602, 13.154664993286133, 12.278641700744629, 31.303691864013672, 5.5157880783081055, 20.506685256958008, 16.659029006958008, 13.1249418258667, 13.955427169799805, 17.03456687927246, 14.638282775878906, 5.501983165740967, 43.18588638305664, 9.665953636169434, 25.963237762451172, 16.149009704589844, 15.695806503295898, 13.36504077911377, 23.16511344909668, 10.90438175201416, 40.262210845947266, 27.033227920532227, 48.097476959228516, 29.775466918945312, 14.36835765838623, 76.00626373291016, 11.572725296020508, 24.28076934814453, 11.716752052307129, 15.502517700195312, 132.49554443359375, 94.9869384765625, 10.53663444519043, 12.49431324005127, 14.274784088134766, 32.98500061035156, 22.441421508789062, 34.837459564208984, 19.330322265625, 221.72584533691406, 13.234902381896973, 174.46295166015625, 11.409321784973145, 94.69525146484375, 45.797950744628906, 116.24150085449219, 79.79126739501953, 75.5223159790039, 224.28028869628906, 38.03467559814453, 253.14584350585938, 107.7288818359375, 31.47380828857422, 114.98204803466797, 161.94427490234375, 60.3269157409668, 136.04861450195312, 229.75721740722656, 182.0998992919922, 135.22145080566406, 226.4029083251953, 425.32244873046875, 232.73553466796875, 267.55743408203125, 92.33451843261719, 130.3797607421875, 128.62611389160156, 262.92401123046875, 138.18724060058594, 77.29649353027344, 280.70361328125, 295.3271789550781, 179.85269165039062, 172.7975311279297, 73.01022338867188, 212.09925842285156, 146.66973876953125, 40.25786590576172, 75.27545166015625, 40.7787971496582, 15.466526985168457, 54.967315673828125, 14.400798797607422, 121.71160125732422, 78.43484497070312, 30.131826400756836, 14.525677680969238, 17.817520141601562, 34.729034423828125, 10.839775085449219, 22.73177719116211, 12.421594619750977, 9.970526695251465, 16.999366760253906, 4.275786399841309, 5.50693941116333, 7.591392517089844, 7.2404913902282715, 2.9082398414611816, 14.15752124786377, 11.469551086425781, 8.299952507019043, 11.022984504699707, 4.501827716827393, 12.772700309753418, 4.370936393737793, 3.476034641265869, 8.668088912963867, 3.2351880073547363, 6.539510726928711, 7.436061859130859, 4.664482593536377, 3.6257808208465576, 4.520259380340576, 2.911939859390259, 1.4290733337402344, 3.863520383834839, 2.7727434635162354, 2.689084529876709, 3.493785858154297, 1.0725712776184082, 1.4932539463043213, 1.5889393091201782, 1.023439645767212, 0.2769733667373657], "true": [120.0, 120.0, 120.0, 120.0, 120.0, 119.0, 118.0, 117.0, 116.0, 115.0, 114.0, 113.0, 112.0, 111.0, 110.0, 109.0, 108.0, 107.0, 106.0, 105.0, 104.0, 103.0, 102.0, 101.0, 100.0, 99.0, 98.0, 97.0, 96.0, 95.0, 94.0, 93.0, 92.0, 91.0, 90.0, 89.0, 88.0, 87.0, 86.0, 85.0, 84.0, 83.0, 82.0, 81.0, 80.0, 79.0, 78.0, 77.0, 76.0, 75.0, 74.0, 73.0, 72.0, 71.0, 70.0, 69.0, 68.0, 67.0, 66.0, 65.0, 64.0, 63.0, 62.0, 61.0, 60.0, 59.0, 58.0, 57.0, 56.0, 55.0, 54.0, 53.0, 52.0, 51.0, 50.0, 49.0, 48.0, 47.0, 46.0, 45.0, 44.0, 43.0, 42.0, 41.0, 40.0, 39.0, 38.0, 37.0, 36.0, 35.0, 34.0, 33.0, 32.0, 31.0, 30.0, 29.0, 28.0, 27.0, 26.0, 25.0, 24.0, 23.0, 22.0, 21.0, 20.0, 19.0, 18.0, 17.0, 16.0, 15.0, 14.0, 13.0, 12.0, 11.0, 10.0, 9.0, 8.0, 7.0, 6.0, 5.0, 4.0, 3.0, 2.0, 1.0, 0.0], "RMSE": 23.02}