{"mean": [112.67549133300781, 99.73543548583984, 115.25016021728516, 116.73301696777344, 116.7951889038086, 111.59024810791016, 113.0840835571289, 110.09648132324219, 103.57908630371094, 105.8709487915039, 99.7491455078125, 109.4266586303711, 115.86955261230469, 110.15657043457031, 115.8344497680664, 107.34217834472656, 103.84651947021484, 106.5328369140625, 116.0261459350586, 114.94879150390625, 90.66487884521484, 95.44901275634766, 103.91300201416016, 99.65409851074219, 115.14070129394531, 99.42924499511719, 111.92298889160156, 101.98126220703125, 107.28483581542969, 103.82112121582031, 103.0929183959961, 85.20315551757812, 95.28977966308594, 104.16339111328125, 91.33695983886719, 98.29780578613281, 101.46187591552734, 86.90843200683594, 96.79045104980469, 99.72592163085938, 86.16827392578125, 90.43327331542969, 90.47990417480469, 86.72059631347656, 72.3659439086914, 81.0040512084961, 79.03999328613281, 77.16795349121094, 69.54214477539062, 76.96163940429688, 80.39546966552734, 81.95317077636719, 77.56776428222656, 71.16179656982422, 71.85221099853516, 68.49686431884766, 68.18528747558594, 72.14163208007812, 66.40727233886719, 62.62481689453125, 61.899169921875, 61.91986083984375, 58.91782760620117, 65.00538635253906, 60.75618362426758, 66.97230529785156, 57.49025344848633, 49.455078125, 48.036800384521484, 47.077598571777344, 48.953208923339844, 48.23491668701172, 46.0086784362793, 44.84496307373047, 45.098472595214844, 44.972679138183594, 40.446983337402344, 40.04301452636719, 40.77220916748047, 38.45246124267578, 37.5980224609375, 36.93240737915039, 36.36064910888672, 34.794837951660156, 33.35472869873047, 35.269752502441406, 34.4395637512207, 32.557395935058594, 30.77434730529785, 28.539409637451172, 29.076099395751953, 27.690155029296875, 28.488128662109375, 25.96609878540039, 26.79477882385254, 23.111530303955078, 24.630464553833008, 21.59258270263672, 20.89875030517578, 18.69346046447754, 18.955469131469727, 16.744140625, 15.158742904663086, 14.299760818481445, 12.678278923034668, 12.659457206726074], "var": [164.25746154785156, 180.40464782714844, 46.883243560791016, 60.71150207519531, 59.921836853027344, 143.4811248779297, 75.18917846679688, 74.72052764892578, 178.9951629638672, 145.5563507080078, 300.7799072265625, 42.587745666503906, 65.76827239990234, 128.24935913085938, 98.91788482666016, 202.83445739746094, 157.81654357910156, 165.0313720703125, 102.94367218017578, 96.71089172363281, 188.40032958984375, 357.9158630371094, 176.22979736328125, 38.5898551940918, 45.852535247802734, 323.2195129394531, 148.7764129638672, 64.6776123046875, 156.98876953125, 244.71145629882812, 30.915340423583984, 397.956298828125, 41.9808464050293, 102.0814437866211, 280.6781311035156, 169.70274353027344, 109.67015838623047, 200.88169860839844, 196.1409912109375, 80.84496307373047, 187.06845092773438, 372.2207946777344, 248.01144409179688, 321.7546691894531, 39.92443084716797, 257.2559814453125, 138.74761962890625, 188.2249755859375, 64.976806640625, 78.02630615234375, 179.02857971191406, 166.61424255371094, 176.84085083007812, 136.84185791015625, 125.87245178222656, 69.45316314697266, 156.14984130859375, 143.0810089111328, 53.95492935180664, 107.51387023925781, 302.5801696777344, 115.12704467773438, 97.92363739013672, 163.5868682861328, 46.65424728393555, 48.443992614746094, 43.5633430480957, 34.799407958984375, 46.06094741821289, 25.965160369873047, 21.46319007873535, 20.12428855895996, 29.790956497192383, 41.746253967285156, 14.073841094970703, 28.7882137298584, 6.185090065002441, 9.984757423400879, 14.345913887023926, 5.630585193634033, 11.146354675292969, 9.903305053710938, 3.9245777130126953, 6.9753217697143555, 16.409503936767578, 8.685809135437012, 14.0468168258667, 4.6724371910095215, 5.394980430603027, 2.651498317718506, 3.350578546524048, 7.951716423034668, 8.762031555175781, 4.348196983337402, 3.369518995285034, 2.627138614654541, 4.594757556915283, 2.69844913482666, 0.6737985610961914, 0.839861273765564, 4.576344966888428, 2.630492687225342, 1.4100778102874756, 2.699793577194214, 2.876638889312744, 1.5152798891067505], "true": [105.0, 104.0, 103.0, 102.0, 101.0, 100.0, 99.0, 98.0, 97.0, 96.0, 95.0, 94.0, 93.0, 92.0, 91.0, 90.0, 89.0, 88.0, 87.0, 86.0, 85.0, 84.0, 83.0, 82.0, 81.0, 80.0, 79.0, 78.0, 77.0, 76.0, 75.0, 74.0, 73.0, 72.0, 71.0, 70.0, 69.0, 68.0, 67.0, 66.0, 65.0, 64.0, 63.0, 62.0, 61.0, 60.0, 59.0, 58.0, 57.0, 56.0, 55.0, 54.0, 53.0, 52.0, 51.0, 50.0, 49.0, 48.0, 47.0, 46.0, 45.0, 44.0, 43.0, 42.0, 41.0, 40.0, 39.0, 38.0, 37.0, 36.0, 35.0, 34.0, 33.0, 32.0, 31.0, 30.0, 29.0, 28.0, 27.0, 26.0, 25.0, 24.0, 23.0, 22.0, 21.0, 20.0, 19.0, 18.0, 17.0, 16.0, 15.0, 14.0, 13.0, 12.0, 11.0, 10.0, 9.0, 8.0, 7.0, 6.0, 5.0, 4.0, 3.0, 2.0, 1.0, 0.0], "RMSE": 18.82}