{"mean": [126.77352142333984, 122.56959533691406, 124.15013122558594, 127.2798080444336, 126.18448638916016, 126.5482406616211, 127.61067199707031, 128.37730407714844, 127.97505187988281, 128.25161743164062, 119.26795959472656, 126.9952163696289, 124.35871887207031, 126.2082290649414, 121.0858383178711, 126.50782775878906, 125.40411376953125, 122.70341491699219, 122.90860748291016, 120.81722259521484, 122.88450622558594, 123.169189453125, 119.3199234008789, 120.6236801147461, 117.67724609375, 123.85456848144531, 118.81831359863281, 123.43385314941406, 116.0176010131836, 118.20014953613281, 116.75042724609375, 119.21980285644531, 112.10501861572266, 118.4749755859375, 110.31329345703125, 115.37442779541016, 116.9764404296875, 110.69984436035156, 117.6252670288086, 111.49041748046875, 112.61678314208984, 114.6944580078125, 111.14190673828125, 111.1008071899414, 109.65608215332031, 107.905029296875, 109.5595932006836, 99.74964904785156, 102.79132080078125, 108.1250991821289, 95.1025161743164, 107.955322265625, 93.13276672363281, 96.82029724121094, 99.51039123535156, 83.89208984375, 97.46369171142578, 83.96276092529297, 83.42972564697266, 83.41549682617188, 74.96932983398438, 81.93586730957031, 75.56864929199219, 70.50358581542969, 72.13421630859375, 76.59467315673828, 75.2758560180664, 65.91002655029297, 67.81916809082031, 62.5220832824707, 59.2930908203125, 64.4566421508789, 60.349159240722656, 54.5079231262207, 62.89484405517578, 52.97187423706055, 56.44486618041992, 52.88303756713867, 52.10981369018555, 54.85930633544922, 52.68853759765625, 47.34488296508789, 43.88381576538086, 47.91340255737305, 47.921669006347656, 42.20524978637695, 43.081459045410156, 43.72264099121094, 40.40763473510742, 42.117313385009766, 40.4109992980957, 38.14121627807617, 37.28684616088867, 38.66318130493164, 33.69220733642578, 33.46575164794922, 33.73301315307617, 31.54924964904785, 28.549549102783203, 30.743148803710938, 31.15277671813965, 30.46482276916504, 27.171091079711914, 25.194658279418945, 26.02411460876465, 25.81487464904785, 26.903453826904297, 25.01620101928711, 23.082685470581055, 24.679546356201172, 22.6498966217041, 19.678258895874023, 19.180429458618164, 19.220165252685547, 16.288185119628906, 17.270263671875, 14.107233047485352, 12.742070198059082, 14.740060806274414, 10.733509063720703, 11.33791446685791, 9.64303970336914, 7.703341484069824, 6.393399715423584, 5.856980323791504], "var": [12.497065544128418, 28.688180923461914, 14.70114803314209, 24.492977142333984, 14.433843612670898, 29.981639862060547, 14.054804801940918, 29.973148345947266, 20.110794067382812, 15.107714653015137, 59.76496887207031, 15.147834777832031, 13.540607452392578, 12.681504249572754, 63.87757110595703, 7.992203712463379, 17.860807418823242, 22.352659225463867, 48.38867950439453, 52.96263885498047, 62.37436294555664, 33.11223220825195, 21.743297576904297, 20.15406036376953, 51.637001037597656, 50.796295166015625, 37.148468017578125, 31.4969482421875, 63.442562103271484, 24.95926284790039, 62.862613677978516, 59.46501922607422, 30.39350128173828, 61.09953308105469, 52.06534194946289, 71.74492645263672, 56.9435920715332, 82.87955474853516, 30.12183952331543, 74.71366882324219, 92.79088592529297, 114.30939483642578, 45.83658218383789, 98.64708709716797, 50.72908401489258, 90.08673095703125, 68.77293395996094, 156.6211700439453, 110.77081298828125, 57.813961029052734, 178.04403686523438, 121.71305084228516, 160.8583526611328, 209.27369689941406, 182.56895446777344, 180.83499145507812, 76.05970764160156, 228.6070556640625, 301.9981384277344, 212.4700927734375, 108.61974334716797, 128.28436279296875, 119.33535766601562, 147.44296264648438, 120.12408447265625, 107.5665054321289, 150.69180297851562, 86.61993408203125, 226.4200897216797, 90.96791076660156, 116.3956298828125, 38.738746643066406, 22.399967193603516, 40.6677131652832, 126.50379180908203, 34.65425109863281, 123.00665283203125, 31.489492416381836, 24.426481246948242, 113.7673568725586, 32.966495513916016, 50.28326416015625, 11.52135181427002, 46.29863357543945, 117.83735656738281, 36.273780822753906, 8.39278507232666, 12.818408966064453, 11.670276641845703, 8.43019962310791, 11.847367286682129, 12.31146240234375, 4.670416355133057, 4.758852005004883, 2.607632637023926, 5.891698360443115, 2.759326457977295, 7.116987228393555, 3.137554168701172, 11.39066219329834, 4.133633136749268, 2.503727912902832, 2.8454856872558594, 5.138570308685303, 2.809913396835327, 3.124542713165283, 3.824604034423828, 3.6156511306762695, 1.083835244178772, 1.2272318601608276, 3.2072997093200684, 1.703536033630371, 2.475902557373047, 2.0571107864379883, 2.24399995803833, 1.8441921472549438, 2.6479156017303467, 0.8443365693092346, 2.3168632984161377, 1.4433640241622925, 1.307539701461792, 3.2650697231292725, 1.0090044736862183, 1.278883457183838, 0.5861336588859558], "true": [120.0, 120.0, 120.0, 120.0, 120.0, 119.0, 118.0, 117.0, 116.0, 115.0, 114.0, 113.0, 112.0, 111.0, 110.0, 109.0, 108.0, 107.0, 106.0, 105.0, 104.0, 103.0, 102.0, 101.0, 100.0, 99.0, 98.0, 97.0, 96.0, 95.0, 94.0, 93.0, 92.0, 91.0, 90.0, 89.0, 88.0, 87.0, 86.0, 85.0, 84.0, 83.0, 82.0, 81.0, 80.0, 79.0, 78.0, 77.0, 76.0, 75.0, 74.0, 73.0, 72.0, 71.0, 70.0, 69.0, 68.0, 67.0, 66.0, 65.0, 64.0, 63.0, 62.0, 61.0, 60.0, 59.0, 58.0, 57.0, 56.0, 55.0, 54.0, 53.0, 52.0, 51.0, 50.0, 49.0, 48.0, 47.0, 46.0, 45.0, 44.0, 43.0, 42.0, 41.0, 40.0, 39.0, 38.0, 37.0, 36.0, 35.0, 34.0, 33.0, 32.0, 31.0, 30.0, 29.0, 28.0, 27.0, 26.0, 25.0, 24.0, 23.0, 22.0, 21.0, 20.0, 19.0, 18.0, 17.0, 16.0, 15.0, 14.0, 13.0, 12.0, 11.0, 10.0, 9.0, 8.0, 7.0, 6.0, 5.0, 4.0, 3.0, 2.0, 1.0, 0.0], "RMSE": 16.13}