{"mean": [118.398681640625, 122.6178970336914, 118.82402038574219, 122.6075668334961, 122.36541748046875, 125.6506576538086, 120.8890609741211, 124.71827697753906, 119.79378509521484, 119.21101379394531, 117.26554107666016, 113.57575988769531, 120.31968688964844, 116.5125503540039, 115.87689208984375, 116.4593505859375, 110.7099380493164, 110.03336334228516, 110.2265396118164, 112.2308578491211, 111.43785095214844, 110.97282409667969, 113.38145446777344, 119.31938171386719, 115.597412109375, 118.007568359375, 119.83161926269531, 113.76213073730469, 112.56858825683594, 108.1000747680664, 115.62336730957031, 94.11392211914062, 96.49063110351562, 106.90372467041016, 85.58154296875, 97.02418518066406, 90.16462707519531, 88.12178039550781, 90.72557067871094, 81.5849380493164, 72.8176040649414, 81.12190246582031, 72.3780517578125, 68.60224151611328, 72.77339935302734, 73.45765686035156, 74.94309997558594, 81.59038543701172, 83.88613891601562, 84.94002532958984, 90.56828308105469, 87.41789245605469, 84.56420135498047, 83.74410247802734, 102.36884307861328, 91.28926849365234, 90.4131088256836, 93.31462097167969, 92.71842956542969, 91.79109191894531, 92.79015350341797, 100.51155853271484, 104.79313659667969, 101.6598892211914, 94.76284790039062, 90.01544189453125, 80.00045013427734, 82.82293701171875, 77.3172378540039, 69.93697357177734, 63.02073287963867, 62.53022003173828, 61.71720504760742, 66.35970306396484, 59.12702178955078, 69.69205474853516, 58.2313346862793, 63.263771057128906, 53.803688049316406, 54.66721725463867, 61.74333953857422, 51.962982177734375, 56.2452278137207, 55.114585876464844, 54.22216033935547, 55.469459533691406, 48.032432556152344, 44.411598205566406, 38.763179779052734, 40.63813018798828, 39.344390869140625, 39.766929626464844, 38.754398345947266, 34.68605041503906, 33.8568229675293, 33.40281295776367, 34.00859832763672, 34.07527160644531, 29.28279685974121, 30.074087142944336, 28.71697998046875, 28.587474822998047, 31.11318588256836, 31.838130950927734, 25.898502349853516, 30.705524444580078, 28.51776123046875, 24.963865280151367, 25.57985496520996, 26.997522354125977, 24.16610336303711, 22.677474975585938, 21.720211029052734, 21.544170379638672, 19.00859832763672, 16.800247192382812, 15.844990730285645, 14.220852851867676, 14.860185623168945, 12.9695463180542, 12.10515022277832, 10.589138984680176, 11.219054222106934, 9.763410568237305, 7.925593376159668, 6.218294143676758, 4.951382160186768], "var": [26.916778564453125, 51.281227111816406, 28.04244041442871, 36.3342399597168, 21.273906707763672, 40.9029541015625, 35.38567352294922, 18.167083740234375, 97.91444396972656, 20.700138092041016, 39.0788688659668, 70.38482666015625, 29.12908935546875, 65.63471221923828, 117.61683654785156, 33.53666305541992, 65.91251373291016, 116.32808685302734, 162.89749145507812, 140.57443237304688, 135.40090942382812, 214.20176696777344, 30.996065139770508, 53.96293640136719, 53.97631072998047, 101.73606872558594, 32.45679473876953, 63.18044662475586, 124.00131225585938, 150.1439666748047, 90.61762237548828, 338.58282470703125, 71.62300109863281, 92.4728775024414, 233.14317321777344, 305.44488525390625, 241.64195251464844, 238.14273071289062, 128.09475708007812, 203.33457946777344, 198.7845458984375, 239.75086975097656, 201.99122619628906, 90.27642059326172, 30.547687530517578, 171.38365173339844, 59.19819259643555, 87.65592193603516, 190.4275665283203, 99.24776458740234, 236.3950958251953, 235.14979553222656, 244.04417419433594, 134.77320861816406, 246.1029052734375, 177.4005126953125, 216.68386840820312, 285.3562316894531, 198.92604064941406, 147.29898071289062, 178.34988403320312, 228.15304565429688, 59.976985931396484, 238.40699768066406, 141.6476287841797, 240.6302032470703, 180.69952392578125, 174.8928985595703, 273.8132629394531, 122.05751037597656, 90.9133071899414, 52.922874450683594, 70.87693786621094, 193.66078186035156, 92.85377502441406, 60.811344146728516, 38.26154708862305, 121.22928619384766, 48.42585754394531, 53.068756103515625, 61.91069793701172, 107.01388549804688, 33.27635955810547, 96.73886108398438, 125.99610137939453, 64.26005554199219, 23.369123458862305, 11.72242546081543, 5.098528861999512, 4.955996990203857, 8.981701850891113, 10.090067863464355, 11.982446670532227, 4.410243034362793, 8.72292709350586, 10.02895450592041, 4.533981800079346, 18.855030059814453, 2.5487306118011475, 5.6960577964782715, 2.681166648864746, 4.24027681350708, 2.021765947341919, 12.562155723571777, 2.5305914878845215, 5.651724815368652, 2.8780856132507324, 3.481842041015625, 1.986684799194336, 1.0874476432800293, 2.9521701335906982, 2.2588870525360107, 4.260498046875, 2.849011182785034, 2.105455160140991, 1.696091651916504, 2.1758406162261963, 0.8155689835548401, 2.2807819843292236, 1.6697620153427124, 1.0450444221496582, 2.4719793796539307, 0.9350504875183105, 1.0481587648391724, 0.5778331160545349, 0.44385313987731934, 0.9921879172325134], "true": [120.0, 120.0, 120.0, 120.0, 120.0, 120.0, 120.0, 119.0, 118.0, 117.0, 116.0, 115.0, 114.0, 113.0, 112.0, 111.0, 110.0, 109.0, 108.0, 107.0, 106.0, 105.0, 104.0, 103.0, 102.0, 101.0, 100.0, 99.0, 98.0, 97.0, 96.0, 95.0, 94.0, 93.0, 92.0, 91.0, 90.0, 89.0, 88.0, 87.0, 86.0, 85.0, 84.0, 83.0, 82.0, 81.0, 80.0, 79.0, 78.0, 77.0, 76.0, 75.0, 74.0, 73.0, 72.0, 71.0, 70.0, 69.0, 68.0, 67.0, 66.0, 65.0, 64.0, 63.0, 62.0, 61.0, 60.0, 59.0, 58.0, 57.0, 56.0, 55.0, 54.0, 53.0, 52.0, 51.0, 50.0, 49.0, 48.0, 47.0, 46.0, 45.0, 44.0, 43.0, 42.0, 41.0, 40.0, 39.0, 38.0, 37.0, 36.0, 35.0, 34.0, 33.0, 32.0, 31.0, 30.0, 29.0, 28.0, 27.0, 26.0, 25.0, 24.0, 23.0, 22.0, 21.0, 20.0, 19.0, 18.0, 17.0, 16.0, 15.0, 14.0, 13.0, 12.0, 11.0, 10.0, 9.0, 8.0, 7.0, 6.0, 5.0, 4.0, 3.0, 2.0, 1.0, 0.0], "RMSE": 12.5}