{"mean": [119.97856140136719, 118.42220306396484, 117.08902740478516, 119.94285583496094, 120.44100189208984, 117.13285827636719, 120.51312255859375, 123.14070129394531, 119.42694091796875, 122.26619720458984, 121.72148132324219, 121.83294677734375, 123.75045013427734, 122.8206787109375, 120.855712890625, 123.77386474609375, 123.40804290771484, 124.30496978759766, 124.36665344238281, 125.06654357910156, 123.41343688964844, 121.7679214477539, 123.7015380859375, 124.256103515625, 122.94708251953125, 121.58375549316406, 120.72882080078125, 121.5260009765625, 121.82257080078125, 119.01509857177734, 117.8958511352539, 119.982177734375, 119.0919418334961, 116.55792236328125, 117.39085388183594, 118.85917663574219, 115.38465881347656, 117.1160659790039, 114.82438659667969, 113.81977844238281, 114.93629455566406, 107.2760009765625, 108.87825775146484, 115.9944839477539, 113.12623596191406, 114.00151062011719, 112.15925598144531, 113.44461822509766, 112.52671813964844, 106.50559997558594, 110.525634765625, 111.5415267944336, 102.44853210449219, 105.2867431640625, 106.38807678222656, 98.88238525390625, 99.23526763916016, 97.69953918457031, 95.44863891601562, 89.19728088378906, 90.5013198852539, 81.18818664550781, 76.25889587402344, 78.64468383789062, 77.50773620605469, 76.3528060913086, 77.57666015625, 66.66712188720703, 70.88002014160156, 63.762847900390625, 63.093360900878906, 61.297889709472656, 58.63257598876953, 62.847862243652344, 58.731544494628906, 59.040489196777344, 59.33699417114258, 56.363243103027344, 55.58701705932617, 56.86583709716797, 53.262603759765625, 54.05623245239258, 58.674827575683594, 54.82622528076172, 64.85954284667969, 56.23835372924805, 51.76847457885742, 50.182334899902344, 52.047279357910156, 46.8838996887207, 48.09709930419922, 42.206668853759766, 46.916072845458984, 44.64764404296875, 40.496604919433594, 38.313438415527344, 38.061012268066406, 39.02732849121094, 34.28693389892578, 31.699478149414062, 30.832122802734375, 30.617145538330078, 28.259693145751953, 23.100793838500977, 24.724916458129883, 25.690731048583984, 23.8784122467041, 23.48246955871582, 24.81130599975586, 21.33858871459961, 20.266408920288086, 17.570850372314453, 18.801326751708984, 17.800832748413086, 14.489603042602539, 13.403422355651855, 10.574895858764648, 10.60380744934082, 9.583722114562988, 8.031534194946289, 8.968125343322754, 5.565999507904053, 4.794632911682129, 5.7512335777282715, 4.509768009185791], "var": [4.620625019073486, 14.58924388885498, 6.375232219696045, 9.70877456665039, 6.1148600578308105, 15.079236030578613, 9.227030754089355, 6.939554214477539, 11.004179000854492, 8.886338233947754, 9.2568359375, 11.696706771850586, 7.133018970489502, 1.3449052572250366, 20.453567504882812, 8.572003364562988, 6.203981876373291, 8.965465545654297, 13.765280723571777, 6.763466835021973, 11.454109191894531, 7.429160118103027, 6.51283073425293, 3.9491188526153564, 5.925507068634033, 6.753676891326904, 4.925920486450195, 8.276254653930664, 15.07947063446045, 7.877997398376465, 7.65116024017334, 2.498647928237915, 10.298640251159668, 12.713642120361328, 9.167911529541016, 11.05523681640625, 6.963499069213867, 18.97540283203125, 6.483950138092041, 25.6281795501709, 26.589046478271484, 40.7379264831543, 5.986546993255615, 9.375954627990723, 21.559070587158203, 21.961971282958984, 31.118690490722656, 21.959938049316406, 31.041685104370117, 22.45574378967285, 15.578411102294922, 8.105772972106934, 82.17729949951172, 104.2422103881836, 24.305776596069336, 122.44895935058594, 138.78005981445312, 148.05140686035156, 86.72614288330078, 66.9239273071289, 28.790569305419922, 145.87991333007812, 59.3167610168457, 127.79114532470703, 101.79907989501953, 74.17819213867188, 88.20608520507812, 115.94026184082031, 82.47099304199219, 10.697322845458984, 17.968242645263672, 39.1998176574707, 12.366317749023438, 41.505558013916016, 64.94928741455078, 11.383997917175293, 33.85536193847656, 4.908444881439209, 7.939720630645752, 5.902460098266602, 15.576583862304688, 23.84208106994629, 23.786020278930664, 9.729666709899902, 89.68966674804688, 28.126571655273438, 4.811838150024414, 19.785245895385742, 42.70132064819336, 42.413692474365234, 51.8533935546875, 10.331120491027832, 33.13243103027344, 12.890379905700684, 34.86610794067383, 19.984094619750977, 13.445012092590332, 57.551475524902344, 8.67536735534668, 4.061664581298828, 11.231632232666016, 10.664931297302246, 3.905900716781616, 5.569892406463623, 2.498758316040039, 3.78549861907959, 6.202441215515137, 2.0258612632751465, 2.187994956970215, 1.295995831489563, 1.043209433555603, 1.229709506034851, 2.8510942459106445, 1.214857578277588, 1.6602758169174194, 1.2908464670181274, 1.538386583328247, 1.090389609336853, 1.2193788290023804, 0.6346507668495178, 0.8466682434082031, 1.164077639579773, 1.8142540454864502, 1.4504961967468262, 0.28742778301239014], "true": [120.0, 120.0, 120.0, 120.0, 120.0, 119.0, 118.0, 117.0, 116.0, 115.0, 114.0, 113.0, 112.0, 111.0, 110.0, 109.0, 108.0, 107.0, 106.0, 105.0, 104.0, 103.0, 102.0, 101.0, 100.0, 99.0, 98.0, 97.0, 96.0, 95.0, 94.0, 93.0, 92.0, 91.0, 90.0, 89.0, 88.0, 87.0, 86.0, 85.0, 84.0, 83.0, 82.0, 81.0, 80.0, 79.0, 78.0, 77.0, 76.0, 75.0, 74.0, 73.0, 72.0, 71.0, 70.0, 69.0, 68.0, 67.0, 66.0, 65.0, 64.0, 63.0, 62.0, 61.0, 60.0, 59.0, 58.0, 57.0, 56.0, 55.0, 54.0, 53.0, 52.0, 51.0, 50.0, 49.0, 48.0, 47.0, 46.0, 45.0, 44.0, 43.0, 42.0, 41.0, 40.0, 39.0, 38.0, 37.0, 36.0, 35.0, 34.0, 33.0, 32.0, 31.0, 30.0, 29.0, 28.0, 27.0, 26.0, 25.0, 24.0, 23.0, 22.0, 21.0, 20.0, 19.0, 18.0, 17.0, 16.0, 15.0, 14.0, 13.0, 12.0, 11.0, 10.0, 9.0, 8.0, 7.0, 6.0, 5.0, 4.0, 3.0, 2.0, 1.0, 0.0], "RMSE": 18.83}