{"mean": [119.86250305175781, 125.0562744140625, 125.0667953491211, 125.83241271972656, 125.55204010009766, 124.63926696777344, 125.1679458618164, 125.55647277832031, 122.99119567871094, 125.50508117675781, 124.90083312988281, 125.27017974853516, 125.94608306884766, 126.2443618774414, 124.41866302490234, 125.2667007446289, 123.47169494628906, 120.22955322265625, 121.32965087890625, 122.76490783691406, 120.43623352050781, 120.36573791503906, 119.92243957519531, 115.4734878540039, 118.6693115234375, 119.75654602050781, 118.56168365478516, 109.34608459472656, 115.76402282714844, 109.58821105957031, 107.23091125488281, 109.45881652832031, 111.17668151855469, 103.5337142944336, 105.61649322509766, 100.66459655761719, 97.30062103271484, 100.33900451660156, 100.94755554199219, 98.51118469238281, 103.39859771728516, 101.83494567871094, 100.06890869140625, 99.55838775634766, 98.75129699707031, 92.30427551269531, 99.72962188720703, 91.15486907958984, 92.7598648071289, 85.48165130615234, 89.53614807128906, 90.31656646728516, 87.63603973388672, 80.12688446044922, 84.65052795410156, 69.33233642578125, 68.78204345703125, 78.47480773925781, 69.20757293701172, 72.89472961425781, 76.46749877929688, 73.97102355957031, 74.8302230834961, 78.05233001708984, 81.40523529052734, 77.909912109375, 77.92583465576172, 66.58924865722656, 73.36030578613281, 78.57489013671875, 77.99468994140625, 67.17413330078125, 75.645263671875, 70.42479705810547, 70.35467529296875, 75.21768951416016, 65.13716125488281, 66.0517578125, 64.21632385253906, 59.1005744934082, 60.91090774536133, 67.8131332397461, 67.44679260253906, 66.6489486694336, 61.3024787902832, 57.04558181762695, 56.75011444091797, 53.2198371887207, 53.279945373535156, 53.179443359375, 54.85283279418945, 50.93236541748047, 52.638465881347656, 43.46461868286133, 40.761985778808594, 38.78219985961914, 39.39423370361328, 38.18994140625, 37.51726531982422, 34.51132583618164, 32.64858627319336, 29.931716918945312, 30.206554412841797, 25.631305694580078, 28.937158584594727, 26.010156631469727, 25.956806182861328, 23.30990982055664, 25.474834442138672, 22.41118812561035, 24.765287399291992, 22.893762588500977, 23.319915771484375, 21.669307708740234, 19.50813865661621, 19.419958114624023, 17.16158103942871, 15.604693412780762, 13.577844619750977, 13.886474609375, 12.467193603515625, 10.174976348876953, 7.2450666427612305, 6.469473361968994, 5.1589250564575195], "var": [7.152171611785889, 18.651777267456055, 25.789501190185547, 3.9751737117767334, 8.197543144226074, 19.149776458740234, 6.226553916931152, 13.584784507751465, 16.69127082824707, 11.23022747039795, 11.806941032409668, 7.241326332092285, 5.341901779174805, 4.6377854347229, 11.670068740844727, 8.523055076599121, 4.031726360321045, 7.498874664306641, 27.40877342224121, 7.000047206878662, 15.20720386505127, 16.866682052612305, 20.236007690429688, 28.87779998779297, 8.497994422912598, 18.388660430908203, 11.597708702087402, 56.16190719604492, 7.796873569488525, 18.544198989868164, 30.813791275024414, 18.553905487060547, 13.654138565063477, 37.56388854980469, 37.09172821044922, 34.1357536315918, 17.864789962768555, 27.9002685546875, 18.776273727416992, 66.36878967285156, 16.6873836517334, 44.60324478149414, 50.45814514160156, 46.97792434692383, 19.374004364013672, 51.662879943847656, 67.75608825683594, 27.744720458984375, 49.29219436645508, 49.12303161621094, 20.78472328186035, 33.920284271240234, 56.48522186279297, 21.576547622680664, 54.45649719238281, 12.348687171936035, 24.274282455444336, 54.657772064208984, 18.697473526000977, 27.903926849365234, 132.3170623779297, 111.79032135009766, 99.14988708496094, 34.4412841796875, 208.40728759765625, 71.05562591552734, 51.926490783691406, 7.894926071166992, 31.25482940673828, 75.5894546508789, 134.45840454101562, 19.373029708862305, 85.43756103515625, 134.8752899169922, 181.22140502929688, 223.03250122070312, 59.0200080871582, 126.03174591064453, 119.7929916381836, 102.08480834960938, 99.23590850830078, 119.09442138671875, 102.58441162109375, 141.47862243652344, 96.90910339355469, 27.34623146057129, 74.74526977539062, 31.85101318359375, 45.22943878173828, 16.931129455566406, 26.09075355529785, 42.3788948059082, 37.769432067871094, 9.852361679077148, 6.295585632324219, 9.53466796875, 10.599929809570312, 14.17360782623291, 9.868650436401367, 10.782182693481445, 14.335824012756348, 3.011244058609009, 5.637362003326416, 2.4333267211914062, 4.043574333190918, 2.93096923828125, 5.533064365386963, 2.7191898822784424, 6.337730407714844, 3.059048652648926, 2.0468661785125732, 3.1509058475494385, 2.5639305114746094, 4.317810535430908, 3.624399423599243, 2.2598342895507812, 1.5478813648223877, 1.8856945037841797, 1.1473362445831299, 1.2075291872024536, 1.305830955505371, 0.44903814792633057, 0.2744733989238739, 1.1538177728652954, 0.4516139328479767], "true": [120.0, 120.0, 120.0, 120.0, 120.0, 119.0, 118.0, 117.0, 116.0, 115.0, 114.0, 113.0, 112.0, 111.0, 110.0, 109.0, 108.0, 107.0, 106.0, 105.0, 104.0, 103.0, 102.0, 101.0, 100.0, 99.0, 98.0, 97.0, 96.0, 95.0, 94.0, 93.0, 92.0, 91.0, 90.0, 89.0, 88.0, 87.0, 86.0, 85.0, 84.0, 83.0, 82.0, 81.0, 80.0, 79.0, 78.0, 77.0, 76.0, 75.0, 74.0, 73.0, 72.0, 71.0, 70.0, 69.0, 68.0, 67.0, 66.0, 65.0, 64.0, 63.0, 62.0, 61.0, 60.0, 59.0, 58.0, 57.0, 56.0, 55.0, 54.0, 53.0, 52.0, 51.0, 50.0, 49.0, 48.0, 47.0, 46.0, 45.0, 44.0, 43.0, 42.0, 41.0, 40.0, 39.0, 38.0, 37.0, 36.0, 35.0, 34.0, 33.0, 32.0, 31.0, 30.0, 29.0, 28.0, 27.0, 26.0, 25.0, 24.0, 23.0, 22.0, 21.0, 20.0, 19.0, 18.0, 17.0, 16.0, 15.0, 14.0, 13.0, 12.0, 11.0, 10.0, 9.0, 8.0, 7.0, 6.0, 5.0, 4.0, 3.0, 2.0, 1.0, 0.0], "RMSE": 14.65}