{"mean": [129.72671508789062, 137.43804931640625, 126.77579498291016, 127.86895751953125, 128.76718139648438, 131.62887573242188, 131.11605834960938, 136.16482543945312, 130.8059539794922, 127.98504638671875, 140.67027282714844, 134.71768188476562, 125.81485748291016, 141.4861602783203, 127.51729583740234, 140.13906860351562, 136.45840454101562, 127.35087585449219, 136.853515625, 138.5517120361328, 129.34896850585938, 137.360107421875, 127.73883056640625, 134.08673095703125, 127.99853515625, 137.39381408691406, 127.21403503417969, 140.75332641601562, 137.97291564941406, 129.19517517089844, 126.7181625366211, 119.63258361816406, 124.65824890136719, 123.36688232421875, 123.15118408203125, 136.62503051757812, 124.24400329589844, 125.74666595458984, 128.46463012695312, 119.36572265625, 126.3498306274414, 124.1491928100586, 115.0164566040039, 130.83023071289062, 124.88700866699219, 111.78532409667969, 113.39517974853516, 105.7886734008789, 120.6784439086914, 124.78480529785156, 120.99635314941406, 118.0416488647461, 120.34178161621094, 111.76375579833984, 122.17623138427734, 104.71458435058594, 98.74596405029297, 102.18507385253906, 114.03846740722656, 113.2365951538086, 100.89089965820312, 111.65484619140625, 97.07444763183594, 116.5598373413086, 64.0001220703125, 80.00475311279297, 76.58134460449219, 83.64421081542969, 81.75667572021484, 86.4579849243164, 63.567543029785156, 72.61862182617188, 87.65934753417969, 71.02127838134766, 95.26116943359375, 61.625831604003906, 76.22828674316406, 79.83998107910156, 64.5351791381836, 67.75825500488281, 70.02186584472656, 65.34678649902344, 62.43080520629883, 63.458099365234375, 67.72273254394531, 61.4795036315918, 72.31031799316406, 53.2734375, 49.45352554321289, 49.14257049560547, 47.01192855834961, 46.023170471191406, 60.58339309692383, 50.516563415527344, 43.70094680786133, 52.591529846191406, 42.317665100097656, 40.27442169189453, 48.864288330078125, 42.768470764160156, 41.10236358642578, 31.260723114013672, 33.77052688598633, 33.181434631347656, 27.423986434936523, 33.144554138183594, 21.591793060302734, 26.337533950805664, 29.351598739624023, 30.52371597290039, 34.39019012451172, 26.279895782470703, 27.687053680419922, 29.86028480529785, 28.359817504882812, 26.40899085998535, 23.66594123840332, 13.595090866088867, 21.336990356445312, 18.872060775756836, 23.828540802001953, 20.491586685180664, 18.296825408935547, 12.869511604309082, 5.824770927429199, 12.495294570922852], "var": [18.574481964111328, 7.018153667449951, 13.235068321228027, 45.771400451660156, 19.5598201751709, 20.35079002380371, 5.861464500427246, 9.069717407226562, 21.557661056518555, 25.806501388549805, 11.690191268920898, 4.995418548583984, 28.37926483154297, 11.207429885864258, 12.077119827270508, 4.557106018066406, 8.618938446044922, 16.813663482666016, 10.883336067199707, 4.0027265548706055, 17.451955795288086, 13.6797513961792, 12.902207374572754, 20.868927001953125, 11.242643356323242, 10.296162605285645, 20.46308708190918, 7.423181056976318, 6.505825996398926, 26.143787384033203, 11.157232284545898, 16.99112892150879, 36.64870834350586, 10.700211524963379, 15.643946647644043, 21.696596145629883, 48.73148727416992, 26.355911254882812, 21.028236389160156, 36.252685546875, 22.129446029663086, 17.53300666809082, 31.59404945373535, 17.273176193237305, 39.00503921508789, 87.85092163085938, 178.04734802246094, 308.37158203125, 46.51282501220703, 22.559186935424805, 43.2463493347168, 29.504499435424805, 47.43342208862305, 44.1659049987793, 69.36894226074219, 134.1165313720703, 169.9173583984375, 213.38697814941406, 149.338623046875, 64.44940948486328, 310.6278381347656, 98.79830169677734, 215.40106201171875, 93.1912841796875, 75.32829284667969, 183.05702209472656, 195.1219024658203, 141.32118225097656, 255.6842041015625, 330.7154235839844, 96.91184997558594, 268.1700134277344, 257.8064880371094, 43.41423797607422, 363.1467590332031, 69.37709045410156, 98.35967254638672, 162.62744140625, 39.63383102416992, 109.42145538330078, 161.5885467529297, 53.17815017700195, 77.4263916015625, 75.36016845703125, 116.69058990478516, 62.86955642700195, 151.06076049804688, 14.474947929382324, 28.04285430908203, 43.98720932006836, 37.31679153442383, 21.89313507080078, 129.37120056152344, 43.72092056274414, 10.967673301696777, 38.83293151855469, 30.34385108947754, 15.813928604125977, 26.161081314086914, 43.140602111816406, 14.133938789367676, 13.179231643676758, 7.394634246826172, 8.82764720916748, 2.930467128753662, 7.719707012176514, 2.281748056411743, 8.3759126663208, 6.951383113861084, 4.824928283691406, 10.829456329345703, 3.395761251449585, 4.159174919128418, 10.930502891540527, 1.6449668407440186, 4.183084964752197, 2.912954807281494, 1.297851324081421, 1.7949813604354858, 3.2344810962677, 3.0178306102752686, 3.5813803672790527, 5.784636497497559, 0.977451741695404, 1.3692216873168945, 0.5749210715293884], "true": [120.0, 120.0, 120.0, 120.0, 120.0, 120.0, 119.0, 118.0, 117.0, 116.0, 115.0, 114.0, 113.0, 112.0, 111.0, 110.0, 109.0, 108.0, 107.0, 106.0, 105.0, 104.0, 103.0, 102.0, 101.0, 100.0, 99.0, 98.0, 97.0, 96.0, 95.0, 94.0, 93.0, 92.0, 91.0, 90.0, 89.0, 88.0, 87.0, 86.0, 85.0, 84.0, 83.0, 82.0, 81.0, 80.0, 79.0, 78.0, 77.0, 76.0, 75.0, 74.0, 73.0, 72.0, 71.0, 70.0, 69.0, 68.0, 67.0, 66.0, 65.0, 64.0, 63.0, 62.0, 61.0, 60.0, 59.0, 58.0, 57.0, 56.0, 55.0, 54.0, 53.0, 52.0, 51.0, 50.0, 49.0, 48.0, 47.0, 46.0, 45.0, 44.0, 43.0, 42.0, 41.0, 40.0, 39.0, 38.0, 37.0, 36.0, 35.0, 34.0, 33.0, 32.0, 31.0, 30.0, 29.0, 28.0, 27.0, 26.0, 25.0, 24.0, 23.0, 22.0, 21.0, 20.0, 19.0, 18.0, 17.0, 16.0, 15.0, 14.0, 13.0, 12.0, 11.0, 10.0, 9.0, 8.0, 7.0, 6.0, 5.0, 4.0, 3.0, 2.0, 1.0, 0.0], "RMSE": 27.46}