{"mean": [134.48977661132812, 132.28260803222656, 132.15713500976562, 133.92083740234375, 131.55386352539062, 135.8185577392578, 132.25881958007812, 130.2631378173828, 130.98121643066406, 131.46678161621094, 123.86882019042969, 128.52574157714844, 130.43576049804688, 131.25177001953125, 132.2518768310547, 133.04208374023438, 131.36489868164062, 129.248046875, 128.28836059570312, 128.07191467285156, 131.15350341796875, 124.5897216796875, 126.3575668334961, 122.484130859375, 128.18084716796875, 129.74412536621094, 128.04171752929688, 121.86631774902344, 122.80790710449219, 122.03153228759766, 123.23860931396484, 123.20831298828125, 121.63630676269531, 124.61800384521484, 114.0135726928711, 112.9230728149414, 120.05143737792969, 119.4167709350586, 123.57537841796875, 112.04176330566406, 115.02691650390625, 118.1142349243164, 121.92536926269531, 117.21087646484375, 113.5526351928711, 105.81993103027344, 108.77922058105469, 111.8888168334961, 106.25541687011719, 114.05769348144531, 99.60404968261719, 107.955322265625, 95.60515594482422, 106.4602279663086, 103.6691665649414, 93.3360824584961, 94.92832946777344, 94.34740447998047, 99.39713287353516, 98.09481048583984, 76.73888397216797, 82.43265533447266, 80.42571258544922, 76.36628723144531, 78.15357971191406, 81.65550994873047, 81.01304626464844, 75.94331359863281, 74.14485168457031, 66.47869873046875, 65.08138275146484, 72.95188903808594, 65.50506591796875, 67.09647369384766, 62.4312629699707, 64.32249450683594, 62.825927734375, 59.80706024169922, 53.427711486816406, 56.52172088623047, 57.3721809387207, 49.45305252075195, 54.17030715942383, 51.98695755004883, 51.326515197753906, 51.26026153564453, 47.14563751220703, 50.766727447509766, 47.18315124511719, 49.5858039855957, 49.020484924316406, 43.821990966796875, 42.57724380493164, 43.519073486328125, 41.056800842285156, 40.9794807434082, 37.47015380859375, 36.944644927978516, 36.17696762084961, 35.29164505004883, 36.76294708251953, 36.09702682495117, 34.680355072021484, 32.4034423828125, 31.66251564025879, 32.31239318847656, 31.32621192932129, 31.405954360961914, 29.000118255615234, 31.093212127685547, 27.72897720336914, 27.65732192993164, 26.565866470336914, 25.424711227416992, 22.873950958251953, 23.721200942993164, 19.766881942749023, 18.779953002929688, 19.289623260498047, 17.028730392456055, 15.794038772583008, 16.049793243408203, 14.110952377319336, 12.635847091674805, 12.794981002807617], "var": [6.618843078613281, 16.452045440673828, 9.039962768554688, 3.3247478008270264, 5.965708255767822, 14.458759307861328, 11.238692283630371, 21.235509872436523, 20.5234375, 10.299247741699219, 48.87958526611328, 12.618639945983887, 25.029064178466797, 4.809658527374268, 16.519678115844727, 10.77696704864502, 15.98422908782959, 10.179778099060059, 33.5232048034668, 42.23894500732422, 20.628738403320312, 26.441299438476562, 23.17449378967285, 38.83359909057617, 4.689115524291992, 4.166168212890625, 22.225915908813477, 27.43695831298828, 10.296428680419922, 27.068944931030273, 31.647228240966797, 40.33971405029297, 27.800329208374023, 30.41056251525879, 55.540931701660156, 96.6191177368164, 56.3492546081543, 40.06236267089844, 8.590941429138184, 57.48472213745117, 42.59812545776367, 88.25023651123047, 76.03140258789062, 91.10556030273438, 51.27366638183594, 111.30719757080078, 70.40229034423828, 101.8877944946289, 95.70219421386719, 38.5167350769043, 163.9466552734375, 121.71305084228516, 236.6261444091797, 74.26692962646484, 142.0618896484375, 139.29713439941406, 69.89060974121094, 222.21531677246094, 181.61520385742188, 154.93893432617188, 67.82450866699219, 247.5944366455078, 133.52870178222656, 194.467041015625, 189.3732147216797, 115.6842041015625, 179.62832641601562, 112.7813720703125, 311.82623291015625, 113.03994750976562, 91.71273803710938, 43.46588897705078, 51.141944885253906, 149.6183624267578, 80.91386413574219, 102.99667358398438, 79.7775650024414, 47.972564697265625, 24.48014259338379, 86.73401641845703, 29.849300384521484, 139.44419860839844, 33.10914993286133, 30.043611526489258, 116.62324523925781, 67.7895736694336, 12.498753547668457, 21.530048370361328, 19.41362762451172, 21.658220291137695, 28.066654205322266, 9.961227416992188, 8.078949928283691, 6.619053363800049, 13.65665054321289, 13.827569007873535, 5.560866832733154, 11.392341613769531, 2.666753053665161, 7.630392074584961, 16.870864868164062, 4.403591632843018, 3.831193208694458, 8.366067886352539, 2.5850741863250732, 4.912914752960205, 4.825162410736084, 6.093855381011963, 1.2344348430633545, 2.7246437072753906, 1.6439650058746338, 4.978808403015137, 6.0999884605407715, 1.5066792964935303, 2.606505870819092, 3.8723368644714355, 2.920027017593384, 1.7716079950332642, 4.320248603820801, 1.592881202697754, 0.525804340839386, 4.594570636749268, 1.3642953634262085, 1.376599669456482, 1.4260454177856445], "true": [120.0, 120.0, 120.0, 120.0, 120.0, 119.0, 118.0, 117.0, 116.0, 115.0, 114.0, 113.0, 112.0, 111.0, 110.0, 109.0, 108.0, 107.0, 106.0, 105.0, 104.0, 103.0, 102.0, 101.0, 100.0, 99.0, 98.0, 97.0, 96.0, 95.0, 94.0, 93.0, 92.0, 91.0, 90.0, 89.0, 88.0, 87.0, 86.0, 85.0, 84.0, 83.0, 82.0, 81.0, 80.0, 79.0, 78.0, 77.0, 76.0, 75.0, 74.0, 73.0, 72.0, 71.0, 70.0, 69.0, 68.0, 67.0, 66.0, 65.0, 64.0, 63.0, 62.0, 61.0, 60.0, 59.0, 58.0, 57.0, 56.0, 55.0, 54.0, 53.0, 52.0, 51.0, 50.0, 49.0, 48.0, 47.0, 46.0, 45.0, 44.0, 43.0, 42.0, 41.0, 40.0, 39.0, 38.0, 37.0, 36.0, 35.0, 34.0, 33.0, 32.0, 31.0, 30.0, 29.0, 28.0, 27.0, 26.0, 25.0, 24.0, 23.0, 22.0, 21.0, 20.0, 19.0, 18.0, 17.0, 16.0, 15.0, 14.0, 13.0, 12.0, 11.0, 10.0, 9.0, 8.0, 7.0, 6.0, 5.0, 4.0, 3.0, 2.0, 1.0, 0.0], "RMSE": 21.01}