{"mean": [124.10359191894531, 124.0468978881836, 123.39605712890625, 123.33488464355469, 123.767822265625, 123.04046630859375, 123.00270080566406, 121.73673248291016, 124.4725112915039, 123.15470123291016, 122.2666244506836, 123.61048889160156, 123.34212493896484, 123.8938980102539, 124.18214416503906, 124.2056655883789, 123.40362548828125, 123.84112548828125, 123.2858657836914, 123.42449951171875, 123.17536926269531, 123.88204193115234, 124.61448669433594, 123.2707748413086, 122.48600769042969, 121.96128845214844, 122.1910171508789, 121.62322998046875, 121.4069595336914, 122.16471862792969, 120.83455657958984, 121.06075286865234, 120.8301773071289, 119.83184814453125, 120.69142150878906, 119.52156066894531, 119.7204818725586, 119.30827331542969, 118.6524429321289, 119.28404235839844, 120.67491149902344, 120.51707458496094, 120.41583251953125, 120.6185302734375, 119.1812973022461, 118.4395751953125, 119.5838623046875, 116.5562744140625, 115.52012634277344, 113.63897705078125, 112.34870910644531, 109.21333312988281, 107.80029296875, 100.97097778320312, 97.80723571777344, 87.01719665527344, 88.51597595214844, 88.12467956542969, 82.06501007080078, 83.47416687011719, 86.08807373046875, 84.31364440917969, 83.39378356933594, 85.95918273925781, 85.9999008178711, 81.28553771972656, 82.55059814453125, 85.964111328125, 82.32240295410156, 83.06653594970703, 82.57479858398438, 78.42839050292969, 75.91204071044922, 71.56378936767578, 67.68090057373047, 65.3569564819336, 66.64381408691406, 60.90729904174805, 58.343963623046875, 56.17484664916992, 55.06755447387695, 52.225868225097656, 46.880126953125, 44.9329719543457, 43.39959716796875, 40.250282287597656, 39.1961669921875, 37.29259490966797, 37.5298957824707, 36.16749954223633, 33.826683044433594, 33.896663665771484, 34.03821563720703, 33.306671142578125, 32.488346099853516, 30.52029800415039, 29.964107513427734, 30.898792266845703, 29.050785064697266, 27.444866180419922, 26.9019718170166, 25.922252655029297, 25.527780532836914, 23.928157806396484, 23.970483779907227, 22.600435256958008, 20.575403213500977, 19.510211944580078, 18.025798797607422, 16.429243087768555, 15.36780071258545, 14.808420181274414, 13.438140869140625, 12.520184516906738, 11.903342247009277, 10.469087600708008, 9.203903198242188, 8.147430419921875, 7.200948238372803, 5.822340965270996, 4.996060371398926, 3.6871166229248047, 2.8614516258239746, 2.3272180557250977, 1.0252176523208618, 0.26664096117019653], "var": [9.966585159301758, 5.81382417678833, 13.144906997680664, 6.291371822357178, 8.747703552246094, 13.172603607177734, 4.714145660400391, 12.787805557250977, 6.150089740753174, 4.301351070404053, 11.209348678588867, 7.354893684387207, 7.745302677154541, 12.03325080871582, 8.087960243225098, 3.586780548095703, 4.048664093017578, 7.212766647338867, 4.46847677230835, 8.118203163146973, 5.614201545715332, 11.11862564086914, 6.440491676330566, 9.134817123413086, 9.373688697814941, 9.223392486572266, 11.059028625488281, 13.503398895263672, 4.475257396697998, 13.046042442321777, 6.212267875671387, 10.833613395690918, 9.180634498596191, 11.169798851013184, 14.139301300048828, 10.564003944396973, 9.44080924987793, 4.496197700500488, 16.238988876342773, 9.880501747131348, 11.816649436950684, 9.034286499023438, 10.649099349975586, 16.38138771057129, 18.155900955200195, 12.926579475402832, 17.146900177001953, 22.85445785522461, 32.69536590576172, 45.36647033691406, 53.5737419128418, 53.00590896606445, 66.48846435546875, 60.257442474365234, 112.5215835571289, 47.890625, 54.46782684326172, 45.363460540771484, 87.50020599365234, 67.578857421875, 67.7229995727539, 81.6703872680664, 54.905853271484375, 53.08481216430664, 51.59537124633789, 42.813106536865234, 19.359460830688477, 67.28520202636719, 43.098297119140625, 14.496939659118652, 43.959083557128906, 25.36568260192871, 34.86565399169922, 8.06022834777832, 13.676855087280273, 16.26947784423828, 87.28778839111328, 17.856990814208984, 11.421891212463379, 19.883665084838867, 20.256778717041016, 9.783843994140625, 14.47231388092041, 11.008729934692383, 9.88206958770752, 5.064082622528076, 7.141327857971191, 7.713740348815918, 7.031548976898193, 3.349703788757324, 6.284257411956787, 7.706528186798096, 8.34387493133545, 6.842346668243408, 3.40385365486145, 3.302370309829712, 2.061007499694824, 5.180808067321777, 4.0611467361450195, 5.498988151550293, 4.106860637664795, 3.611640691757202, 3.4055495262145996, 1.4300062656402588, 3.373493194580078, 4.695376396179199, 2.471571207046509, 2.106433153152466, 3.0793042182922363, 1.931863784790039, 1.5108332633972168, 0.6790773868560791, 1.4210689067840576, 1.2883498668670654, 1.688866376876831, 0.6393052935600281, 0.7573820948600769, 0.6999855637550354, 1.220528244972229, 1.1952111721038818, 0.5371596217155457, 0.6175039410591125, 0.9284752607345581, 0.6293087601661682, 0.35538995265960693, 0.5836150050163269], "true": [120.0, 120.0, 120.0, 120.0, 120.0, 120.0, 119.0, 118.0, 117.0, 116.0, 115.0, 114.0, 113.0, 112.0, 111.0, 110.0, 109.0, 108.0, 107.0, 106.0, 105.0, 104.0, 103.0, 102.0, 101.0, 100.0, 99.0, 98.0, 97.0, 96.0, 95.0, 94.0, 93.0, 92.0, 91.0, 90.0, 89.0, 88.0, 87.0, 86.0, 85.0, 84.0, 83.0, 82.0, 81.0, 80.0, 79.0, 78.0, 77.0, 76.0, 75.0, 74.0, 73.0, 72.0, 71.0, 70.0, 69.0, 68.0, 67.0, 66.0, 65.0, 64.0, 63.0, 62.0, 61.0, 60.0, 59.0, 58.0, 57.0, 56.0, 55.0, 54.0, 53.0, 52.0, 51.0, 50.0, 49.0, 48.0, 47.0, 46.0, 45.0, 44.0, 43.0, 42.0, 41.0, 40.0, 39.0, 38.0, 37.0, 36.0, 35.0, 34.0, 33.0, 32.0, 31.0, 30.0, 29.0, 28.0, 27.0, 26.0, 25.0, 24.0, 23.0, 22.0, 21.0, 20.0, 19.0, 18.0, 17.0, 16.0, 15.0, 14.0, 13.0, 12.0, 11.0, 10.0, 9.0, 8.0, 7.0, 6.0, 5.0, 4.0, 3.0, 2.0, 1.0, 0.0]}