{"mean": [119.68620300292969, 117.97174072265625, 120.75113677978516, 119.67293548583984, 119.4154052734375, 119.54588317871094, 117.79781341552734, 120.56739807128906, 117.6868896484375, 118.05912017822266, 119.85594177246094, 120.25537109375, 118.45445251464844, 120.06339263916016, 119.18704986572266, 120.4133071899414, 120.13560485839844, 120.92279052734375, 120.3243179321289, 118.48868560791016, 121.2548828125, 119.08544921875, 119.0299072265625, 118.07392883300781, 118.35600280761719, 118.7284927368164, 120.25117492675781, 120.08377838134766, 118.00627136230469, 118.81028747558594, 119.98820495605469, 116.9195785522461, 118.6041259765625, 113.44709777832031, 115.18815612792969, 117.0283432006836, 111.27525329589844, 110.06233215332031, 103.61354064941406, 106.56131744384766, 106.48490905761719, 105.5475082397461, 103.49906158447266, 100.75973510742188, 102.94071960449219, 103.01444244384766, 103.92143249511719, 98.23038482666016, 96.30104064941406, 93.9182357788086, 87.08779907226562, 89.23751068115234, 88.20179748535156, 81.40547943115234, 81.94905090332031, 79.09275817871094, 72.83567810058594, 75.56761169433594, 76.41807556152344, 69.33403015136719, 73.06289672851562, 66.99562072753906, 65.02368927001953, 70.93268585205078, 58.584007263183594, 56.534881591796875, 52.10178756713867, 54.09217071533203, 59.939613342285156, 61.7742805480957, 68.11174011230469, 67.42005157470703, 69.53475189208984, 65.37135314941406, 76.22319030761719, 64.39324951171875, 76.19029998779297, 64.25448608398438, 61.623130798339844, 60.29560470581055, 50.23421096801758, 58.45412063598633, 49.31965255737305, 52.75531768798828, 47.59723663330078, 45.620582580566406, 53.127464294433594, 47.92253875732422, 51.527618408203125, 54.06310272216797, 50.158084869384766, 48.882904052734375, 49.4500846862793, 48.20838928222656, 45.67167282104492, 43.46493911743164, 40.17726135253906, 42.26735305786133, 37.934165954589844, 36.21188735961914, 34.91179656982422, 35.427581787109375, 33.68729782104492, 33.23992919921875, 28.010595321655273, 28.515125274658203, 26.749425888061523, 25.381399154663086, 26.70821762084961, 23.342737197875977, 23.031484603881836, 21.929452896118164, 17.74521827697754, 16.924198150634766, 19.174592971801758, 17.509132385253906, 17.910812377929688, 15.655744552612305, 16.226787567138672, 13.560562133789062, 10.072430610656738, 8.561716079711914, 6.2878289222717285, 4.395378112792969, 2.7011890411376953], "var": [6.251182556152344, 11.481410026550293, 13.847184181213379, 9.234278678894043, 21.030899047851562, 4.446455955505371, 17.004920959472656, 4.472903251647949, 16.021406173706055, 24.015241622924805, 9.318718910217285, 5.44910192489624, 5.657670021057129, 18.154281616210938, 16.209144592285156, 17.726356506347656, 6.0440897941589355, 10.440499305725098, 12.18173599243164, 19.58409309387207, 12.597098350524902, 7.35057258605957, 6.5734543800354, 14.770927429199219, 8.404891967773438, 12.118912696838379, 5.850289821624756, 5.917422294616699, 9.232047080993652, 17.528650283813477, 13.2747802734375, 20.80288314819336, 10.915689468383789, 42.26772689819336, 27.80452537536621, 14.0361967086792, 91.64683532714844, 17.81052017211914, 65.09994506835938, 72.20155334472656, 34.509822845458984, 46.48539352416992, 18.744733810424805, 52.71274185180664, 54.167694091796875, 69.58837890625, 50.4962272644043, 59.81220245361328, 26.696748733520508, 36.830963134765625, 32.67902374267578, 36.70487976074219, 77.66331481933594, 26.99991798400879, 82.14092254638672, 103.63268280029297, 45.39125442504883, 100.567626953125, 159.53756713867188, 48.388484954833984, 111.24833679199219, 21.025625228881836, 47.135013580322266, 76.08987426757812, 19.73736572265625, 26.543045043945312, 12.086443901062012, 12.417765617370605, 19.960859298706055, 35.22212600708008, 37.947059631347656, 75.60842895507812, 71.18328094482422, 74.15673065185547, 74.60411834716797, 97.2750473022461, 127.67195892333984, 134.91665649414062, 75.48524475097656, 48.88363265991211, 16.24520492553711, 55.68096923828125, 62.627769470214844, 16.10645294189453, 9.838398933410645, 10.516164779663086, 30.14632225036621, 21.73621940612793, 28.085832595825195, 48.666194915771484, 33.4954948425293, 4.365976333618164, 12.010522842407227, 11.840651512145996, 5.044538974761963, 6.113795757293701, 6.564151287078857, 7.532103061676025, 1.0521845817565918, 2.616485357284546, 1.8533467054367065, 3.9399056434631348, 4.224264621734619, 2.2701199054718018, 0.9319553971290588, 1.0283381938934326, 2.1071317195892334, 1.5185304880142212, 0.8050493001937866, 0.5333425402641296, 1.480611801147461, 1.0606520175933838, 1.6101115942001343, 2.3669378757476807, 1.8574920892715454, 0.8644189238548279, 2.0729188919067383, 2.081976890563965, 0.963771402835846, 0.11953415721654892, 0.4674714505672455, 0.885987401008606, 0.541825532913208, 0.4248913526535034, 0.18788713216781616], "true": [120.0, 120.0, 120.0, 120.0, 120.0, 119.0, 118.0, 117.0, 116.0, 115.0, 114.0, 113.0, 112.0, 111.0, 110.0, 109.0, 108.0, 107.0, 106.0, 105.0, 104.0, 103.0, 102.0, 101.0, 100.0, 99.0, 98.0, 97.0, 96.0, 95.0, 94.0, 93.0, 92.0, 91.0, 90.0, 89.0, 88.0, 87.0, 86.0, 85.0, 84.0, 83.0, 82.0, 81.0, 80.0, 79.0, 78.0, 77.0, 76.0, 75.0, 74.0, 73.0, 72.0, 71.0, 70.0, 69.0, 68.0, 67.0, 66.0, 65.0, 64.0, 63.0, 62.0, 61.0, 60.0, 59.0, 58.0, 57.0, 56.0, 55.0, 54.0, 53.0, 52.0, 51.0, 50.0, 49.0, 48.0, 47.0, 46.0, 45.0, 44.0, 43.0, 42.0, 41.0, 40.0, 39.0, 38.0, 37.0, 36.0, 35.0, 34.0, 33.0, 32.0, 31.0, 30.0, 29.0, 28.0, 27.0, 26.0, 25.0, 24.0, 23.0, 22.0, 21.0, 20.0, 19.0, 18.0, 17.0, 16.0, 15.0, 14.0, 13.0, 12.0, 11.0, 10.0, 9.0, 8.0, 7.0, 6.0, 5.0, 4.0, 3.0, 2.0, 1.0, 0.0], "RMSE": 14.52}