{"mean": [115.52811431884766, 116.22224426269531, 116.0043716430664, 117.53968811035156, 117.17018127441406, 118.51332092285156, 119.78703308105469, 113.95369720458984, 114.7468490600586, 115.81428527832031, 114.86930084228516, 115.7613754272461, 115.13801574707031, 114.3197021484375, 112.9652328491211, 113.2296142578125, 105.69427490234375, 109.67030334472656, 107.80250549316406, 106.4813461303711, 110.05171203613281, 107.70755767822266, 106.51789855957031, 99.34152221679688, 103.43025970458984, 104.37931823730469, 104.31132507324219, 102.88777160644531, 106.57670593261719, 109.3606948852539, 112.37812805175781, 107.94252014160156, 108.34625244140625, 103.76519775390625, 98.86042022705078, 102.6958999633789, 106.8442611694336, 107.7392578125, 110.79838562011719, 107.1132583618164, 105.32106018066406, 101.45612335205078, 98.9361572265625, 93.69792938232422, 95.92710876464844, 100.4437484741211, 101.21329498291016, 102.86905670166016, 97.95824432373047, 91.08401489257812, 93.72942352294922, 77.2950668334961, 66.6083755493164, 75.22630310058594, 75.53581237792969, 73.72932434082031, 78.28629302978516, 75.19886779785156, 76.35328674316406, 76.39032745361328, 69.73108673095703, 68.24514770507812, 58.93015670776367, 61.2220458984375, 61.17856979370117, 58.809547424316406, 59.53995895385742, 56.5882453918457, 55.750244140625, 52.77088165283203, 53.25801467895508, 48.6578254699707, 47.0678596496582, 47.069923400878906, 51.832069396972656, 52.47185516357422, 48.21885299682617, 47.91203308105469, 49.544578552246094, 45.31842041015625, 46.700889587402344, 45.303260803222656, 46.28840637207031, 46.531089782714844, 46.07215118408203, 41.759883880615234, 46.04948425292969, 43.164161682128906, 40.026123046875, 38.033599853515625, 37.6364860534668, 35.62239456176758, 34.6373176574707, 38.25347137451172, 38.349037170410156, 39.090633392333984, 36.57756805419922, 32.89072799682617, 35.61022186279297, 34.317115783691406, 29.193660736083984, 29.122350692749023, 33.7603645324707, 30.613073348999023, 29.0926570892334, 26.58164405822754, 24.100404739379883, 25.153776168823242, 23.22554588317871, 22.46987533569336, 19.64376449584961, 18.570480346679688, 18.837528228759766, 15.14723014831543, 16.03640365600586, 15.068300247192383, 14.677932739257812, 12.59446907043457, 8.964832305908203, 9.673688888549805, 7.271936893463135, 4.876022815704346, 3.3559718132019043, 3.3289005756378174, 2.7236545085906982, 1.9285202026367188, 1.4948705434799194], "var": [13.371025085449219, 18.53287696838379, 31.37413215637207, 21.327821731567383, 18.027721405029297, 13.875243186950684, 35.84580993652344, 20.68903160095215, 16.15419578552246, 56.30350112915039, 9.127401351928711, 21.675899505615234, 16.53043556213379, 5.807489395141602, 28.47723388671875, 34.82074737548828, 34.18339157104492, 55.869232177734375, 38.491363525390625, 52.924598693847656, 40.60670471191406, 67.85458374023438, 62.349388122558594, 16.216087341308594, 57.24224853515625, 28.862285614013672, 36.76842498779297, 65.07670593261719, 49.89022445678711, 33.271583557128906, 46.61442184448242, 63.17862319946289, 52.93326187133789, 80.6871337890625, 82.0826187133789, 67.62675476074219, 90.95567321777344, 110.9074935913086, 21.058046340942383, 52.83655548095703, 58.57855224609375, 75.01227569580078, 47.34636306762695, 104.6478271484375, 99.34397888183594, 68.27176666259766, 93.74356079101562, 41.62818145751953, 49.162662506103516, 131.1569061279297, 194.0233154296875, 121.43525695800781, 10.705877304077148, 120.68148803710938, 82.6845474243164, 58.72991180419922, 63.003658294677734, 43.811180114746094, 77.46931457519531, 57.93517303466797, 23.806745529174805, 76.70172119140625, 19.220869064331055, 21.09703826904297, 14.312469482421875, 22.361154556274414, 22.877059936523438, 23.400470733642578, 21.12395668029785, 16.718984603881836, 6.9125752449035645, 12.073165893554688, 13.17347240447998, 14.196036338806152, 4.855517387390137, 19.9478702545166, 7.629841327667236, 6.131936550140381, 9.640120506286621, 7.01259183883667, 10.55889892578125, 7.938628673553467, 6.565952301025391, 29.066089630126953, 4.441927909851074, 10.657671928405762, 5.065663814544678, 2.470086097717285, 2.7861790657043457, 3.770664930343628, 5.233631134033203, 3.3245954513549805, 2.3694610595703125, 3.8749797344207764, 7.927490711212158, 1.9638035297393799, 1.610764741897583, 8.880623817443848, 1.7760181427001953, 3.7811119556427, 1.1084989309310913, 4.817295551300049, 4.6080708503723145, 2.838075637817383, 1.1692085266113281, 2.0633349418640137, 1.8585145473480225, 2.5079355239868164, 1.351904034614563, 0.9670626521110535, 1.086120843887329, 0.39966946840286255, 0.6608901023864746, 1.2493641376495361, 0.9550501108169556, 0.7846802473068237, 0.5995579957962036, 0.9415798187255859, 0.6678016185760498, 0.5006394982337952, 1.12413489818573, 0.41587454080581665, 0.2763329744338989, 0.13668322563171387, 0.25876566767692566, 0.1435597985982895, 0.04914332553744316], "true": [120.0, 120.0, 120.0, 120.0, 120.0, 120.0, 120.0, 119.0, 118.0, 117.0, 116.0, 115.0, 114.0, 113.0, 112.0, 111.0, 110.0, 109.0, 108.0, 107.0, 106.0, 105.0, 104.0, 103.0, 102.0, 101.0, 100.0, 99.0, 98.0, 97.0, 96.0, 95.0, 94.0, 93.0, 92.0, 91.0, 90.0, 89.0, 88.0, 87.0, 86.0, 85.0, 84.0, 83.0, 82.0, 81.0, 80.0, 79.0, 78.0, 77.0, 76.0, 75.0, 74.0, 73.0, 72.0, 71.0, 70.0, 69.0, 68.0, 67.0, 66.0, 65.0, 64.0, 63.0, 62.0, 61.0, 60.0, 59.0, 58.0, 57.0, 56.0, 55.0, 54.0, 53.0, 52.0, 51.0, 50.0, 49.0, 48.0, 47.0, 46.0, 45.0, 44.0, 43.0, 42.0, 41.0, 40.0, 39.0, 38.0, 37.0, 36.0, 35.0, 34.0, 33.0, 32.0, 31.0, 30.0, 29.0, 28.0, 27.0, 26.0, 25.0, 24.0, 23.0, 22.0, 21.0, 20.0, 19.0, 18.0, 17.0, 16.0, 15.0, 14.0, 13.0, 12.0, 11.0, 10.0, 9.0, 8.0, 7.0, 6.0, 5.0, 4.0, 3.0, 2.0, 1.0, 0.0], "RMSE": 7.9}