{"mean": [117.88153076171875, 119.63792419433594, 116.62516784667969, 120.0332260131836, 119.5730972290039, 119.27046966552734, 117.291259765625, 117.29908752441406, 117.6445541381836, 118.8898696899414, 115.62591552734375, 118.74061584472656, 117.23387145996094, 114.5118408203125, 112.11604309082031, 112.52032470703125, 112.26168060302734, 114.26872253417969, 112.98541259765625, 111.41978454589844, 111.90095520019531, 108.68814849853516, 111.23057556152344, 104.02691650390625, 106.43402099609375, 102.9421615600586, 102.45198822021484, 106.11607360839844, 105.44157409667969, 107.9512710571289, 110.96923828125, 110.98204040527344, 107.76009368896484, 106.3475341796875, 97.74134826660156, 102.68376159667969, 96.71446228027344, 99.8049087524414, 104.02998352050781, 95.64617919921875, 98.60740661621094, 96.6600112915039, 89.81431579589844, 84.47342681884766, 92.48848724365234, 91.32044982910156, 96.76100158691406, 87.34324645996094, 86.79083251953125, 81.8729248046875, 88.07392883300781, 82.98051452636719, 78.47237396240234, 74.84962463378906, 79.3816909790039, 76.7503890991211, 74.07901000976562, 71.38932037353516, 71.99124145507812, 74.81195831298828, 71.72425842285156, 72.77293395996094, 66.8132095336914, 68.5031509399414, 67.44149017333984, 61.016395568847656, 60.7383918762207, 62.880760192871094, 60.34051513671875, 57.490447998046875, 57.06269073486328, 50.701904296875, 48.36485290527344, 48.72951889038086, 52.20580291748047, 50.9268913269043, 51.532264709472656, 47.679134368896484, 48.44692611694336, 45.31068801879883, 47.1421012878418, 44.7767333984375, 47.448097229003906, 43.55940628051758, 46.98801040649414, 45.52750778198242, 45.3672981262207, 43.32752990722656, 38.49032211303711, 35.821556091308594, 30.32221031188965, 27.555606842041016, 26.776514053344727, 28.21612548828125, 31.252853393554688, 31.26724624633789, 32.58989715576172, 31.122791290283203, 29.265249252319336, 27.614227294921875, 28.38527488708496, 23.80805206298828, 28.34341049194336, 27.383825302124023, 26.5277099609375, 25.490528106689453, 24.522104263305664, 24.7570858001709, 23.04064178466797, 24.03567886352539, 21.802997589111328, 20.398584365844727, 18.806032180786133, 16.088937759399414, 15.986351013183594, 15.625836372375488, 15.205467224121094, 13.379918098449707, 10.55272102355957, 11.867262840270996, 9.03673267364502, 7.138760566711426, 5.603376388549805, 5.673446178436279, 4.598359107971191, 1.841965675354004, 1.1017123460769653], "var": [9.862078666687012, 7.0650529861450195, 8.299078941345215, 8.5121431350708, 3.687082529067993, 15.019674301147461, 15.594869613647461, 7.262411117553711, 15.432254791259766, 8.27985668182373, 3.1099679470062256, 23.493417739868164, 3.8907108306884766, 17.04005241394043, 15.432799339294434, 10.579268455505371, 13.177281379699707, 20.356534957885742, 14.512479782104492, 49.3019905090332, 19.51665687561035, 33.35538101196289, 21.692304611206055, 21.32549476623535, 53.65492630004883, 26.365846633911133, 33.76206970214844, 18.16274070739746, 40.20656967163086, 41.668678283691406, 11.638728141784668, 23.993837356567383, 36.06842803955078, 14.881264686584473, 45.24467849731445, 36.306068420410156, 27.243921279907227, 47.689231872558594, 23.529190063476562, 48.99980545043945, 70.92211151123047, 48.44499588012695, 94.80035400390625, 42.24944305419922, 90.73181915283203, 58.92172622680664, 108.95996856689453, 30.83444595336914, 42.46402359008789, 40.704368591308594, 32.33092498779297, 43.0080451965332, 8.00906753540039, 45.16184616088867, 22.31403350830078, 13.73421859741211, 13.711543083190918, 22.17715835571289, 41.80971145629883, 35.6060905456543, 19.040578842163086, 22.69332504272461, 51.37601852416992, 11.848003387451172, 16.31699562072754, 54.26070785522461, 44.83257293701172, 33.24435043334961, 26.84975242614746, 42.823081970214844, 50.909645080566406, 19.999631881713867, 20.43651008605957, 11.52109432220459, 17.82902717590332, 38.13301467895508, 21.15955352783203, 18.236997604370117, 21.960206985473633, 17.23583984375, 27.381446838378906, 22.54811668395996, 18.564041137695312, 15.351192474365234, 24.88436508178711, 27.208799362182617, 29.28616714477539, 27.60964584350586, 19.793275833129883, 18.019392013549805, 9.72966480255127, 6.083681106567383, 7.464822292327881, 3.9865708351135254, 6.038902282714844, 7.101494789123535, 9.2611665725708, 39.439414978027344, 5.024326801300049, 3.8589208126068115, 8.022048950195312, 10.00734806060791, 6.327439785003662, 3.6187856197357178, 2.569352149963379, 1.7935231924057007, 2.425694227218628, 0.8091938495635986, 5.132931709289551, 2.916154146194458, 4.4696831703186035, 2.694535970687866, 1.7278591394424438, 2.9046308994293213, 5.36851692199707, 1.9386212825775146, 2.409274101257324, 2.045138120651245, 2.733774423599243, 1.4851571321487427, 2.8286778926849365, 0.9538659453392029, 0.9872226715087891, 1.3765504360198975, 0.5675669312477112, 0.28161922097206116, 0.2614765763282776], "true": [120.0, 120.0, 120.0, 120.0, 120.0, 120.0, 120.0, 119.0, 118.0, 117.0, 116.0, 115.0, 114.0, 113.0, 112.0, 111.0, 110.0, 109.0, 108.0, 107.0, 106.0, 105.0, 104.0, 103.0, 102.0, 101.0, 100.0, 99.0, 98.0, 97.0, 96.0, 95.0, 94.0, 93.0, 92.0, 91.0, 90.0, 89.0, 88.0, 87.0, 86.0, 85.0, 84.0, 83.0, 82.0, 81.0, 80.0, 79.0, 78.0, 77.0, 76.0, 75.0, 74.0, 73.0, 72.0, 71.0, 70.0, 69.0, 68.0, 67.0, 66.0, 65.0, 64.0, 63.0, 62.0, 61.0, 60.0, 59.0, 58.0, 57.0, 56.0, 55.0, 54.0, 53.0, 52.0, 51.0, 50.0, 49.0, 48.0, 47.0, 46.0, 45.0, 44.0, 43.0, 42.0, 41.0, 40.0, 39.0, 38.0, 37.0, 36.0, 35.0, 34.0, 33.0, 32.0, 31.0, 30.0, 29.0, 28.0, 27.0, 26.0, 25.0, 24.0, 23.0, 22.0, 21.0, 20.0, 19.0, 18.0, 17.0, 16.0, 15.0, 14.0, 13.0, 12.0, 11.0, 10.0, 9.0, 8.0, 7.0, 6.0, 5.0, 4.0, 3.0, 2.0, 1.0, 0.0], "RMSE": 5.9}