{"mean": [114.14814758300781, 114.44563293457031, 112.412841796875, 111.33250427246094, 112.38575744628906, 105.15457916259766, 105.90254974365234, 101.33322143554688, 101.04792022705078, 90.18934631347656, 95.0260009765625, 99.63841247558594, 97.82421112060547, 97.7828598022461, 90.43889617919922, 97.76314544677734, 88.48382568359375, 79.09065246582031, 79.55133819580078, 73.87713623046875, 78.51760864257812, 69.68072509765625, 67.03239440917969, 64.00674438476562, 63.080955505371094, 54.617027282714844, 55.8504524230957, 62.728118896484375, 56.321327209472656, 53.290138244628906, 50.65056610107422, 51.3681755065918, 57.464630126953125, 61.93101119995117, 62.588592529296875, 59.0285530090332, 58.834197998046875, 61.5175666809082, 61.453529357910156, 62.8953742980957, 63.44921112060547, 65.52725982666016, 69.98314666748047, 64.92301177978516, 66.69769287109375, 62.1222038269043, 58.0838508605957, 59.342689514160156, 54.46525955200195, 56.871124267578125, 54.51439666748047, 60.367950439453125, 59.350242614746094, 58.20685958862305, 54.40673828125, 51.383026123046875, 49.58356475830078, 48.77192306518555, 48.15077590942383, 46.122344970703125, 51.435791015625, 52.22838592529297, 50.585933685302734, 47.776695251464844, 41.89875793457031, 42.20383834838867, 41.85791778564453, 45.195350646972656, 42.10906219482422, 38.986427307128906, 39.00155258178711, 40.18861389160156, 39.75959014892578, 43.43400955200195, 42.031883239746094, 41.9230842590332, 42.73682403564453, 40.04949188232422, 41.82579803466797, 38.07587814331055, 40.799659729003906, 37.53019714355469, 35.89759826660156, 31.389394760131836, 28.06552505493164, 29.9851131439209, 30.726741790771484, 33.263572692871094, 29.23842430114746, 25.14282989501953, 27.867687225341797, 23.804241180419922, 21.789173126220703, 21.71196746826172, 17.7382755279541, 16.871715545654297, 12.724910736083984, 11.547040939331055, 10.372465133666992, 8.835526466369629, 9.326120376586914, 10.524142265319824, 7.098784446716309, 5.031985282897949, 3.499706268310547, 1.6607414484024048], "var": [28.88165283203125, 37.19110870361328, 55.50978469848633, 42.363338470458984, 24.108278274536133, 75.07759857177734, 62.32337951660156, 86.48704528808594, 237.22052001953125, 358.2115783691406, 65.33153533935547, 59.26744842529297, 48.15361785888672, 30.511991500854492, 163.95558166503906, 78.72001647949219, 144.74710083007812, 277.4479064941406, 226.91954040527344, 90.51167297363281, 251.23118591308594, 147.94921875, 84.40575408935547, 140.80838012695312, 124.28627014160156, 38.38288497924805, 111.25334167480469, 84.30001831054688, 100.61980438232422, 88.66411590576172, 95.46556854248047, 24.72809600830078, 114.62171173095703, 110.85670471191406, 101.85596466064453, 39.618961334228516, 64.97418212890625, 44.615238189697266, 31.883407592773438, 90.18405151367188, 35.17486572265625, 73.24105072021484, 59.50771713256836, 27.203702926635742, 69.1127700805664, 6.533627033233643, 31.38051414489746, 27.86595344543457, 15.87708568572998, 18.6944522857666, 10.184310913085938, 17.386188507080078, 44.306941986083984, 8.336186408996582, 6.653400421142578, 12.919500350952148, 18.034162521362305, 7.7451887130737305, 11.209287643432617, 2.82877516746521, 17.940563201904297, 11.754843711853027, 11.638978958129883, 17.189115524291992, 12.464578628540039, 9.87415885925293, 8.938459396362305, 6.864796161651611, 2.2927918434143066, 2.3981435298919678, 4.433032512664795, 7.862494945526123, 9.070745468139648, 5.856511116027832, 6.512021064758301, 2.7473199367523193, 4.484098434448242, 8.173468589782715, 2.7248897552490234, 4.262476921081543, 2.560253381729126, 1.9465065002441406, 2.4255032539367676, 1.2313886880874634, 1.2755372524261475, 2.8419952392578125, 3.6469810009002686, 2.2656641006469727, 0.9528740048408508, 1.8245905637741089, 2.520054578781128, 1.9297486543655396, 1.7353253364562988, 2.0431315898895264, 1.981052041053772, 2.081361770629883, 1.4788460731506348, 1.6890298128128052, 0.5489481687545776, 1.0941218137741089, 0.6637355089187622, 1.3106420040130615, 0.5206524729728699, 0.6220964193344116, 0.37569960951805115, 0.2623513638973236], "true": [105.0, 104.0, 103.0, 102.0, 101.0, 100.0, 99.0, 98.0, 97.0, 96.0, 95.0, 94.0, 93.0, 92.0, 91.0, 90.0, 89.0, 88.0, 87.0, 86.0, 85.0, 84.0, 83.0, 82.0, 81.0, 80.0, 79.0, 78.0, 77.0, 76.0, 75.0, 74.0, 73.0, 72.0, 71.0, 70.0, 69.0, 68.0, 67.0, 66.0, 65.0, 64.0, 63.0, 62.0, 61.0, 60.0, 59.0, 58.0, 57.0, 56.0, 55.0, 54.0, 53.0, 52.0, 51.0, 50.0, 49.0, 48.0, 47.0, 46.0, 45.0, 44.0, 43.0, 42.0, 41.0, 40.0, 39.0, 38.0, 37.0, 36.0, 35.0, 34.0, 33.0, 32.0, 31.0, 30.0, 29.0, 28.0, 27.0, 26.0, 25.0, 24.0, 23.0, 22.0, 21.0, 20.0, 19.0, 18.0, 17.0, 16.0, 15.0, 14.0, 13.0, 12.0, 11.0, 10.0, 9.0, 8.0, 7.0, 6.0, 5.0, 4.0, 3.0, 2.0, 1.0, 0.0], "RMSE": 9.83}