{"mean": [118.96614074707031, 119.87166595458984, 121.91712951660156, 122.2751235961914, 121.7935562133789, 120.73966979980469, 122.61849212646484, 123.44715881347656, 122.24583435058594, 120.50146484375, 120.51251220703125, 121.87017822265625, 121.59236907958984, 121.71966552734375, 122.7610855102539, 121.39509582519531, 120.2550277709961, 120.1679916381836, 121.2170639038086, 120.11650085449219, 122.26224517822266, 121.70672607421875, 118.6209945678711, 120.6417007446289, 120.81571197509766, 120.0692138671875, 120.13680267333984, 119.34388732910156, 118.6489028930664, 121.22237396240234, 118.27046203613281, 120.78324890136719, 116.03790283203125, 118.95881652832031, 116.80133056640625, 121.53831481933594, 121.21783447265625, 117.97203063964844, 121.46405029296875, 119.85520935058594, 116.29315185546875, 117.28360748291016, 116.96833801269531, 113.79527282714844, 117.43115234375, 110.7363510131836, 108.82041931152344, 115.17594146728516, 113.93217468261719, 113.231689453125, 107.88899230957031, 113.89350891113281, 116.0631332397461, 110.69742584228516, 110.5107421875, 109.79891204833984, 110.69478607177734, 108.86590576171875, 102.31172180175781, 103.72795104980469, 105.41590881347656, 106.43647766113281, 107.31059265136719, 105.89266204833984, 108.29264068603516, 105.976806640625, 104.7768783569336, 108.13262939453125, 108.3446044921875, 106.71861267089844, 102.03199768066406, 105.36640930175781, 98.98609161376953, 93.51264190673828, 91.37227630615234, 90.7601547241211, 84.66413879394531, 83.02210998535156, 81.16996765136719, 78.3023452758789, 68.8646240234375, 67.64183807373047, 64.29857635498047, 61.518898010253906, 49.7955436706543, 50.52851486206055, 51.86763381958008, 46.14460372924805, 41.569725036621094, 40.256004333496094, 37.7056999206543, 35.75077819824219, 35.082603454589844, 35.25556182861328, 35.24948501586914, 31.414968490600586, 30.06528091430664, 32.32550811767578, 34.24306869506836, 34.51225280761719, 33.29484176635742, 34.430599212646484, 31.084564208984375, 29.18937110900879, 28.01602554321289, 27.755733489990234, 27.72360610961914, 25.76898193359375, 22.744796752929688, 24.76675796508789, 23.143047332763672, 21.297428131103516, 21.073211669921875, 19.718589782714844, 18.85030174255371, 15.605168342590332, 14.60071849822998, 13.638862609863281, 12.268292427062988, 9.850911140441895, 7.95220947265625, 6.4611992835998535, 6.44674015045166, 6.011013984680176, 4.26225471496582, 3.8567404747009277], "var": [11.909046173095703, 10.510361671447754, 9.622589111328125, 4.743756294250488, 13.104766845703125, 13.37041187286377, 6.897116184234619, 5.530640602111816, 9.865987777709961, 14.698502540588379, 12.547078132629395, 7.321587562561035, 11.178040504455566, 9.693574905395508, 17.993928909301758, 9.018919944763184, 5.694066524505615, 14.507325172424316, 17.203798294067383, 15.042131423950195, 6.958675384521484, 8.682958602905273, 15.412871360778809, 16.715925216674805, 15.583867073059082, 16.298110961914062, 23.336660385131836, 14.523467063903809, 12.160955429077148, 5.444123268127441, 18.621906280517578, 9.603517532348633, 37.415260314941406, 19.271913528442383, 30.584270477294922, 7.47413444519043, 13.724947929382324, 23.96580696105957, 11.372374534606934, 9.29123592376709, 18.166980743408203, 30.19536018371582, 28.850149154663086, 90.87938690185547, 22.622539520263672, 59.742767333984375, 42.74335861206055, 15.317723274230957, 118.79158782958984, 36.48455810546875, 95.78575134277344, 42.35844039916992, 15.755412101745605, 122.5137710571289, 105.1865005493164, 51.26343536376953, 64.4402084350586, 58.663204193115234, 119.37360382080078, 110.45743560791016, 126.52540588378906, 238.47129821777344, 116.0052490234375, 52.054229736328125, 44.35908126831055, 46.255062103271484, 109.46952819824219, 33.295780181884766, 36.563663482666016, 94.66411590576172, 110.44975280761719, 68.8775405883789, 42.294742584228516, 100.96881866455078, 41.23682403564453, 96.48429107666016, 33.46739959716797, 77.64998626708984, 109.12187957763672, 88.13262176513672, 63.140689849853516, 64.04859161376953, 53.01657485961914, 55.5831298828125, 20.288368225097656, 30.116825103759766, 41.304203033447266, 29.31145668029785, 19.05168914794922, 36.74544143676758, 7.702962398529053, 6.1507463455200195, 4.598862648010254, 2.258779525756836, 11.182729721069336, 2.4334325790405273, 5.645618915557861, 3.2337210178375244, 6.932433128356934, 10.118839263916016, 3.7748003005981445, 13.42239761352539, 5.957928657531738, 9.641072273254395, 2.186849355697632, 1.5737839937210083, 3.2961442470550537, 2.5961179733276367, 4.361222267150879, 3.632486343383789, 3.67931866645813, 3.0208652019500732, 1.7803744077682495, 4.291399955749512, 1.6517622470855713, 1.9517277479171753, 5.2541375160217285, 0.8031476736068726, 3.4815874099731445, 2.390646457672119, 1.6593927145004272, 1.18639075756073, 1.5148351192474365, 1.176428198814392, 0.9204699993133545, 0.9876731634140015], "true": [120.0, 120.0, 120.0, 120.0, 120.0, 120.0, 119.0, 118.0, 117.0, 116.0, 115.0, 114.0, 113.0, 112.0, 111.0, 110.0, 109.0, 108.0, 107.0, 106.0, 105.0, 104.0, 103.0, 102.0, 101.0, 100.0, 99.0, 98.0, 97.0, 96.0, 95.0, 94.0, 93.0, 92.0, 91.0, 90.0, 89.0, 88.0, 87.0, 86.0, 85.0, 84.0, 83.0, 82.0, 81.0, 80.0, 79.0, 78.0, 77.0, 76.0, 75.0, 74.0, 73.0, 72.0, 71.0, 70.0, 69.0, 68.0, 67.0, 66.0, 65.0, 64.0, 63.0, 62.0, 61.0, 60.0, 59.0, 58.0, 57.0, 56.0, 55.0, 54.0, 53.0, 52.0, 51.0, 50.0, 49.0, 48.0, 47.0, 46.0, 45.0, 44.0, 43.0, 42.0, 41.0, 40.0, 39.0, 38.0, 37.0, 36.0, 35.0, 34.0, 33.0, 32.0, 31.0, 30.0, 29.0, 28.0, 27.0, 26.0, 25.0, 24.0, 23.0, 22.0, 21.0, 20.0, 19.0, 18.0, 17.0, 16.0, 15.0, 14.0, 13.0, 12.0, 11.0, 10.0, 9.0, 8.0, 7.0, 6.0, 5.0, 4.0, 3.0, 2.0, 1.0, 0.0], "RMSE": 25.59}