{"mean": [118.23045349121094, 121.23101806640625, 119.7550277709961, 118.96412658691406, 120.01860046386719, 119.04339599609375, 120.2345962524414, 119.00035095214844, 119.67262268066406, 119.9360122680664, 121.60121154785156, 119.0898666381836, 122.55252838134766, 120.95098876953125, 119.6070327758789, 120.7013168334961, 119.3485107421875, 118.30562591552734, 120.5979232788086, 119.75225830078125, 119.71993255615234, 119.1728744506836, 115.7449722290039, 116.6806640625, 117.0340805053711, 119.34745025634766, 120.67977142333984, 117.865234375, 119.19389343261719, 117.9590835571289, 117.01188659667969, 120.79206848144531, 119.58707427978516, 118.3727035522461, 121.0880355834961, 120.93428802490234, 119.9777603149414, 116.52701568603516, 117.8055419921875, 117.03404235839844, 118.13099670410156, 112.7941665649414, 110.775634765625, 110.31111907958984, 108.17706298828125, 106.07511901855469, 106.98468017578125, 104.21539306640625, 106.79073333740234, 112.4234390258789, 104.20169830322266, 103.00474548339844, 111.8855972290039, 100.18019104003906, 109.66973876953125, 104.4754638671875, 104.09852600097656, 96.31886291503906, 82.2859115600586, 85.24510955810547, 90.13545989990234, 82.05979919433594, 82.81834411621094, 95.60365295410156, 93.12274169921875, 93.61903381347656, 93.89618682861328, 101.91258239746094, 93.0367202758789, 100.73542785644531, 99.35826110839844, 101.69284057617188, 93.4796142578125, 93.59797668457031, 91.3368911743164, 94.328369140625, 91.55317687988281, 83.82617950439453, 84.51018524169922, 79.75115966796875, 75.2520980834961, 71.11624145507812, 67.77427673339844, 63.67866897583008, 58.073341369628906, 53.21869659423828, 52.0980339050293, 49.74409866333008, 44.49748992919922, 42.685882568359375, 41.28539276123047, 41.698917388916016, 39.897979736328125, 39.369625091552734, 37.47003936767578, 35.03275680541992, 33.662879943847656, 35.773414611816406, 37.14828109741211, 38.97663497924805, 39.57130432128906, 35.93281173706055, 33.421607971191406, 31.190643310546875, 30.370620727539062, 28.0909481048584, 26.213918685913086, 25.442806243896484, 22.820127487182617, 24.496248245239258, 22.191020965576172, 21.321260452270508, 20.88776397705078, 19.05855369567871, 17.613943099975586, 14.415243148803711, 14.436284065246582, 13.625460624694824, 11.468408584594727, 8.937376022338867, 7.228899955749512, 5.611114501953125, 6.167885780334473, 5.33060884475708, 4.2030744552612305, 3.024160623550415], "var": [6.085253715515137, 8.438565254211426, 16.98272132873535, 8.629565238952637, 10.481661796569824, 8.53320026397705, 8.306050300598145, 6.145960330963135, 15.605510711669922, 10.931678771972656, 17.72797393798828, 7.001068115234375, 7.016772747039795, 8.264542579650879, 7.848978519439697, 9.565520286560059, 10.068111419677734, 15.399164199829102, 13.746454238891602, 12.631251335144043, 14.559158325195312, 14.02169132232666, 35.27259826660156, 19.593334197998047, 35.843265533447266, 32.282073974609375, 7.403234481811523, 25.705228805541992, 20.077417373657227, 13.114477157592773, 19.28097152709961, 22.73238754272461, 7.6010942459106445, 30.672767639160156, 19.649385452270508, 8.990228652954102, 12.860143661499023, 24.24761390686035, 10.147955894470215, 8.770194053649902, 16.920080184936523, 72.44243621826172, 87.9520492553711, 33.997928619384766, 30.106521606445312, 71.64187622070312, 53.92597579956055, 125.54485321044922, 61.26612091064453, 58.6451301574707, 63.87065124511719, 60.43967819213867, 48.772377014160156, 105.18994140625, 46.67074966430664, 181.94444274902344, 86.75985717773438, 169.8858184814453, 125.71473693847656, 134.8206787109375, 291.6642761230469, 111.90216827392578, 153.58572387695312, 110.5162353515625, 177.95359802246094, 179.3367919921875, 29.617202758789062, 194.37416076660156, 171.06414794921875, 192.87940979003906, 123.36845397949219, 96.64108276367188, 180.86875915527344, 197.11122131347656, 169.72166442871094, 91.46524810791016, 126.60558319091797, 146.6073455810547, 60.48084259033203, 37.10557174682617, 67.50010681152344, 50.47109603881836, 66.3934097290039, 10.14720630645752, 42.536888122558594, 33.161922454833984, 16.220693588256836, 4.901527404785156, 9.10185718536377, 3.3080129623413086, 4.911552906036377, 3.010111093521118, 6.549860954284668, 8.561515808105469, 5.017704010009766, 5.930365562438965, 4.6657938957214355, 4.485001564025879, 2.51960825920105, 7.871405601501465, 10.811250686645508, 4.974178314208984, 2.8062796592712402, 3.332897663116455, 3.5385582447052, 1.6939306259155273, 2.532405138015747, 1.7115079164505005, 2.0393881797790527, 2.4035067558288574, 0.9325454831123352, 0.9552987813949585, 0.9085273742675781, 1.3329905271530151, 1.9531627893447876, 0.30319565534591675, 0.8188513517379761, 0.30477604269981384, 0.7000845074653625, 0.568601667881012, 0.9687869548797607, 0.8266879320144653, 0.3511875569820404, 0.29677119851112366, 0.2424008846282959, 0.21895672380924225], "true": [120.0, 120.0, 120.0, 120.0, 120.0, 120.0, 119.0, 118.0, 117.0, 116.0, 115.0, 114.0, 113.0, 112.0, 111.0, 110.0, 109.0, 108.0, 107.0, 106.0, 105.0, 104.0, 103.0, 102.0, 101.0, 100.0, 99.0, 98.0, 97.0, 96.0, 95.0, 94.0, 93.0, 92.0, 91.0, 90.0, 89.0, 88.0, 87.0, 86.0, 85.0, 84.0, 83.0, 82.0, 81.0, 80.0, 79.0, 78.0, 77.0, 76.0, 75.0, 74.0, 73.0, 72.0, 71.0, 70.0, 69.0, 68.0, 67.0, 66.0, 65.0, 64.0, 63.0, 62.0, 61.0, 60.0, 59.0, 58.0, 57.0, 56.0, 55.0, 54.0, 53.0, 52.0, 51.0, 50.0, 49.0, 48.0, 47.0, 46.0, 45.0, 44.0, 43.0, 42.0, 41.0, 40.0, 39.0, 38.0, 37.0, 36.0, 35.0, 34.0, 33.0, 32.0, 31.0, 30.0, 29.0, 28.0, 27.0, 26.0, 25.0, 24.0, 23.0, 22.0, 21.0, 20.0, 19.0, 18.0, 17.0, 16.0, 15.0, 14.0, 13.0, 12.0, 11.0, 10.0, 9.0, 8.0, 7.0, 6.0, 5.0, 4.0, 3.0, 2.0, 1.0, 0.0], "RMSE": 22.52}