{"pred": [74.77005767822266, 73.78768920898438, 73.00874328613281, 72.42560577392578, 72.04436492919922, 71.84819793701172, 71.80213165283203, 71.86681365966797, 72.00757598876953, 72.19834899902344, 72.42154693603516, 72.66704559326172, 72.92996978759766, 73.2089614868164, 73.50457000732422, 73.81796264648438, 74.15028381347656, 74.50212860107422, 74.87285614013672, 75.26106262207031, 75.66414642333984, 76.07852172851562, 76.49959564208984, 76.92217254638672, 77.34061431884766, 77.7486801147461, 78.14008331298828, 78.50837707519531, 78.84737396240234, 79.1510238647461, 79.41339111328125, 79.62886810302734, 79.7921371459961, 79.89812469482422, 79.94232177734375, 79.92024230957031, 79.82779693603516, 79.66117095947266, 79.41694641113281, 79.0921401977539, 78.68453216552734, 78.19232940673828, 77.6146469116211, 76.95133209228516, 76.20323944091797, 75.37229919433594, 74.46163177490234, 73.47563934326172, 72.41974639892578, 71.30011749267578, 70.12333679199219, 68.89603424072266, 67.6247329711914, 66.31571197509766, 64.97493743896484, 63.60806655883789, 62.22011947631836, 60.8154182434082, 59.397430419921875, 57.969058990478516, 56.532840728759766, 55.09139633178711, 53.64746856689453, 52.203861236572266, 50.76295852661133, 49.326698303222656, 47.8967170715332, 46.47462463378906, 45.06229019165039, 43.661659240722656, 42.27431869506836, 40.90107345581055, 39.541988372802734, 38.196773529052734, 36.865413665771484, 35.54816818237305, 34.24533462524414, 32.956722259521484, 31.6815242767334, 30.41844940185547, 29.16585350036621, 27.92139434814453, 26.681257247924805, 25.439786911010742, 24.189939498901367, 22.924802780151367, 21.64009666442871, 20.33783721923828, 19.030488967895508, 17.7429256439209, 16.50681495666504, 15.34510326385498, 14.254667282104492, 13.203038215637207, 12.14511489868164, 11.047905921936035, 9.907388687133789, 8.748889923095703, 7.6099467277526855, 6.514578819274902, 5.457550525665283, 4.420971870422363, 3.437347888946533, 2.6257994174957275, 2.068481683731079, 1.7290741205215454], "RMSE": 12.84}