{"pred": [118.2890853881836, 117.72376251220703, 117.01692962646484, 116.20785522460938, 115.36931610107422, 114.57040405273438, 113.85364532470703, 113.233642578125, 112.70679473876953, 112.2607650756836, 111.88054656982422, 111.55119323730469, 111.25920867919922, 110.99275970458984, 110.7417221069336, 110.4976577758789, 110.25341033935547, 110.00324249267578, 109.74231719970703, 109.46675109863281, 109.17342376708984, 108.85993194580078, 108.52449035644531, 108.1657485961914, 107.78290557861328, 107.37559509277344, 106.94361114501953, 106.48723602294922, 106.0068130493164, 105.50292205810547, 104.9760971069336, 104.42705535888672, 103.85617065429688, 103.26372528076172, 102.6496810913086, 102.01350402832031, 101.3542251586914, 100.6701431274414, 99.9590072631836, 99.21755981445312, 98.44173431396484, 97.62653350830078, 96.76631164550781, 95.85497283935547, 94.88643646240234, 93.8550033569336, 92.7560043334961, 91.58712768554688, 90.35029602050781, 89.05326080322266, 87.71018981933594, 86.34088897705078, 84.96819305419922, 83.61530303955078, 82.30152893066406, 81.03720092773438, 79.81932830810547, 78.63158416748047, 77.44988250732422, 76.25011444091797, 75.01431274414062, 73.73413848876953, 72.41339874267578, 71.06586456298828, 69.70429229736328, 68.32276153564453, 66.88848876953125, 65.35986328125, 63.7234992980957, 62.01686096191406, 60.315452575683594, 58.698726654052734, 57.21842956542969, 55.88269805908203, 54.658592224121094, 53.493438720703125, 52.345436096191406, 51.19883728027344, 50.0533447265625, 48.9071159362793, 47.75099182128906, 46.569793701171875, 45.345008850097656, 44.066741943359375, 42.74346923828125, 41.393558502197266, 40.04051208496094, 38.71399688720703, 37.440887451171875, 36.2384147644043, 35.11540603637695, 34.0712890625, 33.09257125854492, 32.15966033935547, 31.249134063720703, 30.329904556274414, 29.374595642089844, 28.365375518798828, 27.291580200195312, 26.153804779052734, 24.961896896362305, 23.728431701660156, 22.468685150146484, 21.203243255615234, 19.95888900756836, 18.766803741455078, 17.654882431030273, 16.633132934570312, 15.680282592773438, 14.747841835021973, 13.78765869140625, 12.785225868225098, 11.77279281616211, 10.807337760925293, 9.924342155456543, 9.10589599609375, 8.291618347167969, 7.4185895919799805, 6.454944133758545, 5.405561447143555, 4.293911457061768, 3.1433675289154053, 1.999577283859253, 1.0716884136199951, 0.6251838207244873], "RMSE": 7.67}