{"pred": [103.4379653930664, 108.53046417236328, 109.39166259765625, 108.93531799316406, 107.95523834228516, 106.76709747314453, 105.64104461669922, 105.15013885498047, 104.91961669921875, 104.46268463134766, 103.70757293701172, 102.54866790771484, 100.74272918701172, 99.19902038574219, 97.98246002197266, 96.76783752441406, 95.53665161132812, 93.50081634521484, 90.45501708984375, 87.15278625488281, 83.2489013671875, 79.84667205810547, 77.0258560180664, 75.46488189697266, 74.87512969970703, 75.10782623291016, 76.27826690673828, 77.4234619140625, 78.73204803466797, 79.84911346435547, 80.65314483642578, 81.72742462158203, 82.29790496826172, 83.58893585205078, 84.08406066894531, 84.93878936767578, 86.11699676513672, 85.65699005126953, 84.6900863647461, 83.03291320800781, 81.89681243896484, 80.98393249511719, 80.47019958496094, 79.88427734375, 77.58283233642578, 72.1839370727539, 66.07569122314453, 60.85188293457031, 58.79865646362305, 58.702972412109375, 60.301353454589844, 62.60667037963867, 65.81653594970703, 67.62513732910156, 67.59618377685547, 66.52215576171875, 65.13739776611328, 63.1005859375, 60.64802551269531, 60.42620086669922, 60.29328918457031, 58.73798751831055, 57.16745376586914, 54.989479064941406, 53.187774658203125, 50.32939529418945, 48.02567672729492, 46.895538330078125, 47.45848083496094, 48.4051628112793, 47.66068649291992, 46.93185043334961, 45.35010528564453, 44.202083587646484, 42.48505401611328, 41.0145263671875, 40.056419372558594, 39.68224334716797, 39.415367126464844, 39.16316604614258, 38.820945739746094, 38.964141845703125, 38.410125732421875, 37.67597198486328, 35.96702575683594, 33.63624572753906, 30.523096084594727, 29.031505584716797, 27.49578094482422, 25.363555908203125, 23.063182830810547, 22.009925842285156, 20.54362678527832, 18.572843551635742, 16.476736068725586, 14.451218605041504, 12.577943801879883, 10.828271865844727, 9.236392974853516, 7.838989734649658, 6.658698558807373, 5.6949462890625, 4.8969035148620605, 4.139348030090332, 3.3651669025421143, 2.637129306793213], "RMSE": 10.49}