{"pred": [121.08361053466797, 120.9384994506836, 121.08611297607422, 121.33351135253906, 121.5116195678711, 121.55150604248047, 121.66785430908203, 121.3863525390625, 121.08489227294922, 121.01532745361328, 120.67522430419922, 120.4494400024414, 120.4409408569336, 120.48958587646484, 120.91187286376953, 121.145263671875, 121.64315795898438, 122.11133575439453, 122.56143951416016, 122.76696014404297, 122.41808319091797, 121.96875762939453, 121.7704086303711, 120.96173858642578, 119.98464965820312, 118.7571029663086, 117.92540740966797, 117.35982513427734, 116.98603057861328, 116.44865417480469, 116.36182403564453, 116.28531646728516, 116.10665893554688, 115.70673370361328, 115.38349914550781, 115.1907730102539, 114.53278350830078, 114.23006439208984, 114.16864776611328, 114.00650787353516, 114.07703399658203, 114.07605743408203, 114.07020568847656, 113.9089126586914, 114.13506317138672, 114.54351043701172, 114.113525390625, 111.74176788330078, 108.20343780517578, 103.72187805175781, 100.80948638916016, 96.25550079345703, 90.0268783569336, 85.21728515625, 82.35406494140625, 81.29934692382812, 81.07987976074219, 82.85401153564453, 84.31824493408203, 84.7090835571289, 84.45377349853516, 81.18633270263672, 80.85950469970703, 84.05406951904297, 82.74652862548828, 81.05730438232422, 82.8952865600586, 83.68548583984375, 84.12924194335938, 85.47229766845703, 85.48369598388672, 83.94026947021484, 81.27989959716797, 78.60562896728516, 76.47111511230469, 74.24542999267578, 71.6050033569336, 68.30670928955078, 64.97071075439453, 62.60536193847656, 59.77873992919922, 56.6344108581543, 53.04723358154297, 50.17756271362305, 48.7758903503418, 46.63450622558594, 45.332149505615234, 43.47776794433594, 41.91010284423828, 39.798583984375, 37.34050750732422, 36.11841583251953, 34.385009765625, 32.6951789855957, 30.298803329467773, 28.57517433166504, 27.501726150512695, 26.579072952270508, 25.559415817260742, 23.96014976501465, 23.18056297302246, 22.508211135864258, 21.724275588989258, 20.973447799682617, 20.693025588989258, 20.55400276184082, 19.84286117553711, 18.458959579467773, 17.599332809448242, 17.13997459411621, 15.73879623413086, 14.910355567932129, 13.58293342590332, 12.139949798583984, 10.723678588867188, 9.407793998718262, 8.21940803527832, 7.140801906585693, 6.1409478187561035, 5.172842979431152, 4.229382514953613, 3.3718180656433105, 2.6577398777008057, 2.1374294757843018, 1.820906639099121, 1.668036937713623], "RMSE": 16.97}