{"pred": [102.09016418457031, 102.15555572509766, 102.20832824707031, 102.24862670898438, 102.27650451660156, 102.29216003417969, 102.29560852050781, 102.28692626953125, 102.26618957519531, 102.23336791992188, 102.18849182128906, 102.13152313232422, 102.06243133544922, 101.98110961914062, 101.88746643066406, 101.78136444091797, 101.66264343261719, 101.53109741210938, 101.38648986816406, 101.22856903076172, 101.05709838867188, 100.8716812133789, 100.67205810546875, 100.45782470703125, 100.2286376953125, 99.98403930664062, 99.72369384765625, 99.44711303710938, 99.15396118164062, 98.84374237060547, 98.51614379882812, 98.17074584960938, 97.80717468261719, 97.42523956298828, 97.02459716796875, 96.60508728027344, 96.16665649414062, 95.70919799804688, 95.23292541503906, 94.73793029785156, 94.224609375, 93.693359375, 93.14483642578125, 92.5796890258789, 91.99880981445312, 91.40324401855469, 90.7940673828125, 90.17256164550781, 89.54000854492188, 88.8978271484375, 88.24742126464844, 87.59032440185547, 86.92791748046875, 86.2616195678711, 85.59278869628906, 84.92263793945312, 84.25225830078125, 83.58255767822266, 82.91433715820312, 82.24806213378906, 81.584228515625, 80.92285919189453, 80.26403045654297, 79.60739135742188, 78.95262145996094, 78.29900360107422, 77.64588928222656, 76.99229431152344, 76.33721923828125, 75.67950439453125, 75.01786804199219, 74.35098266601562, 73.67738342285156, 72.99554443359375, 72.30381774902344, 71.6005859375, 70.88404846191406, 70.1524658203125, 69.40402221679688, 68.63702392578125, 67.84972381591797, 67.0406494140625, 66.20854187011719, 65.3522720336914, 64.47118377685547, 63.56482696533203, 62.63312911987305, 61.67634201049805, 60.69502258300781, 59.68991470336914, 58.66201400756836, 57.61251449584961, 56.5427131652832, 55.454105377197266, 54.348331451416016, 53.22727966308594, 52.093021392822266, 50.94789123535156, 49.79439926147461, 48.63528823852539, 47.47353744506836, 46.31222152709961, 45.15460968017578, 44.00401306152344, 42.86368179321289, 41.73670196533203, 40.62578582763672, 39.533203125, 38.46055221557617, 37.40870666503906, 36.37763595581055, 35.36637496948242, 34.372840881347656, 33.393821716308594, 32.4248046875, 31.4599552154541, 30.492136001586914, 29.51297950744629, 28.513168334960938, 27.482995986938477, 26.413801193237305, 25.300884246826172, 24.1485538482666, 22.975893020629883, 21.8181209564209, 20.716522216796875], "RMSE": 17.45}