{"pred": [102.12825012207031, 102.13505554199219, 102.12945556640625, 102.11139678955078, 102.08082580566406, 102.03765869140625, 101.98184204101562, 101.91323852539062, 101.83171081542969, 101.73710632324219, 101.6292495727539, 101.50785827636719, 101.37281036376953, 101.22373962402344, 101.06040954589844, 100.88246154785156, 100.68956756591797, 100.4813232421875, 100.25735473632812, 100.01724243164062, 99.76055908203125, 99.48680114746094, 99.19562530517578, 98.886474609375, 98.55892181396484, 98.21253967285156, 97.84688568115234, 97.4615707397461, 97.05622863769531, 96.63053894042969, 96.18427276611328, 95.71725463867188, 95.22943115234375, 94.72078704833984, 94.19143676757812, 93.64170837402344, 93.07194519042969, 92.48277282714844, 91.87478637695312, 91.2489242553711, 90.60618591308594, 89.94779968261719, 89.27510070800781, 88.58949279785156, 87.892578125, 87.18614196777344, 86.4719009399414, 85.75169372558594, 85.02732849121094, 84.30067443847656, 83.57352447509766, 82.8475341796875, 82.12434387207031, 81.4053955078125, 80.69194030761719, 79.98513793945312, 79.28581237792969, 78.59469604492188, 77.91229248046875, 77.23876953125, 76.57424926757812, 75.91853332519531, 75.27128601074219, 74.63197326660156, 73.99995422363281, 73.37442016601562, 72.75448608398438, 72.13917541503906, 71.52737426757812, 70.91796875, 70.30979919433594, 69.70162963867188, 69.09213256835938, 68.47998046875, 67.86373901367188, 67.24188232421875, 66.61283874511719, 65.97498321533203, 65.3266372680664, 64.66604614257812, 63.99155807495117, 63.30155563354492, 62.59463119506836, 61.86954116821289, 61.12527084350586, 60.36112594604492, 59.57668685913086, 58.77186965942383, 57.946754455566406, 57.10169219970703, 56.237186431884766, 55.353885650634766, 54.45248794555664, 53.533897399902344, 52.599056243896484, 51.64908218383789, 50.68537902832031, 49.70942306518555, 48.72300338745117, 47.72805404663086, 46.7267951965332, 45.7215576171875, 44.71488571166992, 43.70940017700195, 42.70774841308594, 41.712528228759766, 40.72616195678711, 39.75083541870117, 38.78837585449219, 37.840213775634766, 36.90731430053711, 35.99008560180664, 35.0883674621582, 34.201263427734375, 33.32706832885742, 32.46315383911133, 31.60587501525879, 30.75062370300293, 29.8918514251709, 29.0231876373291, 28.137590408325195, 27.2276554107666, 26.286304473876953, 25.30832862854004, 24.29328727722168, 23.24985122680664, 22.199684143066406], "RMSE": 15.35}