{"pred": [116.95486450195312, 116.76655578613281, 116.65222930908203, 116.60398864746094, 116.60885620117188, 116.65137481689453, 116.71612548828125, 116.78910827636719, 116.85862731933594, 116.91537475585938, 116.95220184326172, 116.96369934082031, 116.94573211669922, 116.89492797851562, 116.80831146240234, 116.68277740478516, 116.51483154296875, 116.30011749267578, 116.03311920166016, 115.70677947998047, 115.31211853027344, 114.83782958984375, 114.27033233642578, 113.59403228759766, 112.79283905029297, 111.85342407226562, 110.77066802978516, 109.55347442626953, 108.2252426147461, 106.81458282470703, 105.34459686279297, 103.8316650390625, 102.29155731201172, 100.74303436279297, 99.20601654052734, 97.69988250732422, 96.24239349365234, 94.84901428222656, 93.52947235107422, 92.28462982177734, 91.1065673828125, 89.9819564819336, 88.89533233642578, 87.83264923095703, 86.78290557861328, 85.73857116699219, 84.69562530517578, 83.65287017822266, 82.6108169555664, 81.57148742675781, 80.53729248046875, 79.5103530883789, 78.49222564697266, 77.48387908935547, 76.48469543457031, 75.49313354492188, 74.50678253173828, 73.52214813232422, 72.53485870361328, 71.54068756103516, 70.53596496582031, 69.51698303222656, 68.4809341430664, 67.42684173583984, 66.3553695678711, 65.26759338378906, 64.16548919677734, 63.052467346191406, 61.93268966674805, 60.80955123901367, 59.68547058105469, 58.56303024291992, 57.444984436035156, 56.33293151855469, 55.22639846801758, 54.12411880493164, 53.02523422241211, 51.92905044555664, 50.83379364013672, 49.73673629760742, 48.63582229614258, 47.530635833740234, 46.421722412109375, 45.30937194824219, 44.19363021850586, 43.07539749145508, 41.957000732421875, 40.84146499633789, 39.73124313354492, 38.62796401977539, 37.533206939697266, 36.4491081237793, 35.37800216674805, 34.3212890625, 33.2789421081543, 32.24990463256836, 31.232702255249023, 30.225351333618164, 29.224729537963867, 28.226045608520508, 27.22295570373535, 26.208242416381836, 25.17454719543457, 24.115318298339844, 23.026330947875977, 21.908388137817383, 20.77070426940918, 19.63337516784668, 18.525989532470703, 17.480093002319336, 16.516357421875, 15.633121490478516, 14.804465293884277, 13.98973560333252, 13.14779281616211, 12.248303413391113, 11.277478218078613, 10.239439964294434, 9.154352188110352, 8.052946090698242, 6.966844081878662, 5.916995048522949, 4.908363342285156, 3.9476351737976074, 3.0879263877868652, 2.4215264320373535, 1.9770258665084839], "RMSE": 4.7}