{"pred": [116.73348999023438, 116.14720916748047, 115.56114959716797, 114.98187255859375, 114.4162368774414, 113.87078857421875, 113.35115814208984, 112.8614273071289, 112.40374755859375, 111.97823333740234, 111.58293914794922, 111.21417999267578, 110.86686706542969, 110.53496551513672, 110.21187591552734, 109.89107513427734, 109.56658935546875, 109.23387908935547, 108.89080047607422, 108.53887176513672, 108.1848373413086, 107.84185028076172, 107.52987670898438, 107.27410125732422, 107.10042572021484, 107.02796173095703, 107.0615234375, 107.1881332397461, 107.37885284423828, 107.59636688232422, 107.80319213867188, 107.9681167602539, 108.0693359375, 108.09420013427734, 108.03765106201172, 107.89949035644531, 107.68209075927734, 107.3884048461914, 107.02063751220703, 106.57913970947266, 106.06233215332031, 105.46666717529297, 104.78712463378906, 104.01824188232422, 103.15506744384766, 102.19450378417969, 101.13616180419922, 99.98287963867188, 98.74079132080078, 97.41803741455078, 96.02326965332031, 94.56368255615234, 93.0439224243164, 91.4658432006836, 89.82950592041016, 88.13457489013672, 86.38289642333984, 84.5801773071289, 82.73773956298828, 80.87238311767578, 79.0055160522461, 77.1607666015625, 75.36062622070312, 73.62406158447266, 71.96511840820312, 70.39261627197266, 68.91014862060547, 67.51614379882812, 66.20465850830078, 64.96683502197266, 63.79218673706055, 62.669097900390625, 61.58449935913086, 60.523738861083984, 59.4715690612793, 58.41364288330078, 57.33796310424805, 56.23530578613281, 55.09945297241211, 53.92806625366211, 52.72372055053711, 51.49372482299805, 50.24810028076172, 48.996803283691406, 47.74850082397461, 46.51082229614258, 45.29098129272461, 44.09492874145508, 42.92586898803711, 41.78377151489258, 40.66666030883789, 39.5722541809082, 38.49784469604492, 37.43879318237305, 36.386722564697266, 35.32932662963867, 34.251182556152344, 33.134220123291016, 31.957225799560547, 30.696760177612305, 29.332971572875977, 27.862314224243164, 26.312898635864258, 24.74981689453125, 23.25651741027832, 21.89641761779785, 20.684833526611328, 19.59372901916504, 18.57716941833496, 17.594209671020508, 16.620769500732422, 15.65248966217041, 14.700820922851562, 13.783008575439453, 12.90927505493164, 12.073103904724121, 11.24901294708252, 10.396714210510254, 9.467540740966797, 8.411198616027832, 7.1877593994140625, 5.804746150970459, 4.408956527709961, 3.2900867462158203, 2.5995638370513916, 2.238286256790161, 2.0503158569335938], "RMSE": 10.09}