{"pred": [117.9511489868164, 117.844970703125, 117.76390075683594, 117.70389556884766, 117.66019439697266, 117.62793731689453, 117.6024398803711, 117.57931518554688, 117.5549545288086, 117.52625274658203, 117.49080657958984, 117.44681549072266, 117.39297485351562, 117.32845306396484, 117.25275421142578, 117.16572570800781, 117.06743621826172, 116.95817565917969, 116.83842468261719, 116.7088851928711, 116.57038116455078, 116.42400360107422, 116.2710952758789, 116.11323547363281, 115.95233917236328, 115.79070281982422, 115.63098907470703, 115.47647857666016, 115.33088684082031, 115.1986312866211, 115.08460235595703, 114.99449157714844, 114.9345474243164, 114.9114761352539, 114.93241119384766, 115.00464630126953, 115.13511657714844, 115.33019256591797, 115.59500885009766, 115.9329605102539, 116.34546661376953, 116.83190155029297, 117.39020538330078, 118.0176773071289, 118.71160888671875, 119.46802520751953, 120.27755737304688, 121.11779022216797, 121.94507598876953, 122.69110870361328, 123.26929473876953, 123.58983612060547, 123.57311248779297, 123.1517333984375, 122.26592254638672, 120.86870574951172, 118.9487533569336, 116.55219268798828, 113.77945709228516, 110.74974822998047, 107.5488510131836, 104.19212341308594, 100.65657806396484, 96.97222900390625, 93.25888061523438, 89.65662384033203, 86.25453186035156, 83.0815658569336, 80.13069152832031, 77.38105010986328, 74.80846405029297, 72.38785552978516, 70.09292602539062, 67.89595031738281, 65.76969909667969, 63.6903076171875, 61.64105224609375, 59.61417007446289, 57.61048126220703, 55.63637924194336, 53.699684143066406, 51.80669021606445, 49.96198272705078, 48.17022705078125, 46.43802261352539, 44.773521423339844, 43.184078216552734, 41.67399215698242, 40.24412536621094, 38.89381408691406, 37.62232208251953, 36.428306579589844, 35.307334899902344, 34.249176025390625, 33.23771667480469, 32.254730224609375, 31.2844295501709, 30.31410026550293, 29.33177375793457, 28.32598876953125, 27.28853988647461, 26.21657943725586, 25.111515045166016, 23.976335525512695, 22.813690185546875, 21.625629425048828, 20.414722442626953, 19.185836791992188, 17.948047637939453, 16.71577262878418, 15.507000923156738, 14.337686538696289, 13.216590881347656, 12.147571563720703, 11.136334419250488, 10.18850040435791, 9.297534942626953, 8.439255714416504, 7.581990718841553, 6.702352523803711, 5.792691230773926, 4.852504253387451, 3.8602817058563232, 2.742211103439331, 1.5173250436782837, 0.7148028612136841], "RMSE": 22.11}