{"pred": [109.1014175415039, 108.28602600097656, 107.55679321289062, 106.88592529296875, 106.26290893554688, 105.70101165771484, 105.2332534790039, 104.904052734375, 104.7610855102539, 104.84699249267578, 105.19023895263672, 105.7959976196289, 106.63993835449219, 107.6685562133789, 108.8076400756836, 109.97579193115234, 111.09947204589844, 112.12346649169922, 113.01416778564453, 113.7573013305664, 114.3523178100586, 114.80669403076172, 115.13140106201172, 115.33789825439453, 115.43629455566406, 115.43457794189453, 115.338134765625, 115.14984893798828, 114.87005615234375, 114.4969711303711, 114.02721405029297, 113.45642852783203, 112.78020477294922, 111.99530029296875, 111.10114288330078, 110.10111236572266, 109.00353240966797, 107.82212829589844, 106.57534790039062, 105.28520965576172, 103.97494506835938, 102.66638946533203, 101.37751007080078, 100.12110137939453, 98.90442657470703, 97.7291259765625, 96.5915756225586, 95.48387908935547, 94.39498901367188, 93.31234741210938, 92.2228012084961, 91.1132583618164, 89.97069549560547, 88.78307342529297, 87.53992462158203, 86.23296356201172, 84.85596466064453, 83.40462493896484, 81.87650299072266, 80.27192687988281, 78.59481048583984, 76.85303497314453, 75.05823516845703, 73.22552490234375, 71.37310028076172, 69.52152252197266, 67.69232940673828, 65.90555572509766, 64.1774673461914, 62.519168853759766, 60.93657302856445, 59.43083572387695, 57.99869155883789, 56.63225173950195, 55.318965911865234, 54.04237365722656, 52.78398513793945, 51.52568435668945, 50.25233840942383, 48.95376205444336, 47.626399993896484, 46.27422332763672, 44.90870666503906, 43.54698181152344, 42.2085075378418, 40.91097640991211, 39.666988372802734, 38.48263931274414, 37.358154296875, 36.28945541381836, 35.2697868347168, 34.2907600402832, 33.34288787841797, 32.41591262817383, 31.4989070892334, 30.58003044128418, 29.64583396911621, 28.680036544799805, 27.662626266479492, 26.570310592651367, 25.380624771118164, 24.082136154174805, 22.691556930541992, 21.27100944519043, 19.925413131713867, 18.76101303100586, 17.827484130859375, 17.099952697753906, 16.51154327392578, 15.993683815002441, 15.495057106018066, 14.981841087341309, 14.43101692199707, 13.823935508728027, 13.142325401306152, 12.366540908813477, 11.475555419921875, 10.44912338256836, 9.274419784545898, 7.963126182556152, 6.5883893966674805, 5.3239240646362305, 4.370779991149902, 3.7811338901519775, 3.4683518409729004], "RMSE": 11.63}