{"pred": [118.97268676757812, 118.87852478027344, 118.83849334716797, 118.8438491821289, 118.88532257080078, 118.95381927490234, 119.04080963134766, 119.13864135742188, 119.24079895019531, 119.3418960571289, 119.43769073486328, 119.52498626708984, 119.60143280029297, 119.6654281616211, 119.71589660644531, 119.75218963623047, 119.77397918701172, 119.7810287475586, 119.77332305908203, 119.75076293945312, 119.71329498291016, 119.66077423095703, 119.59290313720703, 119.50918579101562, 119.408935546875, 119.2911148071289, 119.15432739257812, 118.99664306640625, 118.81552124023438, 118.60755157470703, 118.36820983886719, 118.0915298461914, 117.76956939697266, 117.3918228149414, 116.94427490234375, 116.40829467773438, 115.75912475585938, 114.96453094482422, 113.98432159423828, 112.77378845214844, 111.29700469970703, 109.55211639404297, 107.58692169189453, 105.46145629882812, 103.18633270263672, 100.73428344726562, 98.10327911376953, 95.3529281616211, 92.59152221679688, 89.93365478515625, 87.4613265991211, 85.20616912841797, 83.15686798095703, 81.27975463867188, 79.53661346435547, 77.8936767578125, 76.32520294189453, 74.81278228759766, 73.34418487548828, 71.91165161132812, 70.51030731201172, 69.1373519897461, 67.79053497314453, 66.46771240234375, 65.16680145263672, 63.885093688964844, 62.61975860595703, 61.36848068237305, 60.129459381103516, 58.90193557739258, 57.686649322509766, 56.48543167114258, 55.30115509033203, 54.13734817504883, 52.99741744995117, 51.8840446472168, 50.79890060424805, 49.741886138916016, 48.71085739135742, 47.70192337036133, 46.710025787353516, 45.72909164428711, 44.752498626708984, 43.774112701416016, 42.78884506225586, 41.79240417480469, 40.78126907348633, 39.75320816040039, 38.70751190185547, 37.64440155029297, 36.56459426879883, 35.46955871582031, 34.3620719909668, 33.24601364135742, 32.12567901611328, 31.005550384521484, 29.890493392944336, 28.78545379638672, 27.694250106811523, 26.61833953857422, 25.556615829467773, 24.50571632385254, 23.460351943969727, 22.414039611816406, 21.361026763916016, 20.299467086791992, 19.23427963256836, 18.17766761779785, 17.145301818847656, 16.148109436035156, 15.183244705200195, 14.230830192565918, 13.260234832763672, 12.24282455444336, 11.16480541229248, 10.034843444824219, 8.8827543258667, 7.747149467468262, 6.65570592880249, 5.609913349151611, 4.591553211212158, 3.6112678050994873, 2.7663626670837402, 2.1625092029571533, 1.7883343696594238], "RMSE": 12.24}