{"pred": [98.94398498535156, 99.24551391601562, 99.53314971923828, 99.8062973022461, 100.06436920166016, 100.306884765625, 100.53337097167969, 100.743408203125, 100.93661499023438, 101.11268615722656, 101.27128601074219, 101.412109375, 101.534912109375, 101.63941955566406, 101.72532653808594, 101.79236602783203, 101.84027099609375, 101.86869812011719, 101.87734985351562, 101.86582946777344, 101.83375549316406, 101.78069305419922, 101.7061767578125, 101.60968017578125, 101.4906234741211, 101.34844970703125, 101.18247985839844, 100.99201965332031, 100.7763442993164, 100.53468322753906, 100.26619720458984, 99.97013854980469, 99.64559936523438, 99.29178619384766, 98.90788269042969, 98.49307250976562, 98.04662322998047, 97.56791687011719, 97.05635070800781, 96.51146697998047, 95.93307495117188, 95.32099914550781, 94.6753921508789, 93.99662780761719, 93.28532409667969, 92.54241943359375, 91.76908874511719, 90.96692657470703, 90.13775634765625, 89.28376770019531, 88.40734100341797, 87.51118469238281, 86.59825134277344, 85.67149353027344, 84.73423767089844, 83.78955078125, 82.84072875976562, 81.89085388183594, 80.94294738769531, 79.99968719482422, 79.06376647949219, 78.13724517822266, 77.22219848632812, 76.32012939453125, 75.43232727050781, 74.55964660644531, 73.7025146484375, 72.8610610961914, 72.03507995605469, 71.22396850585938, 70.42680358886719, 69.6424331665039, 68.86940002441406, 68.10603332519531, 67.35050964355469, 66.60086822509766, 65.8551025390625, 65.1112289428711, 64.36727142333984, 63.621360778808594, 62.87172317504883, 62.116695404052734, 61.35481262207031, 60.58460235595703, 59.804744720458984, 59.01396942138672, 58.21088790893555, 57.394290924072266, 56.56276321411133, 55.71513366699219, 54.85028839111328, 53.967288970947266, 53.065731048583984, 52.145477294921875, 51.206912994384766, 50.250911712646484, 49.27873611450195, 48.29185104370117, 47.29212951660156, 46.28137969970703, 45.26162338256836, 44.23483657836914, 43.20303726196289, 42.16838836669922, 41.13303756713867, 40.0992546081543, 39.06937026977539, 38.045780181884766, 37.03084945678711, 36.02692794799805, 35.03608703613281, 34.0600471496582, 33.09986114501953, 32.155818939208984, 31.227113723754883, 30.311723709106445, 29.406192779541016, 28.50532341003418, 27.601903915405273, 26.686298370361328, 25.746305465698242, 24.767824172973633, 23.73756217956543, 22.65000343322754, 21.51917839050293], "RMSE": 16.57}