{"pred": [90.08660888671875, 90.84375, 91.54791259765625, 92.19938659667969, 92.79862976074219, 93.34640502929688, 93.84364318847656, 94.2913818359375, 94.69084167480469, 95.04325866699219, 95.34999084472656, 95.61238098144531, 95.831787109375, 96.00961303710938, 96.147216796875, 96.24595642089844, 96.30712890625, 96.33203125, 96.32189178466797, 96.27789306640625, 96.20116424560547, 96.09278106689453, 95.9537582397461, 95.78504180908203, 95.58755493164062, 95.36215209960938, 95.109619140625, 94.83071899414062, 94.52617645263672, 94.1966552734375, 93.84284973144531, 93.46532440185547, 93.06468963623047, 92.64149475097656, 92.1963119506836, 91.7295913696289, 91.2418212890625, 90.7333984375, 90.2047348022461, 89.65611267089844, 89.0877685546875, 88.49993896484375, 87.8927230834961, 87.26617431640625, 86.62030029296875, 85.95506286621094, 85.27033996582031, 84.5660171508789, 83.84196472167969, 83.09803771972656, 82.33416748046875, 81.55028533935547, 80.74641418457031, 79.92267608642578, 79.07926940917969, 78.21650695800781, 77.33482360839844, 76.43475341796875, 75.5169906616211, 74.58228302001953, 73.63153076171875, 72.66570281982422, 71.68586730957031, 70.69313049316406, 69.68869018554688, 68.67378234863281, 67.64967346191406, 66.61767578125, 65.57904052734375, 64.53512573242188, 63.48716735839844, 62.43645095825195, 61.38418960571289, 60.33158493041992, 59.27970886230469, 58.22960662841797, 57.18218231201172, 56.13824462890625, 55.09843063354492, 54.06320571899414, 53.032840728759766, 52.0073356628418, 50.986392974853516, 49.96938705444336, 48.955326080322266, 47.942745208740234, 46.92970657348633, 45.913814544677734, 44.89216232299805, 43.86143112182617, 42.81803512573242, 41.75844192504883, 40.67972183227539, 39.580631256103516, 38.46354293823242, 37.33783721923828, 36.22515106201172, 35.16530990600586, 34.2180290222168, 33.44975662231445, 32.89817810058594, 32.528812408447266, 32.2246208190918, 31.835487365722656, 31.25222396850586, 30.438371658325195], "RMSE": 23.65}