{"pred": [117.48185729980469, 117.32147979736328, 117.15555572509766, 116.98406219482422, 116.80706024169922, 116.6247329711914, 116.43724822998047, 116.24466705322266, 116.0470199584961, 115.84418487548828, 115.63592529296875, 115.4218978881836, 115.2015380859375, 114.97416687011719, 114.73892974853516, 114.49469757080078, 114.24018096923828, 113.97379302978516, 113.69367218017578, 113.3976821899414, 113.0834732055664, 112.7486343383789, 112.39108276367188, 112.0097885131836, 111.60617065429688, 111.1863784790039, 110.76490020751953, 110.3689193725586, 110.04192352294922, 109.84239959716797, 109.83204650878906, 110.05353546142578, 110.50858306884766, 111.1515121459961, 111.90190887451172, 112.66301727294922, 113.33878326416016, 113.85181427001953, 114.1568832397461, 114.24083709716797, 114.11006164550781, 113.77762603759766, 113.2566909790039, 112.55882263183594, 111.69393157958984, 110.67034149169922, 109.49503326416016, 108.1744384765625, 106.71488952636719, 105.12425231933594, 103.41281127929688, 101.59378051757812, 99.6834487915039, 97.70035552978516, 95.66474151611328, 93.5964584350586, 91.51412200927734, 89.43413543701172, 87.36994171142578, 85.3311767578125, 83.3241958618164, 81.35252380371094, 79.41716766357422, 77.51718139648438, 75.6502914428711, 73.81400299072266, 72.0065689086914, 70.22737884521484, 68.4771499633789, 66.75796508789062, 65.0737075805664, 63.4300537109375, 61.83294677734375, 60.28761672973633, 58.797725677490234, 57.365447998046875, 55.991519927978516, 54.67477035522461, 53.41152572631836, 52.19601821899414, 51.021488189697266, 49.88109588623047, 48.76824188232422, 47.67633056640625, 46.5987434387207, 45.52941131591797, 44.46355056762695, 43.39774703979492, 42.329410552978516, 41.25615310668945, 40.17576599121094, 39.08667755126953, 37.98832321166992, 36.88088607788086, 35.76458740234375, 34.63912582397461, 33.50361251831055, 32.356868743896484, 31.197370529174805, 30.022748947143555, 28.82892417907715, 27.60988426208496, 26.35843849182129, 25.068193435668945, 23.736631393432617, 22.368810653686523, 20.980756759643555, 19.600767135620117, 18.266061782836914, 17.01289176940918, 15.862317085266113, 14.809593200683594, 13.826034545898438, 12.872748374938965, 11.9164400100708, 10.938667297363281, 9.937180519104004, 8.92174243927002, 7.906535625457764, 6.900392532348633, 5.897457122802734, 4.878987789154053, 3.854628562927246, 2.9357128143310547, 2.270319700241089, 1.8684231042861938], "RMSE": 13.99}