{"pred": [114.273193359375, 114.29816436767578, 114.58267974853516, 115.80254364013672, 117.27620697021484, 118.31298828125, 119.22005462646484, 120.02819061279297, 119.8620376586914, 119.46402740478516, 119.37366485595703, 119.14823150634766, 118.9158706665039, 118.79874420166016, 118.56985473632812, 118.8843002319336, 119.6872787475586, 120.31121826171875, 120.22846221923828, 119.9375228881836, 119.2603988647461, 118.57366180419922, 118.21048736572266, 117.75846099853516, 117.35099792480469, 116.93329620361328, 115.93230438232422, 115.40841674804688, 114.73468780517578, 114.2688980102539, 113.85294342041016, 113.71257781982422, 113.52011108398438, 112.81828308105469, 111.89444732666016, 111.17161560058594, 110.1213607788086, 108.4579849243164, 106.43213653564453, 104.40025329589844, 102.0902328491211, 100.69449615478516, 100.51163482666016, 101.6639175415039, 103.99555206298828, 105.43242645263672, 105.7014389038086, 104.4500961303711, 102.49483489990234, 100.09002685546875, 97.93891143798828, 95.91783905029297, 93.83863067626953, 91.51567840576172, 89.34506225585938, 86.06271362304688, 82.67182922363281, 78.75309753417969, 75.25287628173828, 72.06757354736328, 69.40071868896484, 66.3223648071289, 63.21950149536133, 60.09290313720703, 58.04414367675781, 55.80203628540039, 54.21209716796875, 53.50386428833008, 54.394447326660156, 55.0626106262207, 55.64586639404297, 55.683467864990234, 55.94420623779297, 55.705970764160156, 54.51730728149414, 53.34984588623047, 51.64049530029297, 50.958553314208984, 49.87551498413086, 48.8464241027832, 47.8167839050293, 46.83921432495117, 46.864158630371094, 46.976165771484375, 46.2769775390625, 45.85450744628906, 44.731300354003906, 43.311378479003906, 41.954681396484375, 41.169281005859375, 40.72407531738281, 40.551727294921875, 40.28485107421875, 40.020896911621094, 38.87200164794922, 37.78517150878906, 35.86425018310547, 33.98020553588867, 31.145702362060547, 29.84696388244629, 29.27898597717285, 27.811342239379883, 25.178558349609375, 22.312864303588867, 20.319866180419922, 19.243595123291016, 18.07392120361328, 16.786264419555664, 16.528026580810547, 15.684053421020508, 15.321060180664062, 14.500686645507812, 13.513964653015137, 12.418081283569336, 11.232976913452148, 10.010586738586426, 8.822872161865234, 7.770407199859619, 6.837555885314941, 6.012160778045654, 5.244479179382324, 4.501428127288818, 3.8196496963500977, 3.25650954246521, 2.7909252643585205], "RMSE": 12.22}