{"pred": [116.03669738769531, 115.69086456298828, 115.32129669189453, 114.92501831054688, 114.4991683959961, 114.04122161865234, 113.54933166503906, 113.02266693115234, 112.46186065673828, 111.86963653564453, 111.25100708007812, 110.6134262084961, 109.96624755859375, 109.3194351196289, 108.68160247802734, 108.0580062866211, 107.4489517211914, 106.8497085571289, 106.25159454345703, 105.64507293701172, 105.02230834960938, 104.37901306152344, 103.71566772460938, 103.03857421875, 102.36045837402344, 101.69886779785156, 101.07210540771484, 100.49505615234375, 99.9765625, 99.5186996459961, 99.11692810058594, 98.7613296508789, 98.43865203857422, 98.13375091552734, 97.83135986328125, 97.51643371582031, 97.1755599975586, 96.7961654663086, 96.36734771728516, 95.87932586669922, 95.32343292236328, 94.69255065917969, 93.98087310791016, 93.18460845947266, 92.30236053466797, 91.33546447753906, 90.28852081298828, 89.16980743408203, 87.99127960205078, 86.76799774169922, 85.51703643798828, 84.25652313232422, 83.0038070678711, 81.7738037109375, 80.57727813720703, 79.42029571533203, 78.30408477783203, 77.22508239746094, 76.17520904541016, 75.143310546875, 74.11666107177734, 73.08270263671875, 72.02973937988281, 70.94775390625, 69.82989501953125, 68.6737060546875, 67.48030853271484, 66.2528305053711, 64.99527740478516, 63.71278381347656, 62.411502838134766, 61.096988677978516, 59.7728385925293, 58.44167709350586, 57.1071891784668, 55.77418518066406, 54.44684600830078, 53.1278190612793, 51.8193244934082, 50.52438735961914, 49.24618911743164, 47.98653030395508, 46.74543380737305, 45.52233123779297, 44.31694412231445, 43.128990173339844, 41.95749282836914, 40.80059814453125, 39.65604782104492, 38.521907806396484, 37.39657211303711, 36.278560638427734, 35.1661262512207, 34.05709457397461, 32.94916534423828, 31.840280532836914, 30.72865104675293, 29.611949920654297, 28.486356735229492, 27.346399307250977, 26.185565948486328, 24.997114181518555, 23.775297164916992, 22.518278121948242, 21.233192443847656, 19.941524505615234, 18.680665969848633, 17.496736526489258, 16.426422119140625, 15.47542953491211, 14.610642433166504, 13.774802207946777, 12.912121772766113, 11.986692428588867, 10.987436294555664, 9.923968315124512, 8.81901741027832, 7.700153350830078, 6.591273307800293, 5.503381252288818, 4.432106971740723, 3.403125286102295, 2.558542251586914, 2.036128282546997, 1.7834793329238892], "RMSE": 6.5}