{"pred": [91.90933990478516, 91.9526138305664, 91.68069458007812, 91.10672760009766, 90.31714630126953, 89.4178237915039, 88.49629974365234, 87.61205291748047, 86.80086517333984, 86.0816421508789, 85.46224975585938, 84.94418334960938, 84.52574920654297, 84.2042465209961, 83.97698211669922, 83.84171295166016, 83.79659271240234, 83.83979034423828, 83.96894836425781, 84.18047332763672, 84.46876525878906, 84.82535552978516, 85.23828887939453, 85.69136047363281, 86.16399383544922, 86.63157653808594, 87.06648254394531, 87.44046783447266, 87.7275390625, 87.90718841552734, 87.96757507324219, 87.90768432617188, 87.73847198486328, 87.48130798339844, 87.16356658935547, 86.81214141845703, 86.4475326538086, 86.08081817626953, 85.71419525146484, 85.34314727783203, 84.9590072631836, 84.550537109375, 84.1047592163086, 83.60590362548828, 83.03482818603516, 82.37122344970703, 81.59774017333984, 80.70227813720703, 79.67633819580078, 78.515869140625, 77.22571563720703, 75.82257843017578, 74.33024597167969, 72.7715072631836, 71.16301727294922, 69.51618957519531, 67.8420181274414, 66.15251922607422, 64.45702362060547, 62.76141357421875, 61.07168197631836, 59.395816802978516, 57.74092102050781, 56.110870361328125, 54.50872039794922, 52.93936538696289, 51.407554626464844, 49.91474914550781, 48.45907211303711, 47.036651611328125, 45.64217758178711, 44.268165588378906, 42.90517044067383, 41.54418182373047, 40.178565979003906, 38.802284240722656, 37.40699005126953, 35.98328399658203, 34.52479553222656, 33.02934646606445, 31.497644424438477, 29.93305206298828, 28.34221649169922, 26.73459815979004, 25.12215805053711, 23.521331787109375, 21.956531524658203, 20.460134506225586, 19.063066482543945, 17.776199340820312, 16.57561492919922, 15.408685684204102, 14.223780632019043, 13.00699234008789, 11.797952651977539, 10.661383628845215, 9.629881858825684, 8.673508644104004, 7.724949359893799, 6.727499485015869, 5.661348342895508, 4.53628396987915, 3.3706324100494385, 2.196521520614624, 1.181859016418457, 0.6469605565071106], "RMSE": 12.43}