{"pred": [118.85541534423828, 118.59502410888672, 118.34620666503906, 118.10984802246094, 117.88654327392578, 117.67659759521484, 117.4799575805664, 117.29631805419922, 117.12506866455078, 116.96544647216797, 116.8163833618164, 116.67677307128906, 116.54532623291016, 116.42070770263672, 116.30152130126953, 116.18636322021484, 116.07379913330078, 115.9624252319336, 115.8508071899414, 115.73754119873047, 115.62120819091797, 115.50033569335938, 115.37346649169922, 115.23902130126953, 115.09529876708984, 114.94050598144531, 114.7725830078125, 114.58919525146484, 114.38768005371094, 114.1648178100586, 113.91682434082031, 113.63902282714844, 113.32577514648438, 112.97007751464844, 112.56327819824219, 112.09477996826172, 111.55162811279297, 110.91844940185547, 110.17759704589844, 109.3101577758789, 108.29816436767578, 107.12877655029297, 105.8000717163086, 104.32530212402344, 102.7283935546875, 101.03071594238281, 99.2442398071289, 97.38087463378906, 95.46410369873047, 93.52660369873047, 91.59737396240234, 89.6925277709961, 87.81706237792969, 85.97444152832031, 84.17635345458984, 82.44457244873047, 80.8033218383789, 79.26720428466797, 77.83325958251953, 76.48090362548828, 75.17759704589844, 73.88716125488281, 72.57711029052734, 71.22281646728516, 69.8106918334961, 68.33908081054688, 66.8170394897461, 65.26205444335938, 63.69718551635742, 62.147281646728516, 60.635494232177734, 59.18100357055664, 57.79701614379883, 56.48944091796875, 55.2571907043457, 54.09357833862305, 52.98698806762695, 51.92198181152344, 50.88274383544922, 49.85688400268555, 48.8365592956543, 47.81804275512695, 46.801998138427734, 45.79324722290039, 44.797420501708984, 43.81680679321289, 42.85072708129883, 41.89814376831055, 40.9576416015625, 40.02518081665039, 39.09474182128906, 38.16164779663086, 37.22344207763672, 36.277103424072266, 35.31699752807617, 34.335906982421875, 33.32631301879883, 32.27872848510742, 31.178619384765625, 30.00599479675293, 28.738954544067383, 27.3594913482666, 25.861717224121094, 24.264434814453125, 22.622583389282227, 21.0208683013916, 19.5412654876709, 18.22614097595215, 17.06941032409668, 16.037769317626953, 15.095992088317871, 14.218563079833984, 13.38938045501709, 12.59589958190918, 11.821398735046387, 11.039030075073242, 10.210256576538086, 9.287736892700195, 8.222773551940918, 6.982292652130127, 5.587820529937744, 4.183783531188965, 3.062852144241333, 2.423166275024414, 2.129441022872925], "RMSE": 11.61}