{"pred": [120.65335845947266, 120.64298248291016, 120.66024017333984, 120.71748352050781, 120.806640625, 120.91102600097656, 121.01367950439453, 121.1016845703125, 121.16744232177734, 121.20789337158203, 121.22296905517578, 121.21404266357422, 121.18286895751953, 121.13082122802734, 121.05867767333984, 120.96646881103516, 120.85352325439453, 120.71843719482422, 120.55913543701172, 120.37281036376953, 120.15596771240234, 119.90435791015625, 119.61299896240234, 119.27632904052734, 118.88851928710938, 118.4437026977539, 117.9368667602539, 117.3642807006836, 116.72476959228516, 116.02066802978516, 115.25870513916016, 114.4498519897461, 113.60833740234375, 112.74930572509766, 111.88617706298828, 111.02733612060547, 110.1738510131836, 109.3172836303711, 108.43885040283203, 107.51042175292969, 106.4981460571289, 105.36935424804688, 104.10212707519531, 102.69544219970703, 101.17440032958984, 99.588134765625, 97.99764251708984, 96.45897674560547, 95.00836944580078, 93.65457916259766, 92.37932586669922, 91.14351654052734, 89.89656066894531, 88.5894775390625, 87.19049835205078, 85.69754791259766, 84.13714599609375, 82.54938507080078, 80.97040557861328, 79.42230987548828, 77.91204071044922, 76.4350357055664, 74.97998809814453, 73.53374481201172, 72.08596801757812, 70.6317367553711, 69.1708755493164, 67.70586395263672, 66.24066925048828, 64.7806167602539, 63.33204650878906, 61.90093231201172, 60.49112319946289, 59.10249328613281, 57.73080062866211, 56.36973571777344, 55.01435470581055, 53.66352844238281, 52.319725036621094, 50.98616027832031, 49.66395950317383, 48.3527946472168, 47.05445861816406, 45.77524948120117, 44.52398681640625, 43.307621002197266, 42.12859344482422, 40.986488342285156, 39.881656646728516, 38.81580352783203, 37.78748321533203, 36.78812789916992, 35.80448913574219, 34.82414245605469, 33.836585998535156, 32.83060073852539, 31.794374465942383, 30.719482421875, 29.60375213623047, 28.450420379638672, 27.265857696533203, 26.058414459228516, 24.83869171142578, 23.620563507080078, 22.421588897705078, 21.26107406616211, 20.15503692626953, 19.108760833740234, 18.110313415527344, 17.130626678466797, 16.13353729248047, 15.093305587768555, 14.012163162231445, 12.925753593444824, 11.886007308959961, 10.926899909973145, 10.038817405700684, 9.17354679107666, 8.274230003356934, 7.305187702178955, 6.261907577514648, 5.1602864265441895, 4.019449234008789, 2.8576040267944336, 1.743595838546753, 0.9336032867431641, 0.5893769264221191], "RMSE": 10.86}