{"pred": [87.06761932373047, 87.07184600830078, 87.4686279296875, 88.1572036743164, 89.03866577148438, 90.02373504638672, 91.03789520263672, 92.02367401123047, 92.9402847290039, 93.7614974975586, 94.47274780273438, 95.06820678710938, 95.54814910888672, 95.91687774658203, 96.1810531616211, 96.34894561767578, 96.4295425415039, 96.43187713623047, 96.36466217041016, 96.23600006103516, 96.05300903320312, 95.82134246826172, 95.54510498046875, 95.22689056396484, 94.86763763427734, 94.46678161621094, 94.0224838256836, 93.53186798095703, 92.99146270751953, 92.39728546142578, 91.74557495117188, 91.0327377319336, 90.2562026977539, 89.41436767578125, 88.50739288330078, 87.53720092773438, 86.50767517089844, 85.42486572265625, 84.2966537475586, 83.13272857666016, 81.94368743896484, 80.74065399169922, 79.53398895263672, 78.33313751220703, 77.14588165283203, 75.97823333740234, 74.83438873291016, 73.71659088134766, 72.62471771240234, 71.55656433105469, 70.50794219970703, 69.47354125976562, 68.44740295410156, 67.42306518554688, 66.39327239990234, 65.3496322631836, 64.28273010253906, 63.182918548583984, 62.041648864746094, 60.85213851928711, 59.60979080200195, 58.312137603759766, 56.95945739746094, 55.5555305480957, 54.10798645019531, 52.62732696533203, 51.12516403198242, 49.61275863647461, 48.1008186340332, 46.60014724731445, 45.121273040771484, 43.67296600341797, 42.260623931884766, 40.88595962524414, 39.5482177734375, 38.24513244628906, 36.97251892089844, 35.72288513183594, 34.48454666137695, 33.24197769165039, 31.976749420166016, 30.667970657348633, 29.292621612548828, 27.828392028808594, 26.26203727722168, 24.60282325744629, 22.893747329711914, 21.2073917388916, 19.620113372802734, 18.179563522338867, 16.8924560546875, 15.738505363464355, 14.69124698638916, 13.729053497314453, 12.834563255310059, 11.987859725952148, 11.159666061401367, 10.309067726135254, 9.386453628540039, 8.34094524383545, 7.135679244995117, 5.781495094299316, 4.3954758644104, 3.2307493686676025, 2.5072994232177734, 2.1609880924224854], "RMSE": 11.67}