{"pred": [115.9466781616211, 115.5787582397461, 115.19198608398438, 114.77568817138672, 114.32764434814453, 113.84786987304688, 113.3377456665039, 112.80007934570312, 112.23876190185547, 111.65816497802734, 111.06263732910156, 110.45610809326172, 109.84199523925781, 109.22338104248047, 108.603271484375, 107.98494720458984, 107.37226867675781, 106.77008056640625, 106.18431091308594, 105.62195587158203, 105.09107208251953, 104.6004409790039, 104.15885925292969, 103.7745590209961, 103.45401000976562, 103.20072937011719, 103.0142593383789, 102.8890151977539, 102.8138427734375, 102.7719955444336, 102.74221801757812, 102.6998062133789, 102.61873626708984, 102.47331237792969, 102.23980712890625, 101.89730834960938, 101.42852783203125, 100.81983184814453, 100.0615005493164, 99.1479721069336, 98.07833099365234, 96.85655212402344, 95.49190521240234, 93.99893951416016, 92.39655303955078, 90.7067642211914, 88.95308685302734, 87.15912628173828, 85.3473892211914, 83.5388412475586, 81.7524642944336, 80.00438690185547, 78.30730438232422, 76.66962432861328, 75.09547424316406, 73.5860824584961, 72.14092254638672, 70.75875854492188, 69.43722534179688, 68.17098999023438, 66.95035552978516, 65.76136779785156, 64.58751678466797, 63.41313171386719, 62.22751998901367, 61.02786636352539, 59.819236755371094, 58.61094665527344, 57.41160202026367, 56.22618865966797, 55.056114196777344, 53.90071487426758, 52.75823211669922, 51.625389099121094, 50.49692916870117, 49.3666877746582, 48.23042297363281, 47.08835220336914, 45.94521713256836, 44.807281494140625, 43.6785888671875, 42.559242248535156, 41.44757843017578, 40.343963623046875, 39.252357482910156, 38.17822265625, 37.125282287597656, 36.093833923339844, 35.08269500732422, 34.092437744140625, 33.126487731933594, 32.18890380859375, 31.280662536621094, 30.397403717041016, 29.53072738647461, 28.67166519165039, 27.81195068359375, 26.942764282226562, 26.055458068847656, 25.14507293701172, 24.212692260742188, 23.265541076660156, 22.314754486083984, 21.369800567626953, 20.432750701904297, 19.496204376220703, 18.54433822631836, 17.556739807128906, 16.51513671875, 15.411157608032227, 14.253966331481934, 13.074895858764648, 11.920527458190918, 10.830755233764648, 9.816576957702637, 8.85770034790039, 7.920196533203125, 6.97649621963501, 6.014148712158203, 5.0335001945495605, 4.039834022521973, 3.030559778213501, 1.9890881776809692, 1.0329582691192627, 0.5239701867103577], "RMSE": 5.45}