{"pred": [98.05931091308594, 98.85055541992188, 99.59272766113281, 100.28611755371094, 100.93125915527344, 101.52890014648438, 102.08001708984375, 102.58552551269531, 103.0465316772461, 103.46438598632812, 103.84003448486328, 104.1749267578125, 104.47014617919922, 104.72687530517578, 104.94622039794922, 105.12933349609375, 105.27723693847656, 105.39079284667969, 105.47091674804688, 105.51846313476562, 105.5340805053711, 105.51844787597656, 105.47212219238281, 105.39562225341797, 105.28945922851562, 105.15393829345703, 104.98945617675781, 104.79631042480469, 104.57475280761719, 104.32501220703125, 104.04737854003906, 103.74201965332031, 103.4091796875, 103.04912567138672, 102.66214752197266, 102.24848937988281, 101.80854797363281, 101.34270477294922, 100.8514633178711, 100.33529663085938, 99.79483032226562, 99.23068237304688, 98.64361572265625, 98.03446960449219, 97.404052734375, 96.75336456298828, 96.08338928222656, 95.39517974853516, 94.6898422241211, 93.96846008300781, 93.23224639892578, 92.4822998046875, 91.7198257446289, 90.94591522216797, 90.1617431640625, 89.36839294433594, 88.56684112548828, 87.75811767578125, 86.94313049316406, 86.12271118164062, 85.2977294921875, 84.46883392333984, 83.63668823242188, 82.80189514160156, 81.96492004394531, 81.12618255615234, 80.2861328125, 79.44499206542969, 78.60305786132812, 77.76045989990234, 76.91738891601562, 76.07388305664062, 75.23004150390625, 74.38583374023438, 73.541259765625, 72.6961669921875, 71.85054016113281, 71.00424194335938, 70.15705871582031, 69.30887603759766, 68.45945739746094, 67.60855865478516, 66.75599670410156, 65.9014892578125, 65.04478454589844, 64.18562316894531, 63.323726654052734, 62.4588623046875, 61.59077835083008, 60.719242095947266, 59.84405517578125, 58.96503448486328, 58.0820198059082, 57.19490432739258, 56.303585052490234, 55.407989501953125, 54.508113861083984, 53.60392379760742, 52.695472717285156, 51.78279495239258, 50.865989685058594, 49.94516372680664, 49.020442962646484, 48.09199523925781, 47.15998458862305, 46.22452926635742, 45.285728454589844, 44.34360885620117, 43.39804458618164, 42.44871520996094, 41.49501419067383, 40.53591537475586, 39.56978988647461, 38.59424591064453, 37.605873107910156, 36.600154876708984, 35.57157516479492, 34.514278411865234, 33.42380905151367, 32.300106048583984, 31.152101516723633, 30.002281188964844, 28.888282775878906, 27.856611251831055, 26.94588279724121], "RMSE": 20.98}