{"pred": [117.99137115478516, 117.5240707397461, 117.04142761230469, 116.54749298095703, 116.04759979248047, 115.54814147949219, 115.05642700195312, 114.58023071289062, 114.12731170654297, 113.7049331665039, 113.31929779052734, 112.97528839111328, 112.67615509033203, 112.42362976074219, 112.2178955078125, 112.0579605102539, 111.94168853759766, 111.8661880493164, 111.82784271240234, 111.82245635986328, 111.8453598022461, 111.89154815673828, 111.9557113647461, 112.03238677978516, 112.11624908447266, 112.20206451416016, 112.2849349975586, 112.36031341552734, 112.42398834228516, 112.471923828125, 112.49995422363281, 112.50366973876953, 112.4778060913086, 112.41617584228516, 112.31158447265625, 112.15570831298828, 111.93903350830078, 111.65069580078125, 111.27816009521484, 110.807373046875, 110.22318267822266, 109.51022338867188, 108.65496063232422, 107.64788055419922, 106.4861831665039, 105.17621612548828, 103.73481750488281, 102.18793487548828, 100.56710052490234, 98.90361785888672, 97.22307586669922, 95.54161834716797, 93.86487579345703, 92.19017791748047, 90.51091766357422, 88.82099914550781, 87.11906433105469, 85.4105224609375, 83.70572662353516, 82.01570892333984, 80.34717559814453, 78.69913482666016, 77.06295013427734, 75.42499542236328, 73.77082061767578, 72.0896987915039, 70.37791442871094, 68.64022064208984, 66.88903045654297, 65.14215087890625, 63.41965866088867, 61.7406005859375, 60.11984634399414, 58.56644821166992, 57.08376693725586, 55.67064666748047, 54.322265625, 53.0306282043457, 51.78510284423828, 50.574161529541016, 49.38803482055664, 48.2210807800293, 47.072593688964844, 45.94619369506836, 44.848514556884766, 43.78764724731445, 42.77122116088867, 41.80387878417969, 40.88522720336914, 40.009925842285156, 39.169795989990234, 38.35609817504883, 37.56029510498047, 36.77326965332031, 35.984683990478516, 35.18318557739258, 34.35669708251953, 33.49141311645508, 32.56938934326172, 31.56657600402832, 30.454254150390625, 29.20559310913086, 27.80823516845703, 26.282196044921875, 24.696489334106445, 23.16343879699707, 21.792261123657227, 20.630916595458984, 19.65317726135254, 18.79452896118164, 17.993120193481445, 17.208799362182617, 16.422199249267578, 15.62539005279541, 14.812811851501465, 13.97542953491211, 13.097760200500488, 12.156937599182129, 11.12386417388916, 9.968847274780273, 8.67751693725586, 7.282454490661621, 5.883780002593994, 4.601188659667969, 3.6095941066741943, 3.0335631370544434], "RMSE": 12.25}