{"mean": [115.9225082397461, 114.78206634521484, 109.33560943603516, 111.20723724365234, 114.99336242675781, 110.2767105102539, 111.88645935058594, 109.1578598022461, 113.6370620727539, 112.0671157836914, 111.12235260009766, 110.7072982788086, 109.35208892822266, 116.32100677490234, 112.16265869140625, 106.048828125, 104.80377197265625, 111.76799011230469, 105.268798828125, 105.09867858886719, 100.15989685058594, 108.75567626953125, 96.84101867675781, 105.3464584350586, 112.2330551147461, 102.34058380126953, 97.87376403808594, 108.74201965332031, 95.92802429199219, 99.27855682373047, 104.99920654296875, 103.23469543457031, 103.34283447265625, 98.15974426269531, 93.27474212646484, 100.42549133300781, 101.35672760009766, 88.1421127319336, 93.83460998535156, 102.1757583618164, 102.02571105957031, 97.41454315185547, 96.12395477294922, 101.63526916503906, 98.94656372070312, 91.0142822265625, 98.0208511352539, 91.0285415649414, 85.4439926147461, 87.19734954833984, 87.67304992675781, 80.79671478271484, 85.65827941894531, 89.19151306152344, 83.69010925292969, 79.85948181152344, 82.817138671875, 69.42005920410156, 76.84004974365234, 85.39656066894531, 75.50066375732422, 66.75406646728516, 68.41648864746094, 74.41210174560547, 66.85124969482422, 69.51988220214844, 64.28286743164062, 63.9236946105957, 58.1659049987793, 56.91267013549805, 62.798179626464844, 55.031158447265625, 59.6225471496582, 56.997840881347656, 53.257537841796875, 55.06714630126953, 50.46448516845703, 47.96965408325195, 49.168846130371094, 47.68830108642578, 47.990543365478516, 46.643550872802734, 45.204715728759766, 43.37090301513672, 42.33481979370117, 41.180320739746094, 39.69906234741211, 38.932891845703125, 37.59767150878906, 35.2707405090332, 34.84299087524414, 34.14295196533203, 32.95978546142578, 32.393310546875, 31.809833526611328, 28.228694915771484, 29.315088272094727, 27.284900665283203, 25.95892906188965, 25.925622940063477, 25.225048065185547, 26.17595863342285, 24.29844093322754, 22.61416244506836, 23.30278778076172, 22.058856964111328, 19.88715934753418, 20.34036636352539, 18.089771270751953, 17.67226791381836, 17.1971378326416, 16.992733001708984, 16.720027923583984, 14.881381034851074, 14.583949089050293, 13.739753723144531, 11.80906867980957, 11.52461051940918, 10.364195823669434, 8.837347030639648, 7.909702301025391, 6.650389671325684, 5.629067420959473, 4.596866130828857, 3.5313782691955566, 2.7732365131378174, 1.3854060173034668], "var": [14.048036575317383, 17.367921829223633, 30.877206802368164, 52.102882385253906, 9.400542259216309, 40.37946701049805, 36.04729461669922, 14.620100975036621, 35.6988525390625, 38.5091667175293, 106.92334747314453, 132.75375366210938, 54.501583099365234, 89.516357421875, 84.01802062988281, 94.83863830566406, 89.74785614013672, 113.52334594726562, 161.35403442382812, 67.46459197998047, 218.82406616210938, 112.89478302001953, 212.49742126464844, 252.83934020996094, 169.30140686035156, 298.3628234863281, 232.61767578125, 57.93138122558594, 180.41278076171875, 204.611083984375, 235.89837646484375, 62.27796173095703, 169.0127410888672, 289.9413146972656, 258.0646057128906, 119.4673080444336, 397.1952819824219, 406.7655334472656, 347.1754455566406, 286.7041320800781, 387.219970703125, 382.8551330566406, 556.5362548828125, 409.0107727050781, 285.8915100097656, 407.70916748046875, 297.1326599121094, 283.8355407714844, 292.43878173828125, 254.87567138671875, 156.33053588867188, 235.07894897460938, 83.79751586914062, 392.4277038574219, 78.49112701416016, 494.5087890625, 231.85169982910156, 199.5194549560547, 172.0924530029297, 97.61213684082031, 208.85076904296875, 99.85646057128906, 96.15737915039062, 137.36392211914062, 61.349300384521484, 125.90803527832031, 99.45804595947266, 59.334590911865234, 41.764320373535156, 26.70990753173828, 156.84689331054688, 36.21440505981445, 71.12921905517578, 49.65837860107422, 34.226993560791016, 30.647512435913086, 21.98955726623535, 19.108184814453125, 29.93431282043457, 15.378950119018555, 18.183650970458984, 10.18303394317627, 7.760213851928711, 11.503198623657227, 7.96660041809082, 28.061418533325195, 13.939706802368164, 34.479183197021484, 19.74364471435547, 5.88944149017334, 4.907190799713135, 6.115321636199951, 9.457257270812988, 6.896119594573975, 4.521145343780518, 6.631260871887207, 13.993205070495605, 6.098532199859619, 5.712351322174072, 4.6518425941467285, 3.5985267162323, 2.858494758605957, 4.340397357940674, 4.8150482177734375, 2.4077365398406982, 2.7092678546905518, 2.304253339767456, 4.596976280212402, 1.043560266494751, 2.56036114692688, 1.2979816198349, 1.6629728078842163, 0.4433687627315521, 1.8454043865203857, 1.8934555053710938, 1.9450286626815796, 1.1103919744491577, 0.9025506377220154, 0.9676094651222229, 0.7359423637390137, 1.9178892374038696, 0.43883928656578064, 0.4143659770488739, 0.3943319022655487, 0.6546844840049744, 0.5817632675170898, 0.2882770597934723], "true": [120.0, 120.0, 120.0, 120.0, 120.0, 120.0, 120.0, 119.0, 118.0, 117.0, 116.0, 115.0, 114.0, 113.0, 112.0, 111.0, 110.0, 109.0, 108.0, 107.0, 106.0, 105.0, 104.0, 103.0, 102.0, 101.0, 100.0, 99.0, 98.0, 97.0, 96.0, 95.0, 94.0, 93.0, 92.0, 91.0, 90.0, 89.0, 88.0, 87.0, 86.0, 85.0, 84.0, 83.0, 82.0, 81.0, 80.0, 79.0, 78.0, 77.0, 76.0, 75.0, 74.0, 73.0, 72.0, 71.0, 70.0, 69.0, 68.0, 67.0, 66.0, 65.0, 64.0, 63.0, 62.0, 61.0, 60.0, 59.0, 58.0, 57.0, 56.0, 55.0, 54.0, 53.0, 52.0, 51.0, 50.0, 49.0, 48.0, 47.0, 46.0, 45.0, 44.0, 43.0, 42.0, 41.0, 40.0, 39.0, 38.0, 37.0, 36.0, 35.0, 34.0, 33.0, 32.0, 31.0, 30.0, 29.0, 28.0, 27.0, 26.0, 25.0, 24.0, 23.0, 22.0, 21.0, 20.0, 19.0, 18.0, 17.0, 16.0, 15.0, 14.0, 13.0, 12.0, 11.0, 10.0, 9.0, 8.0, 7.0, 6.0, 5.0, 4.0, 3.0, 2.0, 1.0, 0.0], "RMSE": 6.68}