{"mean": [86.91111755371094, 93.25535583496094, 93.10302734375, 83.99175262451172, 81.1417465209961, 81.16124725341797, 86.00858306884766, 92.4510726928711, 79.31100463867188, 93.810302734375, 91.58728790283203, 87.27169036865234, 88.52508544921875, 94.81375885009766, 96.07444763183594, 97.86318969726562, 101.4642562866211, 97.4287109375, 93.1850814819336, 95.87635040283203, 103.55461120605469, 111.6573486328125, 95.53036499023438, 98.2266845703125, 104.767578125, 106.6192398071289, 109.66258239746094, 107.62381744384766, 105.90706634521484, 98.30488586425781, 109.2201156616211, 104.4345703125, 96.59961700439453, 106.11331939697266, 106.0732421875, 110.1387710571289, 105.60539245605469, 101.64614868164062, 103.77531433105469, 100.8389892578125, 102.36370849609375, 102.32335662841797, 98.17378234863281, 93.4228515625, 86.89910888671875, 84.8249740600586, 89.3935775756836, 89.55315399169922, 81.6415023803711, 81.87522888183594, 86.62700653076172, 78.41231536865234, 71.68919372558594, 74.09783172607422, 70.31587982177734, 70.15019226074219, 64.22441101074219, 65.06840515136719, 62.10973358154297, 55.905357360839844, 56.932769775390625, 54.318763732910156, 54.29648971557617, 51.23194122314453, 48.58733367919922, 49.52748489379883, 49.52753829956055, 46.75273513793945, 44.65983200073242, 39.36296081542969, 40.875282287597656, 37.57060241699219, 38.43864440917969, 36.04823684692383, 34.5971794128418, 33.93735885620117, 31.677013397216797, 30.743770599365234, 29.9594783782959, 29.225048065185547, 27.50836753845215, 26.79085922241211, 25.64089584350586, 25.716751098632812, 22.428224563598633, 22.432201385498047, 21.79410171508789, 21.0266170501709, 20.125825881958008, 18.72135353088379, 18.076112747192383, 16.577285766601562, 15.976911544799805, 15.207380294799805, 14.452214241027832, 14.143895149230957, 12.167299270629883, 11.378471374511719, 10.345891952514648, 8.975372314453125, 7.140968322753906, 5.858933925628662, 5.412149429321289, 4.468221664428711, 3.0957610607147217, 1.963067650794983], "var": [141.60311889648438, 147.6527099609375, 88.46781158447266, 121.55178833007812, 45.577003479003906, 129.67864990234375, 201.0973358154297, 252.07423400878906, 313.4190673828125, 235.17320251464844, 196.8258819580078, 327.598388671875, 295.23681640625, 196.1337432861328, 437.3876647949219, 255.34471130371094, 581.5462036132812, 277.3948974609375, 288.6680908203125, 279.3052978515625, 139.35769653320312, 70.60238647460938, 243.43443298339844, 219.43405151367188, 224.46473693847656, 182.55870056152344, 251.90284729003906, 54.536415100097656, 206.9147491455078, 236.41160583496094, 45.17013168334961, 131.4801788330078, 457.513671875, 268.20306396484375, 234.0573272705078, 243.75564575195312, 275.2824401855469, 386.97308349609375, 117.5723648071289, 198.93531799316406, 117.6243667602539, 324.1329040527344, 304.4150085449219, 295.9154357910156, 104.0533218383789, 217.41082763671875, 206.2619171142578, 185.0919189453125, 218.977783203125, 29.45020294189453, 96.33080291748047, 307.6862487792969, 23.936241149902344, 193.09466552734375, 149.42442321777344, 185.1453399658203, 50.231719970703125, 141.4070281982422, 48.25886154174805, 52.04240036010742, 54.42511749267578, 18.086788177490234, 44.82328796386719, 16.193323135375977, 15.968013763427734, 14.300679206848145, 17.61419105529785, 70.73029327392578, 11.051737785339355, 4.945671081542969, 5.113840103149414, 5.797791004180908, 15.942976951599121, 8.75125503540039, 8.20308780670166, 9.368912696838379, 2.17965030670166, 5.292235374450684, 3.180988311767578, 1.7073476314544678, 4.208903789520264, 8.40535831451416, 2.8197131156921387, 4.0223069190979, 1.0556814670562744, 3.8068771362304688, 3.807210922241211, 3.989626884460449, 2.7744805812835693, 1.2288633584976196, 4.417557239532471, 1.4859251976013184, 1.6641592979431152, 1.7400816679000854, 2.1503875255584717, 0.9083497524261475, 1.7873554229736328, 0.20187756419181824, 3.8354177474975586, 1.0594629049301147, 0.24505406618118286, 0.44630497694015503, 0.6851959824562073, 0.4406517744064331, 0.3321610689163208, 0.6572648882865906], "true": [105.0, 104.0, 103.0, 102.0, 101.0, 100.0, 99.0, 98.0, 97.0, 96.0, 95.0, 94.0, 93.0, 92.0, 91.0, 90.0, 89.0, 88.0, 87.0, 86.0, 85.0, 84.0, 83.0, 82.0, 81.0, 80.0, 79.0, 78.0, 77.0, 76.0, 75.0, 74.0, 73.0, 72.0, 71.0, 70.0, 69.0, 68.0, 67.0, 66.0, 65.0, 64.0, 63.0, 62.0, 61.0, 60.0, 59.0, 58.0, 57.0, 56.0, 55.0, 54.0, 53.0, 52.0, 51.0, 50.0, 49.0, 48.0, 47.0, 46.0, 45.0, 44.0, 43.0, 42.0, 41.0, 40.0, 39.0, 38.0, 37.0, 36.0, 35.0, 34.0, 33.0, 32.0, 31.0, 30.0, 29.0, 28.0, 27.0, 26.0, 25.0, 24.0, 23.0, 22.0, 21.0, 20.0, 19.0, 18.0, 17.0, 16.0, 15.0, 14.0, 13.0, 12.0, 11.0, 10.0, 9.0, 8.0, 7.0, 6.0, 5.0, 4.0, 3.0, 2.0, 1.0, 0.0], "RMSE": 18.22}