{"mean": [116.71917724609375, 117.663818359375, 117.99295806884766, 114.83793640136719, 115.43453216552734, 119.46913146972656, 120.11076354980469, 118.99383544921875, 119.26063537597656, 119.89662170410156, 118.79225158691406, 114.92354583740234, 114.25328063964844, 119.51368713378906, 115.8082504272461, 115.5949935913086, 119.48531341552734, 115.30265045166016, 121.6914291381836, 119.8124008178711, 116.29560852050781, 118.44673156738281, 111.71592712402344, 113.4153823852539, 113.7802963256836, 114.50465393066406, 114.83381652832031, 118.94124603271484, 116.13763427734375, 120.0815200805664, 112.9990463256836, 116.700439453125, 108.0737075805664, 113.35719299316406, 111.08841705322266, 112.3980484008789, 111.29798889160156, 112.20845794677734, 113.02534484863281, 103.37337493896484, 108.01336669921875, 113.65142822265625, 107.4505386352539, 114.60130310058594, 105.92832946777344, 101.05657958984375, 108.72762298583984, 100.90971374511719, 101.77771759033203, 98.69126892089844, 93.72328186035156, 96.18684387207031, 102.05287170410156, 97.40555572509766, 86.73452758789062, 97.4675064086914, 88.31330871582031, 93.34825134277344, 83.6416244506836, 81.91327667236328, 76.65449523925781, 94.62596130371094, 80.05854797363281, 84.06610107421875, 80.61275482177734, 70.39497375488281, 73.4905776977539, 70.46574401855469, 72.70106506347656, 60.6259765625, 64.1190414428711, 54.882598876953125, 63.00023651123047, 57.77092361450195, 57.29826736450195, 55.81671905517578, 56.31742477416992, 57.11335372924805, 53.10356903076172, 51.27916717529297, 51.572235107421875, 49.739707946777344, 49.51439666748047, 50.02016067504883, 45.013038635253906, 46.24011993408203, 42.606407165527344, 42.846282958984375, 40.951499938964844, 40.56049728393555, 39.266273498535156, 36.47521209716797, 37.70792007446289, 35.34816360473633, 32.435630798339844, 31.78765296936035, 29.733684539794922, 29.458337783813477, 28.2646427154541, 27.9505672454834, 25.02385902404785, 24.469736099243164, 23.307083129882812, 23.148347854614258, 22.100711822509766, 21.28844451904297, 20.321565628051758, 19.34427261352539, 19.39085578918457, 17.052963256835938, 17.00016975402832, 16.30853843688965, 14.4561128616333, 15.3033447265625, 13.896642684936523, 14.020306587219238, 12.8497896194458, 11.549837112426758, 10.531570434570312, 8.431711196899414, 6.709911346435547, 6.138822078704834, 4.406223297119141, 3.377239942550659, 2.490316152572632, 1.994722604751587], "var": [60.99979782104492, 34.47728729248047, 64.18182373046875, 33.48576354980469, 95.13206481933594, 74.0866928100586, 81.84305572509766, 44.246402740478516, 33.152809143066406, 64.86369323730469, 30.43927574157715, 128.3468780517578, 51.4770393371582, 31.951412200927734, 179.7592315673828, 40.390628814697266, 47.86016082763672, 43.41842269897461, 29.333105087280273, 37.09931182861328, 64.77865600585938, 82.2298355102539, 91.70748138427734, 60.80318069458008, 58.05335998535156, 151.23756408691406, 85.26982879638672, 67.7957992553711, 20.238990783691406, 125.56013488769531, 202.31971740722656, 43.221858978271484, 106.3739013671875, 125.09129333496094, 226.89122009277344, 257.1439208984375, 189.34140014648438, 225.04080200195312, 102.62789916992188, 273.3224792480469, 111.16802978515625, 263.07318115234375, 242.3475799560547, 239.37391662597656, 297.513916015625, 159.4024200439453, 90.5352783203125, 402.70513916015625, 176.42124938964844, 325.0696716308594, 361.5897216796875, 286.0473327636719, 229.0377197265625, 140.34988403320312, 331.77020263671875, 311.08111572265625, 236.29649353027344, 345.1546936035156, 156.5130615234375, 197.01870727539062, 82.68352508544922, 185.77012634277344, 181.2552490234375, 494.6819152832031, 115.6146469116211, 170.35020446777344, 178.9398651123047, 211.0175018310547, 176.3448028564453, 84.80155181884766, 104.79911041259766, 20.061288833618164, 94.86491394042969, 23.585556030273438, 43.40336227416992, 51.95209884643555, 15.994462966918945, 44.93389892578125, 23.449495315551758, 16.939395904541016, 46.37514877319336, 23.636899948120117, 47.02402877807617, 15.112656593322754, 15.425331115722656, 42.493568420410156, 29.561199188232422, 14.510095596313477, 4.598013877868652, 19.752546310424805, 8.034232139587402, 12.743431091308594, 33.93754577636719, 5.488819122314453, 3.909956216812134, 5.871528625488281, 13.352492332458496, 7.814072132110596, 3.986358642578125, 3.2704451084136963, 3.8435912132263184, 3.902348756790161, 4.383225917816162, 2.5204532146453857, 2.606095790863037, 2.9090094566345215, 2.4837217330932617, 5.5761590003967285, 2.4762558937072754, 0.9042550325393677, 3.4038760662078857, 4.157817363739014, 1.9721115827560425, 1.275166630744934, 1.3329980373382568, 4.888404369354248, 0.8244857788085938, 0.39731672406196594, 1.77750563621521, 0.7378119230270386, 1.4702988862991333, 0.5718212723731995, 0.4431290626525879, 0.6322649717330933, 0.5566985011100769, 0.5346859693527222], "true": [120.0, 120.0, 120.0, 120.0, 120.0, 120.0, 119.0, 118.0, 117.0, 116.0, 115.0, 114.0, 113.0, 112.0, 111.0, 110.0, 109.0, 108.0, 107.0, 106.0, 105.0, 104.0, 103.0, 102.0, 101.0, 100.0, 99.0, 98.0, 97.0, 96.0, 95.0, 94.0, 93.0, 92.0, 91.0, 90.0, 89.0, 88.0, 87.0, 86.0, 85.0, 84.0, 83.0, 82.0, 81.0, 80.0, 79.0, 78.0, 77.0, 76.0, 75.0, 74.0, 73.0, 72.0, 71.0, 70.0, 69.0, 68.0, 67.0, 66.0, 65.0, 64.0, 63.0, 62.0, 61.0, 60.0, 59.0, 58.0, 57.0, 56.0, 55.0, 54.0, 53.0, 52.0, 51.0, 50.0, 49.0, 48.0, 47.0, 46.0, 45.0, 44.0, 43.0, 42.0, 41.0, 40.0, 39.0, 38.0, 37.0, 36.0, 35.0, 34.0, 33.0, 32.0, 31.0, 30.0, 29.0, 28.0, 27.0, 26.0, 25.0, 24.0, 23.0, 22.0, 21.0, 20.0, 19.0, 18.0, 17.0, 16.0, 15.0, 14.0, 13.0, 12.0, 11.0, 10.0, 9.0, 8.0, 7.0, 6.0, 5.0, 4.0, 3.0, 2.0, 1.0, 0.0], "RMSE": 13.62}