{"mean": [119.07139587402344, 118.21055603027344, 118.03727722167969, 118.08927154541016, 117.6249008178711, 115.0451889038086, 116.72813415527344, 117.81303405761719, 115.04935455322266, 117.34425354003906, 117.6430435180664, 114.8955307006836, 114.83882904052734, 111.20314025878906, 110.2173080444336, 110.84288024902344, 110.39680480957031, 108.39195251464844, 112.18280029296875, 110.91172790527344, 106.3080825805664, 108.82676696777344, 104.65460205078125, 105.35737609863281, 108.2187728881836, 108.4308090209961, 109.64937591552734, 105.71879577636719, 107.437744140625, 107.09281921386719, 109.1578598022461, 105.56500244140625, 106.6207046508789, 100.69234466552734, 102.80643463134766, 100.88825988769531, 101.79148864746094, 100.51422119140625, 95.43571472167969, 96.52488708496094, 93.09996032714844, 100.63932800292969, 96.26848602294922, 83.85386657714844, 96.56431579589844, 92.88651275634766, 86.82345581054688, 90.26924896240234, 88.3524169921875, 74.79501342773438, 79.12286376953125, 75.02356719970703, 75.73536682128906, 85.21129608154297, 80.21177673339844, 83.31250762939453, 75.45600891113281, 77.28897094726562, 84.23489379882812, 63.413414001464844, 70.11029052734375, 65.83612823486328, 59.824859619140625, 70.4715347290039, 56.45908737182617, 56.66059112548828, 57.265220642089844, 57.26301956176758, 55.019866943359375, 50.231563568115234, 52.29994583129883, 53.08153533935547, 51.67631912231445, 46.12629318237305, 44.527000427246094, 44.8609619140625, 45.2496223449707, 43.59799575805664, 44.22495651245117, 40.31968688964844, 37.88215637207031, 38.95894241333008, 36.277557373046875, 35.820125579833984, 34.41184997558594, 35.82091522216797, 32.284217834472656, 32.16643142700195, 30.35164451599121, 30.84494972229004, 27.389501571655273, 26.619892120361328, 25.7427921295166, 23.773374557495117, 22.4212589263916, 22.200048446655273, 20.98813247680664, 20.383037567138672, 19.82427406311035, 19.59214973449707, 19.01026153564453, 17.063640594482422, 18.4314022064209, 16.1420955657959, 16.385982513427734, 14.820536613464355, 13.38740348815918, 13.152544975280762, 11.77386474609375, 10.200263977050781, 10.24792766571045, 9.089045524597168, 7.346640110015869, 6.356166839599609, 5.018970966339111, 4.336630821228027, 3.2155909538269043, 2.301466941833496], "var": [13.082659721374512, 23.587121963500977, 15.733708381652832, 7.242193222045898, 13.18272590637207, 2.863499641418457, 13.185025215148926, 30.271705627441406, 13.806587219238281, 24.8699951171875, 14.632596969604492, 27.125778198242188, 30.708858489990234, 9.891162872314453, 69.73652648925781, 11.949292182922363, 32.490482330322266, 59.6725959777832, 24.667816162109375, 52.034175872802734, 90.90675354003906, 47.256954193115234, 107.3644027709961, 70.70376586914062, 96.85595703125, 88.56462097167969, 56.129905700683594, 78.02336120605469, 72.25434875488281, 51.18210220336914, 19.254135131835938, 95.92711639404297, 86.8550033569336, 102.9944839477539, 183.45867919921875, 168.9572296142578, 271.7184753417969, 59.9083251953125, 186.62049865722656, 71.29429626464844, 124.33416748046875, 165.62982177734375, 253.38539123535156, 211.6041717529297, 129.3725128173828, 270.7455139160156, 55.36897659301758, 248.90908813476562, 124.79653930664062, 164.27572631835938, 330.5943298339844, 100.47525787353516, 65.57633972167969, 85.19388580322266, 251.9590606689453, 190.11761474609375, 336.4770812988281, 165.41873168945312, 115.78657531738281, 31.37407875061035, 47.57587814331055, 77.45030975341797, 63.93283462524414, 163.8912353515625, 26.442487716674805, 23.58921241760254, 17.849733352661133, 80.75260925292969, 42.983577728271484, 25.963844299316406, 81.2781753540039, 39.3234748840332, 52.54909896850586, 32.41087341308594, 26.15814781188965, 8.720165252685547, 19.49657440185547, 20.40337371826172, 13.790919303894043, 15.153437614440918, 9.288128852844238, 11.007381439208984, 8.404182434082031, 6.051653861999512, 16.723255157470703, 9.923334121704102, 5.84043025970459, 13.776442527770996, 17.009567260742188, 13.195030212402344, 2.815189838409424, 1.7180118560791016, 3.5878703594207764, 2.0548818111419678, 3.4932427406311035, 2.241065263748169, 4.029946327209473, 2.3224239349365234, 0.5458738803863525, 1.8514431715011597, 1.635847568511963, 0.6746823787689209, 2.6785402297973633, 0.19153420627117157, 0.5480108261108398, 1.1238549947738647, 0.5779711008071899, 1.5433827638626099, 0.5237516164779663, 0.3670000731945038, 0.2707962989807129, 0.23897169530391693, 0.2932397425174713, 0.8816771507263184, 0.715518057346344, 1.1407811641693115, 0.43772584199905396, 0.2636350691318512], "true": [117.0, 116.0, 115.0, 114.0, 113.0, 112.0, 111.0, 110.0, 109.0, 108.0, 107.0, 106.0, 105.0, 104.0, 103.0, 102.0, 101.0, 100.0, 99.0, 98.0, 97.0, 96.0, 95.0, 94.0, 93.0, 92.0, 91.0, 90.0, 89.0, 88.0, 87.0, 86.0, 85.0, 84.0, 83.0, 82.0, 81.0, 80.0, 79.0, 78.0, 77.0, 76.0, 75.0, 74.0, 73.0, 72.0, 71.0, 70.0, 69.0, 68.0, 67.0, 66.0, 65.0, 64.0, 63.0, 62.0, 61.0, 60.0, 59.0, 58.0, 57.0, 56.0, 55.0, 54.0, 53.0, 52.0, 51.0, 50.0, 49.0, 48.0, 47.0, 46.0, 45.0, 44.0, 43.0, 42.0, 41.0, 40.0, 39.0, 38.0, 37.0, 36.0, 35.0, 34.0, 33.0, 32.0, 31.0, 30.0, 29.0, 28.0, 27.0, 26.0, 25.0, 24.0, 23.0, 22.0, 21.0, 20.0, 19.0, 18.0, 17.0, 16.0, 15.0, 14.0, 13.0, 12.0, 11.0, 10.0, 9.0, 8.0, 7.0, 6.0, 5.0, 4.0, 3.0, 2.0, 1.0, 0.0], "RMSE": 11.15}