{"mean": [122.36114501953125, 122.52192687988281, 123.46061706542969, 121.80045318603516, 120.892822265625, 121.43067932128906, 122.30706787109375, 121.73484802246094, 120.94679260253906, 121.74698638916016, 118.3975601196289, 122.5483169555664, 121.78916931152344, 121.84800720214844, 120.18939208984375, 122.9339599609375, 120.26424407958984, 121.50079345703125, 119.0350341796875, 121.70179748535156, 119.0506362915039, 123.22086334228516, 120.78878021240234, 120.33427429199219, 120.25572204589844, 120.16793060302734, 119.31478118896484, 122.02970123291016, 120.24287414550781, 116.2568588256836, 116.8125228881836, 118.64668273925781, 117.36260986328125, 119.1830062866211, 116.29642486572266, 117.07503509521484, 117.70970153808594, 118.370361328125, 115.3854751586914, 114.26179504394531, 115.25850677490234, 113.67386627197266, 114.7581558227539, 113.20826721191406, 113.2534408569336, 108.92584228515625, 109.51507568359375, 110.62646484375, 107.01480865478516, 108.07491302490234, 104.90914154052734, 101.54203796386719, 97.92607116699219, 101.58191680908203, 89.34028625488281, 97.21833801269531, 87.94010162353516, 96.346923828125, 84.49967956542969, 82.93731689453125, 78.55770111083984, 78.78081512451172, 76.64810943603516, 71.25445556640625, 73.22269439697266, 65.56961059570312, 70.41407012939453, 67.20974731445312, 70.10565948486328, 59.97468185424805, 64.82124328613281, 61.2402458190918, 60.645362854003906, 59.83038330078125, 53.555747985839844, 53.041542053222656, 50.63390350341797, 51.295997619628906, 46.99877166748047, 46.62986755371094, 46.749549865722656, 45.45911407470703, 43.106056213378906, 44.09532928466797, 42.206546783447266, 39.55382537841797, 38.311012268066406, 37.65353775024414, 38.92227554321289, 36.28862762451172, 34.740577697753906, 34.600257873535156, 33.037994384765625, 32.167415618896484, 32.907066345214844, 30.001256942749023, 27.761459350585938, 27.665307998657227, 26.5655574798584, 24.3280086517334, 23.64845085144043, 22.789051055908203, 21.371688842773438, 21.401103973388672, 19.604564666748047, 19.122034072875977, 17.976730346679688, 17.36470603942871, 17.10961151123047, 16.043886184692383, 15.567225456237793, 14.59033489227295, 14.347829818725586, 13.238492012023926, 11.979001998901367, 10.880395889282227, 10.017340660095215, 8.362619400024414, 7.6229095458984375, 6.839618682861328, 5.662070274353027, 4.199212551116943, 3.176846742630005, 2.3762106895446777], "var": [11.037063598632812, 3.916987180709839, 8.586616516113281, 9.064807891845703, 10.374874114990234, 5.30166482925415, 16.592824935913086, 3.9199743270874023, 8.954299926757812, 14.808558464050293, 22.34920883178711, 5.787161350250244, 15.899051666259766, 13.993764877319336, 15.106492042541504, 5.0039262771606445, 15.082773208618164, 8.3365478515625, 7.72562837600708, 9.006548881530762, 14.468526840209961, 10.294668197631836, 12.918091773986816, 20.38037109375, 19.51605796813965, 10.131336212158203, 14.16833782196045, 10.213977813720703, 12.3726167678833, 32.014041900634766, 21.01764488220215, 7.022097587585449, 32.83356475830078, 21.118078231811523, 13.866751670837402, 36.303382873535156, 14.057695388793945, 8.161141395568848, 4.752745151519775, 28.78173828125, 19.062238693237305, 35.8773193359375, 10.631937026977539, 24.7368221282959, 17.578174591064453, 56.13485336303711, 6.448122978210449, 19.401077270507812, 70.13314819335938, 54.89763641357422, 25.369070053100586, 47.706634521484375, 70.24596405029297, 99.82664489746094, 148.2382354736328, 184.0469512939453, 166.99440002441406, 126.31771087646484, 156.6621551513672, 213.44100952148438, 89.60745239257812, 189.82301330566406, 91.42420196533203, 129.31004333496094, 145.8722381591797, 107.4055404663086, 124.6299819946289, 124.00102996826172, 138.32974243164062, 108.264892578125, 99.23104095458984, 25.56633758544922, 78.51332092285156, 146.17677307128906, 71.77621459960938, 17.94757843017578, 13.331141471862793, 22.323471069335938, 13.050056457519531, 14.776276588439941, 11.57844066619873, 9.788073539733887, 18.02709197998047, 9.20881462097168, 26.11018180847168, 4.735660552978516, 2.515328884124756, 4.908189296722412, 19.330684661865234, 10.039608001708984, 3.8224778175354004, 19.664613723754883, 10.722299575805664, 7.636996746063232, 4.713922023773193, 4.895543575286865, 2.9837472438812256, 6.811578273773193, 4.462122917175293, 3.0820727348327637, 1.908840298652649, 1.1408153772354126, 1.2258059978485107, 2.2020556926727295, 1.418599009513855, 1.33301842212677, 1.9279751777648926, 0.9721037149429321, 1.3553847074508667, 1.3116482496261597, 1.1614112854003906, 1.2949391603469849, 0.6799322962760925, 0.38762161135673523, 0.6457117795944214, 1.115200161933899, 0.441570907831192, 1.2354391813278198, 0.5946719646453857, 0.30070486664772034, 0.4788280427455902, 0.41196516156196594, 0.30050593614578247, 0.10501933842897415], "true": [120.0, 120.0, 120.0, 120.0, 119.0, 118.0, 117.0, 116.0, 115.0, 114.0, 113.0, 112.0, 111.0, 110.0, 109.0, 108.0, 107.0, 106.0, 105.0, 104.0, 103.0, 102.0, 101.0, 100.0, 99.0, 98.0, 97.0, 96.0, 95.0, 94.0, 93.0, 92.0, 91.0, 90.0, 89.0, 88.0, 87.0, 86.0, 85.0, 84.0, 83.0, 82.0, 81.0, 80.0, 79.0, 78.0, 77.0, 76.0, 75.0, 74.0, 73.0, 72.0, 71.0, 70.0, 69.0, 68.0, 67.0, 66.0, 65.0, 64.0, 63.0, 62.0, 61.0, 60.0, 59.0, 58.0, 57.0, 56.0, 55.0, 54.0, 53.0, 52.0, 51.0, 50.0, 49.0, 48.0, 47.0, 46.0, 45.0, 44.0, 43.0, 42.0, 41.0, 40.0, 39.0, 38.0, 37.0, 36.0, 35.0, 34.0, 33.0, 32.0, 31.0, 30.0, 29.0, 28.0, 27.0, 26.0, 25.0, 24.0, 23.0, 22.0, 21.0, 20.0, 19.0, 18.0, 17.0, 16.0, 15.0, 14.0, 13.0, 12.0, 11.0, 10.0, 9.0, 8.0, 7.0, 6.0, 5.0, 4.0, 3.0, 2.0, 1.0, 0.0], "RMSE": 16.85}