{"mean": [123.3046875, 122.70819091796875, 121.71815490722656, 121.50577545166016, 124.98974609375, 122.0630874633789, 124.45458984375, 123.13847351074219, 121.89530181884766, 120.966064453125, 122.10417175292969, 119.08158874511719, 121.33976745605469, 122.12580871582031, 120.55937194824219, 121.8785400390625, 118.98426818847656, 119.86312103271484, 121.21342468261719, 119.71077728271484, 118.93202209472656, 119.18772888183594, 117.66133117675781, 115.5127944946289, 118.91214752197266, 115.8271484375, 115.13188171386719, 117.2229995727539, 115.8362045288086, 116.4016342163086, 114.89127349853516, 115.46946716308594, 112.6680908203125, 112.32221984863281, 112.44300842285156, 116.16615295410156, 112.647705078125, 109.95384216308594, 110.21488189697266, 113.67753601074219, 108.65460205078125, 109.17185974121094, 108.286865234375, 105.66072082519531, 102.7010498046875, 102.39805603027344, 102.7079086303711, 101.68907928466797, 97.09701538085938, 95.3221206665039, 98.87284088134766, 95.65882873535156, 92.66244506835938, 92.5921630859375, 92.07833862304688, 88.33747100830078, 83.98643493652344, 84.10297393798828, 87.13312530517578, 74.58653259277344, 79.37629699707031, 84.48878479003906, 71.65168762207031, 78.94233703613281, 76.4652328491211, 76.57732391357422, 75.70423126220703, 73.20416259765625, 69.93812561035156, 71.56410217285156, 68.31766510009766, 66.37796020507812, 64.11447143554688, 63.46244430541992, 63.3216552734375, 59.64008712768555, 56.16082763671875, 51.730186462402344, 51.31653594970703, 51.114219665527344, 48.1364860534668, 48.567588806152344, 48.31327438354492, 44.02324295043945, 43.19862365722656, 41.80276870727539, 44.447261810302734, 41.379425048828125, 39.39824295043945, 38.03515625, 40.97859191894531, 34.9127311706543, 37.060359954833984, 33.789024353027344, 35.498653411865234, 31.223052978515625, 30.302820205688477, 28.6825008392334, 27.520511627197266, 25.588634490966797, 25.203304290771484, 24.02518653869629, 24.054006576538086, 21.955322265625, 21.509275436401367, 20.961660385131836, 21.097126007080078, 19.314197540283203, 18.311359405517578, 17.815977096557617, 16.743940353393555, 15.177087783813477, 14.565608024597168, 14.317054748535156, 12.44951057434082, 11.333722114562988, 10.455657958984375, 9.814966201782227, 8.532841682434082, 7.55463171005249, 6.482888698577881, 4.9396257400512695, 3.8355038166046143, 2.540332078933716, 1.9810031652450562], "var": [12.422962188720703, 7.904378890991211, 12.219947814941406, 12.588199615478516, 8.291865348815918, 8.235029220581055, 23.69557762145996, 7.257019996643066, 16.26262855529785, 18.7835693359375, 22.46052360534668, 11.592934608459473, 6.89226770401001, 10.725128173828125, 9.089127540588379, 7.987232685089111, 9.84194564819336, 34.67669677734375, 7.358510494232178, 15.14415454864502, 33.96841049194336, 10.258296012878418, 22.177658081054688, 10.979436874389648, 19.534143447875977, 42.500244140625, 9.617179870605469, 20.17463493347168, 30.764007568359375, 11.21130084991455, 16.307668685913086, 28.436622619628906, 30.93143081665039, 21.318660736083984, 30.188215255737305, 39.14415740966797, 11.225595474243164, 30.40496826171875, 20.409656524658203, 18.825881958007812, 49.24467086791992, 32.24628829956055, 131.00888061523438, 18.097713470458984, 87.25030517578125, 104.14608001708984, 82.15872192382812, 68.38011169433594, 129.2627410888672, 18.20883560180664, 127.40628051757812, 116.7043685913086, 279.1376953125, 107.16214752197266, 83.9796371459961, 53.70280456542969, 122.17164611816406, 400.8490905761719, 178.35235595703125, 130.09446716308594, 288.09002685546875, 225.89215087890625, 90.10244750976562, 234.7610626220703, 237.9737091064453, 152.6532440185547, 158.46633911132812, 96.23963165283203, 94.96903991699219, 151.827392578125, 84.41050720214844, 68.98948669433594, 29.519851684570312, 55.78738784790039, 143.01904296875, 48.025447845458984, 49.87104415893555, 24.068212509155273, 34.32149887084961, 22.659717559814453, 23.200361251831055, 43.051151275634766, 44.28254318237305, 9.314430236816406, 22.17814826965332, 13.080133438110352, 27.405506134033203, 17.5391788482666, 16.16682243347168, 20.710102081298828, 19.82919692993164, 5.272482872009277, 16.140666961669922, 6.210387229919434, 14.604312896728516, 7.457245349884033, 1.2343558073043823, 7.473024368286133, 2.897578477859497, 4.010849952697754, 0.4362580478191376, 1.833982229232788, 4.672317028045654, 0.4051712453365326, 2.3400537967681885, 1.3692247867584229, 0.7606632113456726, 0.7287354469299316, 1.2485278844833374, 0.7001852989196777, 0.6631210446357727, 0.6726627945899963, 0.24878531694412231, 0.5319031476974487, 0.7778482437133789, 0.7799392938613892, 1.5055294036865234, 0.2411268651485443, 0.5443041324615479, 0.38254693150520325, 0.604625940322876, 0.1443127989768982, 0.3286184072494507, 0.23165272176265717, 0.2624291181564331], "true": [120.0, 120.0, 120.0, 120.0, 120.0, 119.0, 118.0, 117.0, 116.0, 115.0, 114.0, 113.0, 112.0, 111.0, 110.0, 109.0, 108.0, 107.0, 106.0, 105.0, 104.0, 103.0, 102.0, 101.0, 100.0, 99.0, 98.0, 97.0, 96.0, 95.0, 94.0, 93.0, 92.0, 91.0, 90.0, 89.0, 88.0, 87.0, 86.0, 85.0, 84.0, 83.0, 82.0, 81.0, 80.0, 79.0, 78.0, 77.0, 76.0, 75.0, 74.0, 73.0, 72.0, 71.0, 70.0, 69.0, 68.0, 67.0, 66.0, 65.0, 64.0, 63.0, 62.0, 61.0, 60.0, 59.0, 58.0, 57.0, 56.0, 55.0, 54.0, 53.0, 52.0, 51.0, 50.0, 49.0, 48.0, 47.0, 46.0, 45.0, 44.0, 43.0, 42.0, 41.0, 40.0, 39.0, 38.0, 37.0, 36.0, 35.0, 34.0, 33.0, 32.0, 31.0, 30.0, 29.0, 28.0, 27.0, 26.0, 25.0, 24.0, 23.0, 22.0, 21.0, 20.0, 19.0, 18.0, 17.0, 16.0, 15.0, 14.0, 13.0, 12.0, 11.0, 10.0, 9.0, 8.0, 7.0, 6.0, 5.0, 4.0, 3.0, 2.0, 1.0, 0.0], "RMSE": 13.95}