{"mean": [104.63630676269531, 103.8133316040039, 99.43220520019531, 104.07088470458984, 101.6241455078125, 99.91004943847656, 97.91868591308594, 99.862548828125, 97.28887176513672, 99.12108612060547, 95.55107116699219, 94.24771118164062, 89.08226013183594, 93.66068267822266, 91.66674041748047, 96.11711120605469, 90.8958511352539, 86.79082489013672, 90.08370208740234, 87.91651916503906, 97.33740234375, 89.52129364013672, 86.89360046386719, 94.20291900634766, 86.74842834472656, 90.14068603515625, 82.69035339355469, 82.0959701538086, 83.38319396972656, 85.49015045166016, 84.77022552490234, 81.14804077148438, 87.21095275878906, 83.52720642089844, 77.95210266113281, 81.48719024658203, 76.35801696777344, 76.46849060058594, 78.54609680175781, 79.93244934082031, 79.84745788574219, 70.6793212890625, 72.61827087402344, 82.52690124511719, 78.61587524414062, 72.41191101074219, 72.5782470703125, 70.0682373046875, 67.72395324707031, 69.72535705566406, 66.73868560791016, 65.36529541015625, 62.1982307434082, 63.49895477294922, 70.50064086914062, 61.57012176513672, 61.34827423095703, 61.13105392456055, 54.1888542175293, 55.86887741088867, 53.2392692565918, 51.61411666870117, 52.22637939453125, 48.57533645629883, 46.230430603027344, 47.08715057373047, 44.9820671081543, 44.64212417602539, 40.57562255859375, 40.15454864501953, 38.383914947509766, 38.270599365234375, 37.21342086791992, 37.61479949951172, 36.19825744628906, 34.98767852783203, 32.34404373168945, 31.638965606689453, 30.751972198486328, 30.140600204467773, 28.169906616210938, 27.219024658203125, 26.70294761657715, 24.79865074157715, 23.061626434326172, 21.72271728515625, 21.527326583862305, 21.411104202270508, 20.309818267822266, 19.561731338500977, 16.94046401977539, 16.904542922973633, 15.4612398147583, 13.88476276397705, 13.364730834960938, 12.825433731079102, 11.590082168579102, 11.287686347961426, 10.61322021484375, 9.291362762451172, 7.85012674331665, 6.575237274169922, 5.8458733558654785, 4.872463703155518, 3.11342191696167, 2.712738037109375], "var": [101.98202514648438, 111.09716033935547, 116.32984161376953, 137.58299255371094, 104.18778991699219, 113.2833251953125, 60.36643981933594, 100.33269500732422, 168.87171936035156, 187.74075317382812, 187.39321899414062, 115.78704833984375, 44.95838165283203, 200.88792419433594, 186.9738311767578, 139.88775634765625, 201.2433624267578, 186.12371826171875, 138.2852020263672, 325.1174011230469, 266.7547607421875, 108.28787994384766, 237.00831604003906, 146.14566040039062, 95.50196838378906, 266.6968688964844, 132.05612182617188, 110.2588119506836, 246.51234436035156, 134.94070434570312, 236.92501831054688, 72.35286712646484, 213.6383056640625, 244.62913513183594, 151.06895446777344, 233.82701110839844, 96.34198760986328, 312.27703857421875, 369.9842529296875, 288.9493103027344, 236.33474731445312, 156.42623901367188, 136.95985412597656, 258.9949951171875, 356.9754943847656, 216.2300262451172, 326.4067687988281, 85.11087799072266, 93.88838958740234, 169.94569396972656, 105.21011352539062, 189.22494506835938, 22.131677627563477, 41.04035186767578, 54.48344802856445, 84.87295532226562, 27.35752296447754, 226.66358947753906, 36.97743225097656, 14.187677383422852, 58.31095504760742, 20.21078109741211, 59.0533561706543, 26.851211547851562, 9.320287704467773, 22.36569595336914, 9.623242378234863, 25.47079849243164, 14.5258207321167, 8.229791641235352, 9.002632141113281, 14.446423530578613, 11.238585472106934, 5.074016571044922, 9.850220680236816, 2.2003285884857178, 1.9778990745544434, 2.9627904891967773, 5.098836898803711, 2.761169195175171, 2.6042582988739014, 4.666167259216309, 2.9675283432006836, 2.976372718811035, 1.5161468982696533, 2.0175960063934326, 0.5754939913749695, 1.542272686958313, 3.236645221710205, 2.2439932823181152, 1.473653793334961, 0.4633707106113434, 0.5323392152786255, 0.8367559313774109, 2.1851351261138916, 0.967620313167572, 1.975050449371338, 0.9872810244560242, 1.1463689804077148, 0.5323167443275452, 0.41901513934135437, 0.7305506467819214, 0.36062151193618774, 0.38090822100639343, 0.1969115436077118, 0.541708767414093], "true": [105.0, 104.0, 103.0, 102.0, 101.0, 100.0, 99.0, 98.0, 97.0, 96.0, 95.0, 94.0, 93.0, 92.0, 91.0, 90.0, 89.0, 88.0, 87.0, 86.0, 85.0, 84.0, 83.0, 82.0, 81.0, 80.0, 79.0, 78.0, 77.0, 76.0, 75.0, 74.0, 73.0, 72.0, 71.0, 70.0, 69.0, 68.0, 67.0, 66.0, 65.0, 64.0, 63.0, 62.0, 61.0, 60.0, 59.0, 58.0, 57.0, 56.0, 55.0, 54.0, 53.0, 52.0, 51.0, 50.0, 49.0, 48.0, 47.0, 46.0, 45.0, 44.0, 43.0, 42.0, 41.0, 40.0, 39.0, 38.0, 37.0, 36.0, 35.0, 34.0, 33.0, 32.0, 31.0, 30.0, 29.0, 28.0, 27.0, 26.0, 25.0, 24.0, 23.0, 22.0, 21.0, 20.0, 19.0, 18.0, 17.0, 16.0, 15.0, 14.0, 13.0, 12.0, 11.0, 10.0, 9.0, 8.0, 7.0, 6.0, 5.0, 4.0, 3.0, 2.0, 1.0, 0.0], "RMSE": 7.56}