{"mean": [117.03807067871094, 114.95817565917969, 116.38922119140625, 115.58182525634766, 117.1647720336914, 121.17803955078125, 117.04805755615234, 118.08221435546875, 116.78170013427734, 117.21003723144531, 112.73905944824219, 113.80877685546875, 121.14103698730469, 115.91446685791016, 116.22883605957031, 119.12841796875, 111.94142150878906, 114.72454833984375, 118.20623779296875, 116.25001525878906, 114.9927978515625, 114.03460693359375, 117.2293930053711, 115.36778259277344, 112.62632751464844, 111.7264175415039, 116.17424011230469, 110.37083435058594, 111.65032958984375, 108.08598327636719, 112.93431091308594, 113.00611877441406, 110.58028411865234, 109.2275161743164, 111.50960540771484, 108.22894287109375, 112.05693054199219, 99.40868377685547, 114.31413269042969, 108.92848205566406, 99.33766174316406, 106.71968078613281, 94.48468017578125, 100.22303771972656, 104.2378921508789, 110.16505432128906, 98.7633285522461, 94.90079498291016, 98.91201782226562, 97.92729187011719, 93.97026824951172, 91.74708557128906, 89.4267349243164, 84.79756164550781, 84.67425537109375, 90.83192443847656, 90.7731704711914, 89.57357788085938, 84.78010559082031, 76.62849426269531, 79.78620910644531, 83.17345428466797, 81.03659057617188, 69.77333068847656, 74.23517608642578, 76.02088928222656, 69.97529602050781, 75.79549407958984, 71.77880859375, 69.36282348632812, 64.77259826660156, 64.56101989746094, 67.67525482177734, 65.2603988647461, 68.0206298828125, 58.8408317565918, 58.945770263671875, 54.8839225769043, 56.718666076660156, 57.38060760498047, 51.73127365112305, 51.722808837890625, 51.15852737426758, 49.00721740722656, 48.56282043457031, 44.48336410522461, 41.89167404174805, 41.66682434082031, 41.580482482910156, 40.52000045776367, 40.12226867675781, 39.14739990234375, 37.05887985229492, 35.95360565185547, 35.823158264160156, 35.5986328125, 33.7624397277832, 32.52786636352539, 30.125289916992188, 30.934667587280273, 28.8395938873291, 26.947988510131836, 27.436046600341797, 26.268285751342773, 24.560556411743164, 23.372434616088867, 23.501842498779297, 22.990236282348633, 23.152706146240234, 20.064788818359375, 19.591215133666992, 18.263586044311523, 16.283288955688477, 15.501879692077637, 14.50074577331543, 13.793035507202148, 13.316088676452637, 12.026651382446289, 11.415104866027832, 9.363665580749512, 7.968258857727051, 7.373110771179199, 5.694415092468262, 4.266663074493408, 3.17468523979187, 2.5359604358673096], "var": [43.622894287109375, 31.66754722595215, 37.348960876464844, 38.111759185791016, 48.601341247558594, 67.21094512939453, 34.70206069946289, 31.537269592285156, 50.032318115234375, 32.50749206542969, 49.57916259765625, 28.44759178161621, 68.36882019042969, 25.604095458984375, 61.55034637451172, 48.818885803222656, 40.233665466308594, 63.70825958251953, 50.72793197631836, 45.53944778442383, 46.693634033203125, 68.61140441894531, 35.26411819458008, 73.68404388427734, 99.63208770751953, 77.45663452148438, 38.89359664916992, 151.8317108154297, 153.9820098876953, 142.86195373535156, 60.88664627075195, 63.67662811279297, 103.34730529785156, 80.96501922607422, 57.2183723449707, 79.3477783203125, 64.71260070800781, 200.59585571289062, 101.28174591064453, 86.31594848632812, 284.62847900390625, 132.80349731445312, 390.5098571777344, 225.81784057617188, 192.02740478515625, 46.989723205566406, 203.35963439941406, 183.2310333251953, 160.3737335205078, 170.92527770996094, 285.1881103515625, 233.6178741455078, 257.04052734375, 94.23974609375, 225.62130737304688, 193.36705017089844, 305.4631042480469, 274.93292236328125, 170.0543670654297, 99.84957122802734, 406.6578674316406, 243.205322265625, 334.67425537109375, 87.10895538330078, 222.84954833984375, 141.17413330078125, 64.94346618652344, 175.15447998046875, 131.7295684814453, 133.86871337890625, 51.136871337890625, 19.228668212890625, 125.8319320678711, 142.8426055908203, 132.256103515625, 40.61220932006836, 19.301912307739258, 36.149070739746094, 10.529939651489258, 33.469322204589844, 26.084609985351562, 37.43110275268555, 9.547714233398438, 10.738524436950684, 28.33609390258789, 19.301816940307617, 7.070770740509033, 3.728524684906006, 3.72082257270813, 7.908450126647949, 8.69952392578125, 8.643733978271484, 5.549962520599365, 8.751078605651855, 7.054152488708496, 5.177768707275391, 4.744478702545166, 2.9855239391326904, 1.7021995782852173, 2.0557799339294434, 2.012895345687866, 5.120946407318115, 4.114477634429932, 1.807684302330017, 2.7372584342956543, 3.5565567016601562, 5.338958263397217, 3.6034388542175293, 5.506971836090088, 3.0260071754455566, 1.1142990589141846, 1.6483752727508545, 1.766508936882019, 0.5239191651344299, 1.0806481838226318, 3.636972665786743, 2.06536602973938, 2.069962501525879, 0.49744272232055664, 1.1713813543319702, 1.6492395401000977, 0.8216919898986816, 1.0638331174850464, 0.7683203816413879, 0.2264428734779358, 0.3488750159740448], "true": [120.0, 120.0, 120.0, 120.0, 120.0, 120.0, 119.0, 118.0, 117.0, 116.0, 115.0, 114.0, 113.0, 112.0, 111.0, 110.0, 109.0, 108.0, 107.0, 106.0, 105.0, 104.0, 103.0, 102.0, 101.0, 100.0, 99.0, 98.0, 97.0, 96.0, 95.0, 94.0, 93.0, 92.0, 91.0, 90.0, 89.0, 88.0, 87.0, 86.0, 85.0, 84.0, 83.0, 82.0, 81.0, 80.0, 79.0, 78.0, 77.0, 76.0, 75.0, 74.0, 73.0, 72.0, 71.0, 70.0, 69.0, 68.0, 67.0, 66.0, 65.0, 64.0, 63.0, 62.0, 61.0, 60.0, 59.0, 58.0, 57.0, 56.0, 55.0, 54.0, 53.0, 52.0, 51.0, 50.0, 49.0, 48.0, 47.0, 46.0, 45.0, 44.0, 43.0, 42.0, 41.0, 40.0, 39.0, 38.0, 37.0, 36.0, 35.0, 34.0, 33.0, 32.0, 31.0, 30.0, 29.0, 28.0, 27.0, 26.0, 25.0, 24.0, 23.0, 22.0, 21.0, 20.0, 19.0, 18.0, 17.0, 16.0, 15.0, 14.0, 13.0, 12.0, 11.0, 10.0, 9.0, 8.0, 7.0, 6.0, 5.0, 4.0, 3.0, 2.0, 1.0, 0.0], "RMSE": 11.99}