{"mean": [125.083740234375, 125.23295593261719, 126.24102783203125, 124.436279296875, 123.1822509765625, 123.8763427734375, 125.04328918457031, 124.1720962524414, 123.1853256225586, 124.27201843261719, 120.40352630615234, 125.137939453125, 123.8729476928711, 124.377197265625, 122.61653137207031, 125.15507507324219, 122.5542221069336, 123.57596588134766, 121.35295104980469, 123.9029541015625, 120.77813720703125, 125.40620422363281, 122.69139099121094, 122.7391357421875, 122.4791030883789, 122.46134948730469, 121.37245178222656, 123.73250579833984, 122.1820068359375, 118.5014877319336, 118.5687255859375, 120.37422180175781, 119.97298431396484, 120.48028564453125, 117.68382263183594, 119.45594787597656, 118.8178482055664, 120.3189468383789, 116.85709381103516, 115.3685073852539, 117.6036376953125, 114.86576843261719, 116.9227523803711, 115.31893157958984, 115.2215347290039, 112.16947937011719, 112.3782730102539, 112.41255950927734, 109.61624908447266, 110.4235610961914, 108.4115219116211, 105.05809020996094, 101.92677307128906, 104.6644287109375, 93.36454772949219, 99.41517639160156, 91.71871185302734, 101.74141693115234, 88.13172912597656, 86.50090026855469, 86.19792175292969, 85.13914489746094, 81.72362518310547, 76.97337341308594, 78.02570343017578, 71.72168731689453, 73.19695281982422, 70.45702362060547, 67.1031723022461, 61.70524215698242, 65.15384674072266, 62.30348587036133, 61.9468994140625, 59.91009521484375, 54.37510299682617, 52.81061935424805, 51.119285583496094, 51.00016403198242, 47.76303482055664, 47.09046173095703, 48.21635818481445, 45.857852935791016, 43.32451629638672, 44.48005676269531, 42.08534240722656, 39.266510009765625, 38.68683624267578, 37.084442138671875, 38.837425231933594, 37.03751754760742, 35.466915130615234, 35.08648681640625, 33.35157012939453, 32.81958770751953, 32.930023193359375, 30.658554077148438, 28.55881690979004, 28.618112564086914, 27.773574829101562, 25.922903060913086, 25.60577964782715, 25.024457931518555, 23.769601821899414, 23.6831111907959, 22.109041213989258, 21.51148796081543, 20.06857681274414, 19.243122100830078, 18.63287353515625, 17.30211067199707, 16.477628707885742, 15.347783088684082, 14.69389820098877, 13.408282279968262, 12.130351066589355, 10.932967185974121, 10.202208518981934, 8.55705738067627, 7.693072319030762, 6.753822326660156, 5.602879524230957, 4.240293979644775, 3.219561815261841, 2.538301944732666], "var": [12.207464218139648, 3.891603469848633, 9.346156120300293, 9.440176963806152, 11.481465339660645, 4.933108329772949, 19.410783767700195, 4.948010444641113, 8.627930641174316, 14.511910438537598, 22.697376251220703, 6.918964862823486, 17.457937240600586, 12.990602493286133, 15.610684394836426, 8.425605773925781, 16.110572814941406, 8.090798377990723, 10.558192253112793, 12.673617362976074, 18.545927047729492, 11.279864311218262, 13.707390785217285, 22.0913143157959, 20.00640296936035, 12.410966873168945, 15.726523399353027, 14.88931941986084, 15.042073249816895, 32.05057907104492, 23.052364349365234, 10.552103996276855, 22.93601417541504, 19.88675880432129, 12.961296081542969, 28.50550079345703, 17.705934524536133, 9.267744064331055, 6.145269870758057, 30.762306213378906, 9.368481636047363, 43.26491165161133, 7.703025817871094, 23.426546096801758, 19.565717697143555, 57.55653762817383, 8.606058120727539, 21.149450302124023, 79.9183349609375, 48.89128875732422, 15.414416313171387, 45.853702545166016, 67.9508056640625, 80.63677978515625, 121.9155044555664, 155.95849609375, 196.40440368652344, 143.21505737304688, 158.3389129638672, 140.9090576171875, 190.08798217773438, 230.32037353515625, 157.70823669433594, 109.9460678100586, 165.06410217285156, 120.47325897216797, 87.66065979003906, 95.29021453857422, 69.3386001586914, 114.29954528808594, 78.72872161865234, 30.230648040771484, 61.01539611816406, 118.42272186279297, 62.70002365112305, 22.164274215698242, 20.064462661743164, 16.474822998046875, 14.606785774230957, 14.12344741821289, 18.109350204467773, 16.337244033813477, 16.905481338500977, 11.73708724975586, 26.8292236328125, 5.618596076965332, 4.3377366065979, 6.334200859069824, 19.380596160888672, 15.425166130065918, 7.650478363037109, 16.618152618408203, 6.99285364151001, 5.1563720703125, 3.9918792247772217, 3.2350258827209473, 2.3234024047851562, 4.142054557800293, 4.628384590148926, 4.921091556549072, 1.5582351684570312, 1.2489526271820068, 1.6075632572174072, 2.5470590591430664, 1.9493485689163208, 1.0514799356460571, 2.187425136566162, 0.8218173980712891, 1.2612440586090088, 1.304339051246643, 0.9508864879608154, 1.0753440856933594, 0.6536886096000671, 0.33616775274276733, 0.5640491247177124, 1.142468810081482, 0.5249456763267517, 0.8813153505325317, 0.5043774843215942, 0.23598316311836243, 0.4760671854019165, 0.2847560942173004, 0.10031407326459885, 0.11357200145721436], "true": [120.0, 120.0, 120.0, 120.0, 119.0, 118.0, 117.0, 116.0, 115.0, 114.0, 113.0, 112.0, 111.0, 110.0, 109.0, 108.0, 107.0, 106.0, 105.0, 104.0, 103.0, 102.0, 101.0, 100.0, 99.0, 98.0, 97.0, 96.0, 95.0, 94.0, 93.0, 92.0, 91.0, 90.0, 89.0, 88.0, 87.0, 86.0, 85.0, 84.0, 83.0, 82.0, 81.0, 80.0, 79.0, 78.0, 77.0, 76.0, 75.0, 74.0, 73.0, 72.0, 71.0, 70.0, 69.0, 68.0, 67.0, 66.0, 65.0, 64.0, 63.0, 62.0, 61.0, 60.0, 59.0, 58.0, 57.0, 56.0, 55.0, 54.0, 53.0, 52.0, 51.0, 50.0, 49.0, 48.0, 47.0, 46.0, 45.0, 44.0, 43.0, 42.0, 41.0, 40.0, 39.0, 38.0, 37.0, 36.0, 35.0, 34.0, 33.0, 32.0, 31.0, 30.0, 29.0, 28.0, 27.0, 26.0, 25.0, 24.0, 23.0, 22.0, 21.0, 20.0, 19.0, 18.0, 17.0, 16.0, 15.0, 14.0, 13.0, 12.0, 11.0, 10.0, 9.0, 8.0, 7.0, 6.0, 5.0, 4.0, 3.0, 2.0, 1.0, 0.0], "RMSE": 18.65}