{"mean": [112.320068359375, 108.4103012084961, 110.63499450683594, 106.18727111816406, 109.31275939941406, 110.78675842285156, 106.66987609863281, 105.46788024902344, 107.88468933105469, 102.36793518066406, 105.5827407836914, 108.77430725097656, 108.66888427734375, 108.4384536743164, 107.15360260009766, 107.09507751464844, 109.85091400146484, 109.77021789550781, 106.86198425292969, 107.541015625, 105.4498291015625, 102.29432678222656, 100.06998443603516, 112.57354736328125, 105.14530944824219, 115.89229583740234, 105.41524505615234, 100.83304595947266, 103.41773986816406, 102.70881652832031, 99.23204040527344, 112.69776916503906, 98.0174331665039, 103.42509460449219, 102.84281921386719, 111.85447692871094, 103.98974609375, 99.34841918945312, 103.9603500366211, 96.91458129882812, 98.35887145996094, 94.9218521118164, 104.29240417480469, 99.22004699707031, 100.23490905761719, 99.83198547363281, 98.2114028930664, 86.68730926513672, 95.13336181640625, 102.46952819824219, 91.49589538574219, 89.6037368774414, 88.20081329345703, 93.52930450439453, 91.63188934326172, 84.94505310058594, 83.85877990722656, 84.57052612304688, 92.4260482788086, 87.67963409423828, 80.46820831298828, 94.9993667602539, 83.01634979248047, 84.06905364990234, 88.60002136230469, 85.21431732177734, 71.9577865600586, 79.3588638305664, 77.59877014160156, 84.15238952636719, 76.22666931152344, 68.74512481689453, 73.82015991210938, 66.74027252197266, 67.50743865966797, 67.62953186035156, 61.50742721557617, 60.910682678222656, 56.53031539916992, 58.215126037597656, 56.09712600708008, 49.1312255859375, 53.95899200439453, 52.74735641479492, 48.65216064453125, 46.748573303222656, 46.30792999267578, 41.95978546142578, 39.52372360229492, 40.69713592529297, 37.716552734375, 33.93429946899414, 34.127288818359375, 32.81376266479492, 31.5445556640625, 30.918224334716797, 29.275909423828125, 31.720184326171875, 27.407018661499023, 27.168161392211914, 26.382884979248047, 24.86360740661621, 25.674423217773438, 24.252113342285156, 24.045133590698242, 22.360483169555664, 23.15782928466797, 21.506877899169922, 20.509262084960938, 19.878536224365234, 17.79616928100586, 16.680408477783203, 15.878768920898438, 14.229293823242188, 13.098986625671387, 12.04796028137207, 10.41119384765625, 9.259818077087402, 8.28127384185791, 7.049493312835693, 6.445631504058838, 5.013312339782715, 3.9701130390167236, 3.2649989128112793, 2.193040132522583], "var": [41.65716552734375, 45.07377624511719, 27.748424530029297, 94.87152862548828, 25.26662826538086, 41.92818832397461, 81.13471984863281, 125.2851333618164, 74.89643096923828, 113.7273941040039, 124.58557891845703, 76.40452575683594, 163.6169891357422, 48.23072052001953, 115.19532012939453, 188.0819091796875, 110.43155670166016, 21.58513832092285, 249.2008056640625, 80.95134735107422, 143.26412963867188, 250.8171844482422, 463.3017883300781, 114.53860473632812, 282.9759521484375, 24.423824310302734, 280.2405090332031, 205.834228515625, 173.4059600830078, 212.03224182128906, 219.15838623046875, 46.699981689453125, 143.63980102539062, 128.08824157714844, 270.0857849121094, 27.41735076904297, 57.63832473754883, 197.2373809814453, 100.03741455078125, 247.30845642089844, 175.00010681152344, 130.26806640625, 148.95033264160156, 122.08714294433594, 134.11489868164062, 176.03067016601562, 43.45036315917969, 249.73170471191406, 122.9037094116211, 117.423828125, 201.59861755371094, 139.21327209472656, 254.5135955810547, 42.95476531982422, 107.60184478759766, 119.11129760742188, 245.3182830810547, 262.677734375, 136.3783416748047, 75.07392120361328, 124.53202056884766, 77.9388656616211, 181.7274932861328, 149.3990936279297, 131.03944396972656, 226.7346954345703, 209.12408447265625, 186.46649169921875, 175.35707092285156, 46.74262619018555, 198.3712615966797, 144.97496032714844, 159.47499084472656, 121.95188903808594, 61.22123336791992, 90.53118896484375, 96.70821380615234, 95.73165130615234, 150.2936553955078, 31.96181869506836, 19.14443588256836, 93.30127716064453, 32.184226989746094, 46.579349517822266, 53.14485549926758, 35.26240921020508, 20.877782821655273, 38.135555267333984, 17.956165313720703, 57.28413009643555, 5.385563850402832, 7.691781997680664, 9.239616394042969, 19.20857810974121, 7.254451751708984, 14.950297355651855, 5.172936916351318, 18.882856369018555, 9.699037551879883, 5.4565911293029785, 4.341089725494385, 2.293480396270752, 1.8888081312179565, 1.227815866470337, 1.5797152519226074, 2.7360215187072754, 2.5415875911712646, 2.7195074558258057, 1.0054749250411987, 2.1481382846832275, 0.9264146685600281, 1.1478861570358276, 1.0464632511138916, 0.4489881694316864, 0.8952124714851379, 0.3311176300048828, 0.45637527108192444, 0.2991166412830353, 0.33629152178764343, 0.4739060401916504, 0.0740746334195137, 0.6938721537590027, 0.28519195318222046, 0.27014294266700745, 0.21812067925930023], "true": [120.0, 120.0, 120.0, 120.0, 120.0, 119.0, 118.0, 117.0, 116.0, 115.0, 114.0, 113.0, 112.0, 111.0, 110.0, 109.0, 108.0, 107.0, 106.0, 105.0, 104.0, 103.0, 102.0, 101.0, 100.0, 99.0, 98.0, 97.0, 96.0, 95.0, 94.0, 93.0, 92.0, 91.0, 90.0, 89.0, 88.0, 87.0, 86.0, 85.0, 84.0, 83.0, 82.0, 81.0, 80.0, 79.0, 78.0, 77.0, 76.0, 75.0, 74.0, 73.0, 72.0, 71.0, 70.0, 69.0, 68.0, 67.0, 66.0, 65.0, 64.0, 63.0, 62.0, 61.0, 60.0, 59.0, 58.0, 57.0, 56.0, 55.0, 54.0, 53.0, 52.0, 51.0, 50.0, 49.0, 48.0, 47.0, 46.0, 45.0, 44.0, 43.0, 42.0, 41.0, 40.0, 39.0, 38.0, 37.0, 36.0, 35.0, 34.0, 33.0, 32.0, 31.0, 30.0, 29.0, 28.0, 27.0, 26.0, 25.0, 24.0, 23.0, 22.0, 21.0, 20.0, 19.0, 18.0, 17.0, 16.0, 15.0, 14.0, 13.0, 12.0, 11.0, 10.0, 9.0, 8.0, 7.0, 6.0, 5.0, 4.0, 3.0, 2.0, 1.0, 0.0], "RMSE": 13.02}