{"mean": [125.81014251708984, 125.05073547363281, 124.0003433227539, 123.94297790527344, 127.05814361572266, 123.9547348022461, 126.58418273925781, 124.9435043334961, 124.01808166503906, 123.0968246459961, 124.09525299072266, 121.50599670410156, 123.60565185546875, 124.0704574584961, 122.1278305053711, 123.79194641113281, 121.41960144042969, 122.32796478271484, 123.16593933105469, 121.60798645019531, 120.65042877197266, 121.57475280761719, 120.1362075805664, 118.767333984375, 120.9148178100586, 118.15690612792969, 117.16651916503906, 119.11412048339844, 118.5571517944336, 119.20963287353516, 117.73237609863281, 117.63514709472656, 115.31961822509766, 115.56331634521484, 114.888916015625, 118.3832778930664, 114.93675231933594, 112.79622650146484, 111.8856430053711, 117.19783020019531, 111.76934814453125, 112.42940521240234, 110.38956451416016, 109.1736831665039, 106.77962493896484, 105.57027435302734, 106.76253509521484, 105.8025894165039, 101.94236755371094, 99.33966827392578, 102.713134765625, 99.40180969238281, 97.17512512207031, 97.66905212402344, 99.08351135253906, 92.80506134033203, 91.70098876953125, 87.75422668457031, 87.35345458984375, 80.08377075195312, 78.05926513671875, 86.62037658691406, 73.49138641357422, 74.74818420410156, 74.52064514160156, 72.24812316894531, 72.22945404052734, 68.49518585205078, 65.6994400024414, 64.72534942626953, 63.88228225708008, 61.753265380859375, 61.72788619995117, 60.9904899597168, 60.7226448059082, 58.95377731323242, 57.309043884277344, 53.517425537109375, 52.59031295776367, 54.121620178222656, 51.045631408691406, 50.044105529785156, 49.846275329589844, 45.067935943603516, 44.08401870727539, 43.62080764770508, 45.40721893310547, 42.1899528503418, 40.61998748779297, 39.61250686645508, 41.79701614379883, 35.554962158203125, 37.33775329589844, 34.35594940185547, 36.034584045410156, 31.801788330078125, 31.32525062561035, 30.284351348876953, 29.442852020263672, 28.595626831054688, 28.333629608154297, 27.586803436279297, 27.294540405273438, 24.99529457092285, 24.17960548400879, 23.260522842407227, 23.070173263549805, 20.803543090820312, 19.571928024291992, 18.74747657775879, 17.586326599121094, 15.692060470581055, 14.84509563446045, 14.492204666137695, 12.652467727661133, 11.512066841125488, 10.550058364868164, 9.837393760681152, 8.527425765991211, 7.641460418701172, 6.495765686035156, 4.941075801849365, 3.8413562774658203, 2.691539764404297, 2.2773048877716064], "var": [16.15131187438965, 7.9336628913879395, 12.800030708312988, 16.390911102294922, 10.432438850402832, 7.120312213897705, 22.58960723876953, 10.844106674194336, 18.457075119018555, 19.4604434967041, 25.397308349609375, 11.513044357299805, 7.559918403625488, 9.550999641418457, 11.418542861938477, 9.273354530334473, 11.28307819366455, 22.20880889892578, 7.565556526184082, 16.96074867248535, 32.5335807800293, 8.715005874633789, 18.933937072753906, 10.05471134185791, 20.760568618774414, 44.260215759277344, 7.518561840057373, 22.640701293945312, 17.764602661132812, 16.395174026489258, 18.390426635742188, 24.78641128540039, 31.73080062866211, 17.554494857788086, 21.62760353088379, 31.393692016601562, 12.13453483581543, 47.14274597167969, 15.819013595581055, 12.072271347045898, 52.63731384277344, 23.411476135253906, 129.45819091796875, 15.371087074279785, 57.678375244140625, 143.3447265625, 90.73291778564453, 50.28227996826172, 116.28538513183594, 25.08770751953125, 73.84516906738281, 142.48365783691406, 196.25912475585938, 62.574989318847656, 48.831905364990234, 80.86548614501953, 81.71004486083984, 353.241943359375, 209.5255889892578, 153.4990234375, 312.8569030761719, 163.8804168701172, 120.73856353759766, 204.17987060546875, 227.6982421875, 157.0029754638672, 179.5978240966797, 51.23415756225586, 62.00359344482422, 124.5838394165039, 81.75326538085938, 97.82959747314453, 23.875288009643555, 57.399391174316406, 155.5791473388672, 41.665645599365234, 32.49772262573242, 24.218425750732422, 33.5721549987793, 53.34745407104492, 23.510217666625977, 45.62145233154297, 47.65774154663086, 9.763850212097168, 21.102529525756836, 16.343870162963867, 32.74799728393555, 21.937427520751953, 16.003862380981445, 14.808239936828613, 17.112627029418945, 8.19445514678955, 12.356840133666992, 4.463217735290527, 17.20590591430664, 6.235986709594727, 2.085282802581787, 7.418789386749268, 1.9647736549377441, 4.617405414581299, 0.9681687951087952, 2.2003884315490723, 5.600502014160156, 0.8447425961494446, 4.150904655456543, 1.8934550285339355, 0.661134660243988, 0.8754017949104309, 1.0032614469528198, 0.6750796437263489, 0.16164779663085938, 0.7124350070953369, 0.24819019436836243, 0.516118049621582, 0.7509902119636536, 0.8248974680900574, 1.3252426385879517, 0.22374729812145233, 0.4488513469696045, 0.39671507477760315, 0.43921083211898804, 0.16624608635902405, 0.3194350600242615, 0.15660850703716278, 0.4169062376022339], "true": [120.0, 120.0, 120.0, 120.0, 120.0, 119.0, 118.0, 117.0, 116.0, 115.0, 114.0, 113.0, 112.0, 111.0, 110.0, 109.0, 108.0, 107.0, 106.0, 105.0, 104.0, 103.0, 102.0, 101.0, 100.0, 99.0, 98.0, 97.0, 96.0, 95.0, 94.0, 93.0, 92.0, 91.0, 90.0, 89.0, 88.0, 87.0, 86.0, 85.0, 84.0, 83.0, 82.0, 81.0, 80.0, 79.0, 78.0, 77.0, 76.0, 75.0, 74.0, 73.0, 72.0, 71.0, 70.0, 69.0, 68.0, 67.0, 66.0, 65.0, 64.0, 63.0, 62.0, 61.0, 60.0, 59.0, 58.0, 57.0, 56.0, 55.0, 54.0, 53.0, 52.0, 51.0, 50.0, 49.0, 48.0, 47.0, 46.0, 45.0, 44.0, 43.0, 42.0, 41.0, 40.0, 39.0, 38.0, 37.0, 36.0, 35.0, 34.0, 33.0, 32.0, 31.0, 30.0, 29.0, 28.0, 27.0, 26.0, 25.0, 24.0, 23.0, 22.0, 21.0, 20.0, 19.0, 18.0, 17.0, 16.0, 15.0, 14.0, 13.0, 12.0, 11.0, 10.0, 9.0, 8.0, 7.0, 6.0, 5.0, 4.0, 3.0, 2.0, 1.0, 0.0], "RMSE": 15.59}