{"mean": [113.35639953613281, 113.52647399902344, 113.5798110961914, 116.35127258300781, 111.95497131347656, 110.60931396484375, 109.73896789550781, 111.62709045410156, 106.29669189453125, 112.9630355834961, 105.9053955078125, 108.33392333984375, 99.62076568603516, 109.4655532836914, 103.6321792602539, 107.55503845214844, 103.64619445800781, 105.6938705444336, 106.88087463378906, 101.72468566894531, 103.04325103759766, 104.2813720703125, 100.70469665527344, 96.90933990478516, 102.18518829345703, 103.0926284790039, 103.46061706542969, 98.37284088134766, 98.99998474121094, 98.77149963378906, 99.48284912109375, 100.38082122802734, 95.86209869384766, 99.20565032958984, 88.34440612792969, 95.87062072753906, 94.6410140991211, 87.32135772705078, 87.9343032836914, 87.16777038574219, 89.95747375488281, 85.69929504394531, 85.04167938232422, 86.22264099121094, 85.5685806274414, 82.44184875488281, 76.6061019897461, 76.81147003173828, 76.32600402832031, 76.13223266601562, 74.15941619873047, 68.1649169921875, 68.84056854248047, 70.90258026123047, 77.49588012695312, 70.11714935302734, 70.80126953125, 67.21162414550781, 65.19803619384766, 62.43303298950195, 63.6644172668457, 59.192710876464844, 57.253318786621094, 58.98931121826172, 54.9952278137207, 54.0968132019043, 52.51673126220703, 50.04655456542969, 46.80162048339844, 48.040504455566406, 45.157875061035156, 44.763370513916016, 41.934444427490234, 41.646663665771484, 39.00409698486328, 38.397342681884766, 37.20759201049805, 35.56275177001953, 34.13774490356445, 32.495323181152344, 33.85100555419922, 30.6474609375, 31.02189064025879, 29.337146759033203, 27.204681396484375, 24.943660736083984, 25.32926368713379, 24.719356536865234, 22.71408462524414, 21.074438095092773, 19.993309020996094, 18.965431213378906, 17.089397430419922, 16.04827117919922, 14.593435287475586, 13.621065139770508, 12.322271347045898, 11.370903968811035, 10.596400260925293, 9.417240142822266, 7.867822170257568, 6.227250576019287, 5.453182220458984, 4.3139543533325195, 2.9995007514953613, 2.5245633125305176], "var": [31.784961700439453, 22.363842010498047, 29.678312301635742, 36.21837615966797, 28.389848709106445, 13.534997940063477, 23.876142501831055, 27.651973724365234, 42.300621032714844, 22.44472312927246, 88.3586196899414, 52.52747344970703, 93.09245300292969, 84.68448638916016, 61.49976348876953, 88.99457550048828, 95.32950592041016, 205.70205688476562, 27.668960571289062, 174.06613159179688, 100.10065460205078, 44.57831954956055, 109.59231567382812, 133.78536987304688, 95.76720428466797, 108.01483154296875, 56.295875549316406, 108.73016357421875, 65.88394927978516, 142.3762664794922, 119.32465362548828, 125.26268005371094, 164.44407653808594, 16.948001861572266, 110.21136474609375, 102.51905822753906, 89.55073547363281, 181.9801025390625, 93.8670883178711, 161.2574462890625, 93.27162170410156, 137.7121124267578, 98.4619369506836, 83.03284454345703, 139.6746368408203, 75.08197784423828, 95.19867706298828, 72.43663787841797, 97.89952087402344, 56.040626525878906, 48.25434494018555, 206.74261474609375, 77.57723236083984, 110.74862670898438, 89.2228012084961, 37.061763763427734, 60.773189544677734, 24.298202514648438, 62.059391021728516, 47.07743835449219, 97.86473846435547, 45.9061279296875, 21.906600952148438, 17.99736213684082, 60.08800506591797, 46.75185775756836, 26.646989822387695, 39.364891052246094, 24.493778228759766, 23.461854934692383, 20.13895606994629, 21.79879379272461, 20.784067153930664, 15.00210189819336, 11.825128555297852, 3.979794979095459, 4.527461051940918, 1.576465368270874, 7.589293003082275, 7.137015342712402, 12.192259788513184, 4.953013896942139, 4.328869342803955, 6.741436958312988, 2.4108006954193115, 3.577045202255249, 2.5227203369140625, 2.2786972522735596, 3.1967732906341553, 1.8574631214141846, 1.755391240119934, 1.133905053138733, 0.4795464277267456, 0.3701183795928955, 0.9514228701591492, 0.5004514455795288, 0.6617026925086975, 0.5387218594551086, 0.9184874296188354, 0.5675908327102661, 0.25075092911720276, 0.15264777839183807, 0.30139628052711487, 0.2893567383289337, 0.32555803656578064, 0.2634049355983734], "true": [105.0, 104.0, 103.0, 102.0, 101.0, 100.0, 99.0, 98.0, 97.0, 96.0, 95.0, 94.0, 93.0, 92.0, 91.0, 90.0, 89.0, 88.0, 87.0, 86.0, 85.0, 84.0, 83.0, 82.0, 81.0, 80.0, 79.0, 78.0, 77.0, 76.0, 75.0, 74.0, 73.0, 72.0, 71.0, 70.0, 69.0, 68.0, 67.0, 66.0, 65.0, 64.0, 63.0, 62.0, 61.0, 60.0, 59.0, 58.0, 57.0, 56.0, 55.0, 54.0, 53.0, 52.0, 51.0, 50.0, 49.0, 48.0, 47.0, 46.0, 45.0, 44.0, 43.0, 42.0, 41.0, 40.0, 39.0, 38.0, 37.0, 36.0, 35.0, 34.0, 33.0, 32.0, 31.0, 30.0, 29.0, 28.0, 27.0, 26.0, 25.0, 24.0, 23.0, 22.0, 21.0, 20.0, 19.0, 18.0, 17.0, 16.0, 15.0, 14.0, 13.0, 12.0, 11.0, 10.0, 9.0, 8.0, 7.0, 6.0, 5.0, 4.0, 3.0, 2.0, 1.0, 0.0], "RMSE": 15.44}
