{"mean": [117.07513427734375, 113.08998107910156, 116.24903869628906, 115.61190032958984, 116.32572937011719, 117.81011962890625, 116.10868835449219, 114.7238998413086, 113.3681869506836, 116.6924819946289, 113.9815444946289, 111.71739196777344, 114.92039489746094, 117.2092056274414, 112.7264175415039, 114.47306060791016, 115.3846664428711, 113.811767578125, 117.61983489990234, 116.93946838378906, 115.35475158691406, 115.80476379394531, 114.73628997802734, 115.39772033691406, 110.31172180175781, 111.48260498046875, 116.66389465332031, 114.90669250488281, 111.56719970703125, 114.39524841308594, 112.0923843383789, 110.85567474365234, 110.18623352050781, 107.36561584472656, 108.7905044555664, 110.84871673583984, 113.29093170166016, 108.70015716552734, 107.94954681396484, 111.33978271484375, 102.523681640625, 106.11015319824219, 103.32127380371094, 98.88152313232422, 105.83418273925781, 105.0325927734375, 99.55326843261719, 97.74749755859375, 96.25776672363281, 95.15910339355469, 99.17024230957031, 101.46724700927734, 93.14615631103516, 87.23304748535156, 84.93574523925781, 85.58287811279297, 87.47938537597656, 81.1727294921875, 80.5108642578125, 79.62004089355469, 74.454833984375, 85.86201477050781, 69.90027618408203, 66.97098541259766, 77.0013656616211, 75.99591064453125, 65.23805236816406, 70.31330871582031, 70.02522277832031, 69.3691635131836, 60.76869583129883, 61.147727966308594, 68.98902893066406, 61.5128173828125, 58.36560821533203, 60.366539001464844, 53.611305236816406, 58.75910568237305, 56.77172088623047, 62.15113067626953, 52.234336853027344, 53.719017028808594, 53.37335205078125, 49.74838638305664, 50.940711975097656, 45.71477508544922, 43.737770080566406, 42.552947998046875, 42.687408447265625, 40.72538375854492, 40.42233657836914, 39.754859924316406, 38.30982208251953, 37.35734176635742, 37.04893493652344, 36.56267166137695, 33.059913635253906, 33.690582275390625, 33.14090347290039, 32.56831741333008, 31.917160034179688, 31.37445068359375, 30.835453033447266, 29.284282684326172, 28.678686141967773, 27.087732315063477, 26.494640350341797, 24.935409545898438, 23.631420135498047, 22.424776077270508, 21.061874389648438, 19.699125289916992, 18.33012580871582, 17.58127212524414, 15.899415969848633, 15.30872917175293, 13.868797302246094, 12.616745948791504, 11.744397163391113, 9.582562446594238, 8.40799331665039, 7.596554756164551, 6.08127498626709, 4.850541114807129, 3.7786171436309814, 3.3840739727020264], "var": [26.810667037963867, 33.21384048461914, 10.034546852111816, 46.81708908081055, 34.60079574584961, 42.70531463623047, 41.74937057495117, 19.538646697998047, 85.56558990478516, 33.71320343017578, 31.380237579345703, 47.69872283935547, 25.107166290283203, 11.07207202911377, 45.32009506225586, 43.884552001953125, 10.087498664855957, 30.350982666015625, 9.273036003112793, 39.62436294555664, 24.789066314697266, 29.780763626098633, 13.753031730651855, 53.05077362060547, 50.61012649536133, 60.7706413269043, 10.467508316040039, 66.82083892822266, 95.03787994384766, 40.47589874267578, 62.635887145996094, 85.07628631591797, 53.34952926635742, 154.17495727539062, 144.736328125, 74.41825866699219, 26.012479782104492, 158.75537109375, 226.8223114013672, 87.06798553466797, 305.1722717285156, 202.17710876464844, 130.68894958496094, 152.32525634765625, 98.11283111572266, 135.4368438720703, 58.57509994506836, 46.857948303222656, 232.81114196777344, 223.85556030273438, 163.80316162109375, 53.25731658935547, 101.1153793334961, 172.3064727783203, 102.70524597167969, 162.8605499267578, 174.47581481933594, 210.22201538085938, 157.22286987304688, 248.57362365722656, 174.67718505859375, 356.2675476074219, 127.8639907836914, 62.10982894897461, 69.94478607177734, 109.87727355957031, 49.46830749511719, 174.84922790527344, 179.1225128173828, 112.75821685791016, 77.8572006225586, 64.4214096069336, 56.71455383300781, 97.79936218261719, 23.588584899902344, 92.7586441040039, 31.540775299072266, 99.2118148803711, 66.32076263427734, 177.26316833496094, 57.576690673828125, 64.62772369384766, 60.46406173706055, 7.298182964324951, 61.96063232421875, 5.032548904418945, 12.641303062438965, 22.294387817382812, 15.629364967346191, 16.48678970336914, 12.873294830322266, 9.720951080322266, 18.978023529052734, 5.228655815124512, 9.155362129211426, 9.570825576782227, 8.235962867736816, 5.0880446434021, 5.038690567016602, 4.4380621910095215, 7.579617023468018, 6.586658954620361, 8.390523910522461, 1.8639825582504272, 1.5158697366714478, 3.2941720485687256, 3.4963555335998535, 1.002502202987671, 0.7185741066932678, 1.3451374769210815, 1.8393487930297852, 2.2464451789855957, 0.5567123293876648, 1.0100153684616089, 0.4170120060443878, 0.9086021780967712, 0.43497979640960693, 0.0864759087562561, 0.8845579624176025, 0.42454394698143005, 0.6379024386405945, 0.4043377935886383, 0.4389808177947998, 0.31933337450027466, 0.3661981225013733, 0.23113404214382172], "true": [120.0, 120.0, 120.0, 120.0, 120.0, 120.0, 119.0, 118.0, 117.0, 116.0, 115.0, 114.0, 113.0, 112.0, 111.0, 110.0, 109.0, 108.0, 107.0, 106.0, 105.0, 104.0, 103.0, 102.0, 101.0, 100.0, 99.0, 98.0, 97.0, 96.0, 95.0, 94.0, 93.0, 92.0, 91.0, 90.0, 89.0, 88.0, 87.0, 86.0, 85.0, 84.0, 83.0, 82.0, 81.0, 80.0, 79.0, 78.0, 77.0, 76.0, 75.0, 74.0, 73.0, 72.0, 71.0, 70.0, 69.0, 68.0, 67.0, 66.0, 65.0, 64.0, 63.0, 62.0, 61.0, 60.0, 59.0, 58.0, 57.0, 56.0, 55.0, 54.0, 53.0, 52.0, 51.0, 50.0, 49.0, 48.0, 47.0, 46.0, 45.0, 44.0, 43.0, 42.0, 41.0, 40.0, 39.0, 38.0, 37.0, 36.0, 35.0, 34.0, 33.0, 32.0, 31.0, 30.0, 29.0, 28.0, 27.0, 26.0, 25.0, 24.0, 23.0, 22.0, 21.0, 20.0, 19.0, 18.0, 17.0, 16.0, 15.0, 14.0, 13.0, 12.0, 11.0, 10.0, 9.0, 8.0, 7.0, 6.0, 5.0, 4.0, 3.0, 2.0, 1.0, 0.0], "RMSE": 12.11}