{"mean": [111.7940444946289, 108.9897689819336, 112.86515045166016, 107.48530578613281, 112.78926086425781, 113.44559478759766, 106.83930969238281, 108.0167465209961, 111.69232177734375, 104.44331359863281, 108.32694244384766, 112.44459533691406, 110.50611877441406, 112.1538314819336, 110.66294860839844, 112.29129791259766, 111.2839584350586, 112.49967193603516, 109.7558822631836, 111.17762756347656, 108.49864196777344, 105.59153747558594, 100.34040069580078, 111.58880615234375, 108.4588394165039, 116.54191589355469, 105.05680084228516, 102.32539367675781, 105.11483001708984, 105.81880187988281, 103.0421142578125, 113.008056640625, 99.46492004394531, 103.87385559082031, 103.64208984375, 110.8599624633789, 106.00444030761719, 101.75345611572266, 107.77125549316406, 102.40104675292969, 101.47737121582031, 98.07759857177734, 106.84272766113281, 100.54974365234375, 104.01176452636719, 97.91961669921875, 102.12748718261719, 88.39171600341797, 93.10787963867188, 99.21859741210938, 92.18106842041016, 87.3578109741211, 88.5625228881836, 93.51882934570312, 90.74711608886719, 85.84130096435547, 84.6974868774414, 84.32172393798828, 93.01366424560547, 86.71613311767578, 79.50406646728516, 91.221435546875, 81.42216491699219, 81.83383178710938, 82.7740249633789, 82.13459777832031, 66.8324966430664, 74.15254211425781, 73.00141143798828, 80.15686798095703, 70.39494323730469, 64.60543060302734, 70.76136779785156, 62.49086380004883, 65.79267883300781, 65.98820495605469, 60.65195846557617, 59.9776725769043, 56.0394401550293, 58.193603515625, 56.27617263793945, 49.92853927612305, 54.30029296875, 52.9605598449707, 50.09748077392578, 46.50768280029297, 45.13538360595703, 41.53398132324219, 38.86415481567383, 41.55595779418945, 39.104225158691406, 36.460365295410156, 37.179237365722656, 35.60239791870117, 35.19093322753906, 34.979793548583984, 33.89182662963867, 35.548377990722656, 31.248722076416016, 30.745397567749023, 29.209606170654297, 27.364974975585938, 27.432392120361328, 25.967416763305664, 25.2738037109375, 23.228368759155273, 23.6602725982666, 22.018442153930664, 20.899784088134766, 20.061426162719727, 17.980365753173828, 16.874658584594727, 16.18792152404785, 14.387031555175781, 13.319648742675781, 12.030206680297852, 10.691521644592285, 9.401497840881348, 8.458230972290039, 7.2201080322265625, 6.522677421569824, 5.089687824249268, 4.036250114440918, 3.2800514698028564, 2.315322160720825], "var": [42.33665084838867, 69.20540618896484, 35.75417709350586, 126.68485260009766, 22.8464412689209, 62.1276969909668, 127.38089752197266, 102.50123596191406, 103.86026763916016, 110.6607437133789, 119.76079559326172, 67.13566589355469, 209.80787658691406, 39.86275863647461, 62.63303756713867, 139.51321411132812, 91.6837158203125, 13.897647857666016, 256.4458923339844, 38.741512298583984, 147.41751098632812, 168.10743713378906, 479.0234375, 119.6092300415039, 237.15240478515625, 24.089405059814453, 257.5339050292969, 179.22738647460938, 125.48833465576172, 140.7564697265625, 171.63302612304688, 49.776206970214844, 75.57357025146484, 93.76971435546875, 203.47250366210938, 35.10826110839844, 38.63194274902344, 186.08831787109375, 70.67626953125, 184.28616333007812, 120.5958023071289, 156.11756896972656, 115.9429702758789, 172.692626953125, 109.38688659667969, 159.7890625, 24.957345962524414, 317.59423828125, 232.99742126464844, 193.11720275878906, 197.35116577148438, 248.9970703125, 291.5559997558594, 86.93182373046875, 172.41065979003906, 144.61434936523438, 229.7006378173828, 307.1707458496094, 140.0237274169922, 101.93589782714844, 146.1177978515625, 119.32111358642578, 106.72699737548828, 140.6231231689453, 257.5702209472656, 192.17002868652344, 171.86849975585938, 236.15724182128906, 162.61395263671875, 46.32406997680664, 173.02566528320312, 171.80072021484375, 222.35433959960938, 116.2248306274414, 58.38848114013672, 84.57878112792969, 110.18585968017578, 99.23941802978516, 165.03750610351562, 27.07094383239746, 27.78131675720215, 82.10848236083984, 36.82345199584961, 41.97352600097656, 46.52549362182617, 35.097408294677734, 20.325918197631836, 37.92350769042969, 19.89767837524414, 47.38130569458008, 9.667495727539062, 12.087152481079102, 8.418482780456543, 21.97112464904785, 10.374946594238281, 13.566044807434082, 9.712447166442871, 20.14873695373535, 7.287509441375732, 7.894421100616455, 2.7974259853363037, 1.1652439832687378, 1.478163242340088, 0.9228578805923462, 1.3678290843963623, 2.344064235687256, 2.839031219482422, 2.6063168048858643, 0.91785728931427, 2.0635857582092285, 0.7256253361701965, 1.137988567352295, 0.8444638848304749, 0.410591185092926, 0.6132152676582336, 0.38271912932395935, 0.7442026138305664, 0.2827524244785309, 0.45169463753700256, 0.34076422452926636, 0.08483120799064636, 0.6084309816360474, 0.23267197608947754, 0.34552618861198425, 0.31189775466918945], "true": [120.0, 120.0, 120.0, 120.0, 120.0, 119.0, 118.0, 117.0, 116.0, 115.0, 114.0, 113.0, 112.0, 111.0, 110.0, 109.0, 108.0, 107.0, 106.0, 105.0, 104.0, 103.0, 102.0, 101.0, 100.0, 99.0, 98.0, 97.0, 96.0, 95.0, 94.0, 93.0, 92.0, 91.0, 90.0, 89.0, 88.0, 87.0, 86.0, 85.0, 84.0, 83.0, 82.0, 81.0, 80.0, 79.0, 78.0, 77.0, 76.0, 75.0, 74.0, 73.0, 72.0, 71.0, 70.0, 69.0, 68.0, 67.0, 66.0, 65.0, 64.0, 63.0, 62.0, 61.0, 60.0, 59.0, 58.0, 57.0, 56.0, 55.0, 54.0, 53.0, 52.0, 51.0, 50.0, 49.0, 48.0, 47.0, 46.0, 45.0, 44.0, 43.0, 42.0, 41.0, 40.0, 39.0, 38.0, 37.0, 36.0, 35.0, 34.0, 33.0, 32.0, 31.0, 30.0, 29.0, 28.0, 27.0, 26.0, 25.0, 24.0, 23.0, 22.0, 21.0, 20.0, 19.0, 18.0, 17.0, 16.0, 15.0, 14.0, 13.0, 12.0, 11.0, 10.0, 9.0, 8.0, 7.0, 6.0, 5.0, 4.0, 3.0, 2.0, 1.0, 0.0], "RMSE": 12.65}