{"mean": [123.46134948730469, 123.49922180175781, 121.39646911621094, 120.4048843383789, 121.5281753540039, 119.69001770019531, 123.80967712402344, 119.814208984375, 120.9174575805664, 121.29847717285156, 120.46240234375, 119.20286560058594, 121.9334487915039, 119.0626220703125, 119.35347747802734, 116.67657470703125, 117.91839599609375, 120.74476623535156, 116.14265441894531, 114.0024185180664, 112.9558334350586, 113.14595794677734, 113.93558502197266, 111.89298248291016, 117.63228607177734, 114.39860534667969, 111.6067886352539, 110.7459945678711, 111.17635345458984, 109.33805084228516, 109.60734558105469, 110.3279037475586, 108.37516784667969, 108.88236236572266, 106.69254302978516, 102.9536361694336, 103.09806823730469, 101.8787841796875, 95.35960388183594, 100.58406066894531, 100.65180969238281, 98.32286071777344, 98.7115707397461, 102.22885131835938, 96.87208557128906, 96.5176773071289, 99.17850494384766, 96.68242645263672, 90.33326721191406, 86.7777328491211, 90.82007598876953, 87.34017181396484, 89.11817932128906, 83.9780044555664, 85.529296875, 79.83682250976562, 81.5346450805664, 79.88801574707031, 72.69647216796875, 82.14253234863281, 76.5041732788086, 71.90856170654297, 70.42987823486328, 66.99004364013672, 70.13734436035156, 66.84323120117188, 64.29440307617188, 66.4737319946289, 59.056854248046875, 64.35298919677734, 62.164825439453125, 57.13066482543945, 60.552207946777344, 57.693939208984375, 58.90398025512695, 57.615997314453125, 54.84235763549805, 52.675559997558594, 50.73981475830078, 48.998477935791016, 52.54363250732422, 50.292091369628906, 47.24135971069336, 44.33717727661133, 45.69508361816406, 42.39513397216797, 41.82184600830078, 40.71997833251953, 39.44629669189453, 39.481998443603516, 37.383060455322266, 38.84508514404297, 35.92023468017578, 33.57611846923828, 33.525634765625, 32.65400695800781, 32.87987518310547, 31.602951049804688, 30.113744735717773, 30.427820205688477, 28.676198959350586, 29.812271118164062, 26.473648071289062, 26.49652099609375, 24.800613403320312, 24.01592254638672, 22.401153564453125, 22.094667434692383, 20.497905731201172, 18.85158920288086, 18.242176055908203, 17.101970672607422, 16.057147979736328, 14.40435791015625, 14.160028457641602, 12.854924201965332, 11.207719802856445, 10.895194053649902, 9.917076110839844, 8.643072128295898, 7.850144386291504, 6.661594390869141, 5.400489330291748, 4.26046085357666, 3.347670078277588, 2.6646838188171387, 1.9092146158218384], "var": [19.8189640045166, 9.61085033416748, 20.896577835083008, 13.443890571594238, 14.199494361877441, 19.41729736328125, 4.1619133949279785, 9.482239723205566, 22.96380615234375, 18.18065643310547, 18.747406005859375, 45.86629104614258, 9.011077880859375, 42.017982482910156, 40.88789367675781, 23.36252212524414, 8.726656913757324, 17.667144775390625, 8.384882926940918, 22.98670196533203, 33.808589935302734, 28.690372467041016, 30.531391143798828, 17.414196014404297, 32.57406997680664, 25.258041381835938, 26.912094116210938, 46.20354080200195, 93.03195190429688, 28.712522506713867, 52.25114440917969, 13.741739273071289, 32.51728439331055, 98.31544494628906, 90.28710174560547, 135.87306213378906, 147.49365234375, 71.92667388916016, 210.98416137695312, 34.27037811279297, 53.694026947021484, 183.39039611816406, 115.59521484375, 121.30879211425781, 115.73831939697266, 166.41555786132812, 89.33419799804688, 219.21743774414062, 135.3428192138672, 105.41893768310547, 139.2740478515625, 136.2549285888672, 182.06808471679688, 157.89553833007812, 153.39036560058594, 141.8430633544922, 123.51766967773438, 95.36331939697266, 109.80197143554688, 116.56415557861328, 60.4070930480957, 120.96501922607422, 160.77853393554688, 137.31301879882812, 142.72901916503906, 88.8565902709961, 113.03901672363281, 74.76998901367188, 60.1581916809082, 54.27845001220703, 112.75699615478516, 63.069580078125, 90.12187194824219, 39.10922622680664, 105.89183807373047, 48.6644287109375, 41.039886474609375, 52.32582092285156, 87.83519744873047, 20.91602897644043, 59.92225646972656, 54.40596389770508, 38.787113189697266, 21.084259033203125, 27.144269943237305, 19.26235580444336, 17.961509704589844, 22.13867950439453, 10.136819839477539, 10.042204856872559, 12.34013557434082, 9.15074348449707, 6.793613910675049, 2.565988779067993, 8.629700660705566, 11.829033851623535, 9.417109489440918, 8.412972450256348, 10.720205307006836, 9.816490173339844, 4.115522861480713, 7.921039581298828, 4.066291332244873, 2.4093708992004395, 1.7006536722183228, 0.4635051488876343, 2.8661885261535645, 1.820104956626892, 0.9427331686019897, 0.6718931198120117, 1.3193848133087158, 0.9223525524139404, 0.7257799506187439, 0.5167579650878906, 0.29333385825157166, 0.5395044684410095, 0.4126007854938507, 0.5798339247703552, 0.30086496472358704, 0.2866101861000061, 0.7447103261947632, 0.16010214388370514, 0.16125071048736572, 0.3388349711894989, 0.20681731402873993, 0.37237390875816345, 0.2702610492706299], "true": [120.0, 120.0, 120.0, 120.0, 120.0, 120.0, 120.0, 119.0, 118.0, 117.0, 116.0, 115.0, 114.0, 113.0, 112.0, 111.0, 110.0, 109.0, 108.0, 107.0, 106.0, 105.0, 104.0, 103.0, 102.0, 101.0, 100.0, 99.0, 98.0, 97.0, 96.0, 95.0, 94.0, 93.0, 92.0, 91.0, 90.0, 89.0, 88.0, 87.0, 86.0, 85.0, 84.0, 83.0, 82.0, 81.0, 80.0, 79.0, 78.0, 77.0, 76.0, 75.0, 74.0, 73.0, 72.0, 71.0, 70.0, 69.0, 68.0, 67.0, 66.0, 65.0, 64.0, 63.0, 62.0, 61.0, 60.0, 59.0, 58.0, 57.0, 56.0, 55.0, 54.0, 53.0, 52.0, 51.0, 50.0, 49.0, 48.0, 47.0, 46.0, 45.0, 44.0, 43.0, 42.0, 41.0, 40.0, 39.0, 38.0, 37.0, 36.0, 35.0, 34.0, 33.0, 32.0, 31.0, 30.0, 29.0, 28.0, 27.0, 26.0, 25.0, 24.0, 23.0, 22.0, 21.0, 20.0, 19.0, 18.0, 17.0, 16.0, 15.0, 14.0, 13.0, 12.0, 11.0, 10.0, 9.0, 8.0, 7.0, 6.0, 5.0, 4.0, 3.0, 2.0, 1.0, 0.0], "RMSE": 8.23}