{"mean": [120.3143081665039, 122.80804443359375, 121.857421875, 122.4556884765625, 120.8819351196289, 122.54976654052734, 121.00762939453125, 120.66060638427734, 122.1916732788086, 121.36546325683594, 120.91634368896484, 120.92979431152344, 120.79762268066406, 118.33494567871094, 120.06119537353516, 119.43050384521484, 119.6803207397461, 116.60469055175781, 118.8845443725586, 117.8025894165039, 116.62890625, 116.54736328125, 116.85261535644531, 118.23099517822266, 117.7612533569336, 117.29441833496094, 114.212158203125, 116.5105209350586, 112.8629379272461, 112.50825500488281, 111.20243072509766, 108.5560073852539, 106.6774673461914, 108.91732025146484, 105.03053283691406, 104.02557373046875, 101.33454895019531, 97.59278869628906, 93.1599349975586, 88.4258041381836, 85.24302673339844, 90.41075134277344, 85.06416320800781, 79.68103790283203, 78.61506652832031, 83.58619689941406, 74.70668029785156, 69.09266662597656, 71.54679870605469, 70.68391418457031, 63.5175666809082, 59.88301467895508, 60.40910720825195, 63.95414352416992, 57.625030517578125, 58.869903564453125, 59.4476203918457, 55.777183532714844, 54.315818786621094, 51.170196533203125, 50.867431640625, 49.568931579589844, 49.30763244628906, 46.324424743652344, 45.36918640136719, 45.06850051879883, 43.717411041259766, 42.943599700927734, 41.718692779541016, 40.03369903564453, 37.48177719116211, 36.93580627441406, 38.222774505615234, 34.774147033691406, 34.319820404052734, 33.59003448486328, 32.9454345703125, 30.280078887939453, 29.93844985961914, 29.329355239868164, 28.031696319580078, 26.527877807617188, 26.19319725036621, 24.756980895996094, 23.690603256225586, 22.028894424438477, 21.720746994018555, 20.75371742248535, 20.346412658691406, 18.77764129638672, 18.384756088256836, 18.224506378173828, 17.549930572509766, 17.121360778808594, 15.686724662780762, 14.921514511108398, 13.981992721557617, 13.100425720214844, 12.118573188781738, 11.041322708129883, 10.083836555480957, 9.048685073852539, 7.739523410797119, 6.402483940124512, 5.290465354919434, 4.327316761016846, 2.9316601753234863, 2.3735928535461426], "var": [3.7798304557800293, 11.753067970275879, 24.52650260925293, 7.512908458709717, 8.764924049377441, 12.116084098815918, 8.078943252563477, 6.78860330581665, 5.066274642944336, 6.765624046325684, 7.758118152618408, 19.313533782958984, 3.646662950515747, 6.885008335113525, 6.64530611038208, 16.131975173950195, 15.197782516479492, 14.302157402038574, 14.470074653625488, 5.6612629890441895, 32.241676330566406, 11.728265762329102, 18.88995361328125, 20.350454330444336, 12.040340423583984, 17.075654983520508, 21.42308235168457, 18.000869750976562, 27.47810935974121, 15.913496971130371, 17.724761962890625, 14.89287281036377, 14.88229751586914, 25.47947120666504, 26.370283126831055, 26.13945198059082, 31.373680114746094, 128.44911193847656, 75.98705291748047, 110.05604553222656, 141.8382110595703, 134.85975646972656, 163.6702880859375, 234.26034545898438, 130.76991271972656, 282.19970703125, 71.30035400390625, 49.24639129638672, 151.54022216796875, 106.5077896118164, 102.30726623535156, 26.50187873840332, 71.08604431152344, 90.17865753173828, 16.81429672241211, 41.087982177734375, 69.29692077636719, 44.73805236816406, 16.992570877075195, 11.637557029724121, 6.736337661743164, 9.913788795471191, 12.056485176086426, 11.34028434753418, 7.826816082000732, 9.319337844848633, 21.522876739501953, 4.934793949127197, 3.8852689266204834, 2.916574239730835, 6.381773471832275, 12.511212348937988, 6.220664024353027, 4.291239261627197, 1.2296228408813477, 4.99556827545166, 3.93172025680542, 2.192795991897583, 4.718825817108154, 4.845659255981445, 8.442477226257324, 1.998886227607727, 1.9776521921157837, 2.6151506900787354, 3.1731107234954834, 1.822234034538269, 1.3564761877059937, 2.995063066482544, 2.769585132598877, 2.0413687229156494, 1.9175562858581543, 0.7331091165542603, 0.8786523342132568, 0.6342184543609619, 0.7328751683235168, 1.183264136314392, 0.30171656608581543, 0.9258447885513306, 0.7986952662467957, 0.5427137613296509, 0.3110142648220062, 0.31710976362228394, 0.19090045988559723, 0.06606706231832504, 0.3918348550796509, 0.6644658446311951, 0.08950962126255035, 0.11015325039625168], "true": [107.0, 106.0, 105.0, 104.0, 103.0, 102.0, 101.0, 100.0, 99.0, 98.0, 97.0, 96.0, 95.0, 94.0, 93.0, 92.0, 91.0, 90.0, 89.0, 88.0, 87.0, 86.0, 85.0, 84.0, 83.0, 82.0, 81.0, 80.0, 79.0, 78.0, 77.0, 76.0, 75.0, 74.0, 73.0, 72.0, 71.0, 70.0, 69.0, 68.0, 67.0, 66.0, 65.0, 64.0, 63.0, 62.0, 61.0, 60.0, 59.0, 58.0, 57.0, 56.0, 55.0, 54.0, 53.0, 52.0, 51.0, 50.0, 49.0, 48.0, 47.0, 46.0, 45.0, 44.0, 43.0, 42.0, 41.0, 40.0, 39.0, 38.0, 37.0, 36.0, 35.0, 34.0, 33.0, 32.0, 31.0, 30.0, 29.0, 28.0, 27.0, 26.0, 25.0, 24.0, 23.0, 22.0, 21.0, 20.0, 19.0, 18.0, 17.0, 16.0, 15.0, 14.0, 13.0, 12.0, 11.0, 10.0, 9.0, 8.0, 7.0, 6.0, 5.0, 4.0, 3.0, 2.0, 1.0, 0.0], "RMSE": 17.98}