{"mean": [121.67047119140625, 119.82940673828125, 121.21370697021484, 121.4416732788086, 122.55963134765625, 120.77507019042969, 120.2178955078125, 119.8532943725586, 120.40482330322266, 118.88834381103516, 118.5418472290039, 120.63273620605469, 120.75384521484375, 122.84736633300781, 117.548828125, 118.23802185058594, 118.59016418457031, 117.79234313964844, 119.92662048339844, 117.9134521484375, 118.98670959472656, 119.10954284667969, 117.52462005615234, 116.53275299072266, 116.3264389038086, 114.95040130615234, 115.89659118652344, 117.11280822753906, 114.78759765625, 113.74446105957031, 111.49271392822266, 111.69590759277344, 112.58747863769531, 107.63389587402344, 108.47530364990234, 102.78056335449219, 107.72281646728516, 104.0925521850586, 107.853271484375, 99.48380279541016, 102.9784164428711, 100.22488403320312, 98.45938873291016, 92.29650115966797, 87.3625259399414, 82.48916625976562, 87.95043182373047, 82.99778747558594, 82.59687805175781, 75.25883483886719, 74.75531005859375, 73.16429138183594, 66.80168151855469, 63.7131233215332, 76.68628692626953, 69.23502349853516, 65.5301513671875, 64.63529968261719, 63.3008918762207, 64.83971405029297, 59.076202392578125, 57.09202194213867, 59.792198181152344, 53.153236389160156, 54.2425422668457, 48.7196044921875, 48.690826416015625, 47.33976364135742, 44.43778610229492, 43.015907287597656, 43.90266799926758, 42.63550567626953, 42.07345199584961, 38.09976577758789, 37.792747497558594, 36.736331939697266, 34.620155334472656, 33.35028839111328, 32.84283447265625, 32.87179183959961, 31.607234954833984, 30.102746963500977, 28.907978057861328, 27.954975128173828, 26.890506744384766, 26.847026824951172, 24.434240341186523, 23.970680236816406, 23.44759178161621, 22.069883346557617, 21.659931182861328, 20.696426391601562, 20.06696319580078, 19.670576095581055, 18.332557678222656, 17.664487838745117, 17.08671760559082, 15.971321105957031, 14.312426567077637, 13.392962455749512, 11.950239181518555, 10.037284851074219, 8.855682373046875, 7.8001861572265625, 6.34952449798584, 5.13487434387207, 3.7282509803771973, 3.1662416458129883], "var": [7.4986443519592285, 18.44253158569336, 5.410665035247803, 16.03729248046875, 12.919622421264648, 14.201863288879395, 11.028831481933594, 14.851605415344238, 19.95452880859375, 11.443083763122559, 5.6402058601379395, 15.819928169250488, 16.017276763916016, 5.345859050750732, 9.232266426086426, 17.787372589111328, 7.20827579498291, 17.0596923828125, 13.64399528503418, 39.417747497558594, 11.36404800415039, 12.219685554504395, 11.237730026245117, 7.26259183883667, 28.58677101135254, 12.07890510559082, 3.7742559909820557, 35.44123840332031, 20.35573387145996, 25.022584915161133, 31.822296142578125, 63.45975112915039, 17.1492977142334, 30.595937728881836, 21.021644592285156, 119.32525634765625, 39.1978874206543, 65.65619659423828, 56.06676483154297, 224.2952423095703, 149.81800842285156, 171.80413818359375, 100.45013427734375, 114.7126693725586, 129.50350952148438, 307.3090515136719, 188.2946319580078, 251.02320861816406, 169.33946228027344, 217.94068908691406, 165.54617309570312, 344.5999450683594, 100.46712493896484, 117.90718078613281, 235.6351776123047, 220.4860382080078, 207.77554321289062, 152.5920867919922, 132.87893676757812, 104.69029998779297, 52.71448516845703, 15.885778427124023, 25.41263198852539, 24.214550018310547, 40.92330551147461, 11.585553169250488, 17.719329833984375, 19.669727325439453, 15.96176815032959, 8.736984252929688, 27.838829040527344, 14.894816398620605, 18.228620529174805, 1.9126883745193481, 14.399283409118652, 6.486833095550537, 14.419065475463867, 8.865968704223633, 14.337554931640625, 8.885985374450684, 5.008182048797607, 4.012246608734131, 2.9743897914886475, 1.4987624883651733, 6.338485240936279, 4.017179489135742, 3.6998190879821777, 2.9724056720733643, 4.706838607788086, 2.15779185295105, 1.929215908050537, 2.6514930725097656, 2.716747760772705, 1.3639335632324219, 1.9738500118255615, 0.7428603768348694, 0.3467749059200287, 0.4546475410461426, 0.5881677269935608, 0.5279744267463684, 0.6464451551437378, 0.6687073111534119, 0.359115868806839, 0.4524756968021393, 0.21188920736312866, 0.4754340648651123, 0.19038179516792297, 0.19799064099788666], "true": [107.0, 106.0, 105.0, 104.0, 103.0, 102.0, 101.0, 100.0, 99.0, 98.0, 97.0, 96.0, 95.0, 94.0, 93.0, 92.0, 91.0, 90.0, 89.0, 88.0, 87.0, 86.0, 85.0, 84.0, 83.0, 82.0, 81.0, 80.0, 79.0, 78.0, 77.0, 76.0, 75.0, 74.0, 73.0, 72.0, 71.0, 70.0, 69.0, 68.0, 67.0, 66.0, 65.0, 64.0, 63.0, 62.0, 61.0, 60.0, 59.0, 58.0, 57.0, 56.0, 55.0, 54.0, 53.0, 52.0, 51.0, 50.0, 49.0, 48.0, 47.0, 46.0, 45.0, 44.0, 43.0, 42.0, 41.0, 40.0, 39.0, 38.0, 37.0, 36.0, 35.0, 34.0, 33.0, 32.0, 31.0, 30.0, 29.0, 28.0, 27.0, 26.0, 25.0, 24.0, 23.0, 22.0, 21.0, 20.0, 19.0, 18.0, 17.0, 16.0, 15.0, 14.0, 13.0, 12.0, 11.0, 10.0, 9.0, 8.0, 7.0, 6.0, 5.0, 4.0, 3.0, 2.0, 1.0, 0.0], "RMSE": 20.7}