{"mean": [123.86271667480469, 122.052734375, 123.15157318115234, 123.50732421875, 124.96397399902344, 123.04960632324219, 122.2186279296875, 121.84223937988281, 122.76985931396484, 120.96368408203125, 120.45076751708984, 123.33660888671875, 123.0293960571289, 125.26802825927734, 119.692138671875, 119.95564270019531, 120.3774642944336, 119.85652160644531, 122.21319580078125, 120.49711608886719, 120.78947448730469, 122.29277038574219, 119.9030532836914, 118.53924560546875, 118.43751525878906, 116.77249908447266, 117.19775390625, 118.83065032958984, 118.37785339355469, 116.69584655761719, 112.98628234863281, 112.99681091308594, 114.39031982421875, 110.37492370605469, 112.70538330078125, 104.83216857910156, 110.2339096069336, 107.3807601928711, 109.70579528808594, 103.99027252197266, 103.74391174316406, 105.80635070800781, 101.02470397949219, 94.43342590332031, 93.52000427246094, 87.12030792236328, 92.18036651611328, 87.30252075195312, 85.59412384033203, 82.78657531738281, 81.71778106689453, 78.29627227783203, 74.24854278564453, 69.04751586914062, 78.26189422607422, 73.39207458496094, 69.08769226074219, 64.80850982666016, 66.5959701538086, 64.78346252441406, 59.74257278442383, 59.16057586669922, 60.61219024658203, 54.609100341796875, 56.609954833984375, 49.49793243408203, 50.59623336791992, 49.50511932373047, 46.324432373046875, 43.50630187988281, 45.39441680908203, 43.45275115966797, 43.103797912597656, 38.742210388183594, 39.65406036376953, 37.958221435546875, 35.75135040283203, 34.723419189453125, 34.19940948486328, 34.02798080444336, 32.12517166137695, 31.268939971923828, 29.524883270263672, 28.919403076171875, 27.91049575805664, 28.058116912841797, 26.68265724182129, 26.020172119140625, 26.33744239807129, 25.046083450317383, 24.33432960510254, 23.189863204956055, 22.118274688720703, 21.510906219482422, 19.704687118530273, 18.597240447998047, 17.690135955810547, 16.450786590576172, 14.674067497253418, 13.612408638000488, 11.969844818115234, 10.237259864807129, 9.224910736083984, 8.112265586853027, 6.5733323097229, 5.343214988708496, 3.880539655685425, 3.4158637523651123], "var": [6.160428047180176, 27.392248153686523, 8.889513969421387, 19.565622329711914, 10.46873664855957, 16.10279655456543, 9.4697904586792, 19.27349090576172, 25.234033584594727, 12.19870376586914, 9.197266578674316, 17.417036056518555, 18.199487686157227, 4.579617500305176, 10.39786148071289, 23.77559471130371, 6.885942459106445, 27.410520553588867, 11.300325393676758, 41.718605041503906, 13.245613098144531, 9.331185340881348, 10.775787353515625, 9.945406913757324, 36.993690490722656, 14.09347152709961, 10.822295188903809, 40.98511505126953, 26.487232208251953, 35.822391510009766, 48.20956802368164, 72.9693832397461, 20.74881935119629, 26.36892318725586, 27.46827507019043, 113.52547454833984, 51.69417953491211, 86.45775604248047, 73.33879089355469, 231.49794006347656, 75.50624084472656, 104.30387115478516, 163.56283569335938, 184.31092834472656, 147.5150604248047, 310.5478210449219, 220.3068084716797, 264.1811828613281, 161.82476806640625, 182.49073791503906, 170.51229858398438, 276.7428894042969, 251.9064178466797, 139.66073608398438, 223.96090698242188, 303.03277587890625, 182.55581665039062, 86.03497314453125, 128.7906036376953, 45.138755798339844, 43.155635833740234, 17.734281539916992, 28.966890335083008, 24.91844940185547, 53.18675231933594, 8.107110023498535, 26.26640510559082, 33.963348388671875, 20.560789108276367, 9.021903038024902, 56.463905334472656, 19.920820236206055, 29.83179473876953, 3.4647157192230225, 14.963481903076172, 6.4375, 9.18805980682373, 8.756260871887207, 8.750792503356934, 7.159643173217773, 2.158905029296875, 4.7598395347595215, 2.2480785846710205, 1.3216644525527954, 3.3823421001434326, 3.676609992980957, 7.09681510925293, 2.1249518394470215, 5.7245073318481445, 2.3642055988311768, 2.185340642929077, 2.2245726585388184, 2.424990653991699, 1.3640167713165283, 1.636820912361145, 1.0766856670379639, 0.3060998022556305, 0.3199533224105835, 0.26116496324539185, 0.46514248847961426, 0.5772975087165833, 0.447757750749588, 0.4201090633869171, 0.4211893081665039, 0.18435311317443848, 0.3541087806224823, 0.18525990843772888, 0.15073245763778687], "true": [107.0, 106.0, 105.0, 104.0, 103.0, 102.0, 101.0, 100.0, 99.0, 98.0, 97.0, 96.0, 95.0, 94.0, 93.0, 92.0, 91.0, 90.0, 89.0, 88.0, 87.0, 86.0, 85.0, 84.0, 83.0, 82.0, 81.0, 80.0, 79.0, 78.0, 77.0, 76.0, 75.0, 74.0, 73.0, 72.0, 71.0, 70.0, 69.0, 68.0, 67.0, 66.0, 65.0, 64.0, 63.0, 62.0, 61.0, 60.0, 59.0, 58.0, 57.0, 56.0, 55.0, 54.0, 53.0, 52.0, 51.0, 50.0, 49.0, 48.0, 47.0, 46.0, 45.0, 44.0, 43.0, 42.0, 41.0, 40.0, 39.0, 38.0, 37.0, 36.0, 35.0, 34.0, 33.0, 32.0, 31.0, 30.0, 29.0, 28.0, 27.0, 26.0, 25.0, 24.0, 23.0, 22.0, 21.0, 20.0, 19.0, 18.0, 17.0, 16.0, 15.0, 14.0, 13.0, 12.0, 11.0, 10.0, 9.0, 8.0, 7.0, 6.0, 5.0, 4.0, 3.0, 2.0, 1.0, 0.0], "RMSE": 22.8}