{"mean": [117.20501708984375, 116.46321868896484, 119.50914001464844, 118.57041931152344, 119.0109634399414, 118.544677734375, 120.7889404296875, 114.8983383178711, 115.6972885131836, 117.91871643066406, 119.2800064086914, 119.33660888671875, 117.43621826171875, 117.02882385253906, 119.28607177734375, 116.28780364990234, 122.73404693603516, 117.14939880371094, 114.02059173583984, 114.7414779663086, 113.38724517822266, 112.4039535522461, 112.16959381103516, 112.7173843383789, 114.04106140136719, 113.66963195800781, 112.72511291503906, 115.074462890625, 108.89727783203125, 105.5130844116211, 103.613037109375, 103.65521240234375, 104.18328857421875, 104.28477478027344, 100.044189453125, 100.99836730957031, 100.4911880493164, 98.07689666748047, 92.89289855957031, 91.1542739868164, 93.45551300048828, 96.26222229003906, 88.75593566894531, 89.35673522949219, 94.70469665527344, 94.77078247070312, 82.37970733642578, 91.52079772949219, 79.05000305175781, 84.45716857910156, 87.28669738769531, 75.11307525634766, 74.75487518310547, 79.3808822631836, 77.44813537597656, 79.78632354736328, 72.01686096191406, 74.03492736816406, 74.0742416381836, 71.05253601074219, 69.01033020019531, 68.45562744140625, 61.994598388671875, 67.6852798461914, 67.02723693847656, 64.95863342285156, 63.31432342529297, 61.41754150390625, 61.83135986328125, 57.89518356323242, 61.4708137512207, 60.95526123046875, 59.507652282714844, 62.726173400878906, 56.2433967590332, 56.72440719604492, 53.27764892578125, 53.31053924560547, 48.30109786987305, 46.98645782470703, 49.169795989990234, 47.90986633300781, 43.199005126953125, 44.25865936279297, 44.70854949951172, 41.43955993652344, 43.134674072265625, 39.17796325683594, 38.018043518066406, 39.32767105102539, 38.44795608520508, 36.63099670410156, 35.115196228027344, 34.725181579589844, 33.41106414794922, 31.029094696044922, 31.631519317626953, 28.481719970703125, 29.014118194580078, 28.4112606048584, 26.34027671813965, 25.604299545288086, 25.58478355407715, 24.56302261352539, 24.786813735961914, 24.65255355834961, 22.69049072265625, 21.212390899658203, 20.39651107788086, 18.389827728271484, 16.820608139038086, 16.82537269592285, 16.341474533081055, 15.324109077453613, 15.373886108398438, 14.345080375671387, 12.359975814819336, 12.472508430480957, 10.870800971984863, 9.599099159240723, 8.70463752746582, 7.5876312255859375, 6.593997001647949, 4.972123622894287, 3.9931492805480957, 3.207360029220581, 2.3365657329559326], "var": [51.803916931152344, 60.49460220336914, 36.92424392700195, 56.02336120605469, 21.267864227294922, 11.530917167663574, 21.358747482299805, 21.0650691986084, 46.67003631591797, 71.38214874267578, 29.802915573120117, 61.64140319824219, 30.95025062561035, 36.92132568359375, 37.2943000793457, 28.317487716674805, 15.138985633850098, 40.280540466308594, 34.96905517578125, 17.141555786132812, 42.063846588134766, 59.38343048095703, 120.61998748779297, 54.184104919433594, 127.22322082519531, 53.76469039916992, 28.362276077270508, 57.15373229980469, 116.60030364990234, 89.42494201660156, 305.4290466308594, 92.04927062988281, 67.93389892578125, 113.91233825683594, 81.21074676513672, 55.058292388916016, 103.95411682128906, 119.73445892333984, 82.00068664550781, 216.77037048339844, 113.1074447631836, 253.5498809814453, 127.38445281982422, 200.76583862304688, 259.5394287109375, 149.52578735351562, 167.01976013183594, 299.5317687988281, 211.37774658203125, 195.6619873046875, 178.515869140625, 179.85789489746094, 106.12937927246094, 293.4156799316406, 321.5657653808594, 249.74539184570312, 183.79031372070312, 202.18551635742188, 168.28530883789062, 238.02301025390625, 47.6221923828125, 160.49009704589844, 89.26036834716797, 221.36663818359375, 33.081581115722656, 94.07449340820312, 150.4102325439453, 118.31471252441406, 31.17871856689453, 32.68634796142578, 53.49533462524414, 190.91912841796875, 55.534481048583984, 168.67262268066406, 62.86332702636719, 62.75912094116211, 22.46628761291504, 26.18047332763672, 25.803876876831055, 36.334835052490234, 38.2549934387207, 20.510007858276367, 19.52800178527832, 20.116783142089844, 4.070398807525635, 18.39228630065918, 12.268726348876953, 8.923972129821777, 19.259294509887695, 9.227455139160156, 5.923037528991699, 5.574945449829102, 3.212045907974243, 3.4261109828948975, 5.46428108215332, 3.384596824645996, 5.053892135620117, 2.211430549621582, 2.612840175628662, 5.811073303222656, 1.3422907590866089, 2.748931407928467, 5.302919864654541, 7.810360431671143, 3.959315538406372, 3.276381015777588, 3.4242491722106934, 2.799274444580078, 3.003645658493042, 1.6778771877288818, 0.39920714497566223, 1.196879506111145, 1.6184860467910767, 2.093085765838623, 1.9431662559509277, 1.8949854373931885, 1.3310593366622925, 0.9518226981163025, 1.3120309114456177, 0.5589405298233032, 0.6502785682678223, 0.7556845545768738, 0.7804321050643921, 0.2895449101924896, 0.1727776974439621, 0.6528208255767822, 0.25221964716911316], "true": [120.0, 120.0, 120.0, 120.0, 120.0, 120.0, 120.0, 119.0, 118.0, 117.0, 116.0, 115.0, 114.0, 113.0, 112.0, 111.0, 110.0, 109.0, 108.0, 107.0, 106.0, 105.0, 104.0, 103.0, 102.0, 101.0, 100.0, 99.0, 98.0, 97.0, 96.0, 95.0, 94.0, 93.0, 92.0, 91.0, 90.0, 89.0, 88.0, 87.0, 86.0, 85.0, 84.0, 83.0, 82.0, 81.0, 80.0, 79.0, 78.0, 77.0, 76.0, 75.0, 74.0, 73.0, 72.0, 71.0, 70.0, 69.0, 68.0, 67.0, 66.0, 65.0, 64.0, 63.0, 62.0, 61.0, 60.0, 59.0, 58.0, 57.0, 56.0, 55.0, 54.0, 53.0, 52.0, 51.0, 50.0, 49.0, 48.0, 47.0, 46.0, 45.0, 44.0, 43.0, 42.0, 41.0, 40.0, 39.0, 38.0, 37.0, 36.0, 35.0, 34.0, 33.0, 32.0, 31.0, 30.0, 29.0, 28.0, 27.0, 26.0, 25.0, 24.0, 23.0, 22.0, 21.0, 20.0, 19.0, 18.0, 17.0, 16.0, 15.0, 14.0, 13.0, 12.0, 11.0, 10.0, 9.0, 8.0, 7.0, 6.0, 5.0, 4.0, 3.0, 2.0, 1.0, 0.0], "RMSE": 5.78}