{"mean": [112.59012603759766, 109.43692779541016, 109.89344787597656, 110.90534973144531, 107.62027740478516, 106.64041900634766, 105.3790283203125, 106.17012023925781, 105.41520690917969, 106.93226623535156, 104.71673583984375, 102.26248931884766, 99.43121337890625, 100.68737030029297, 103.3637924194336, 106.9500503540039, 103.3724365234375, 100.74726867675781, 101.53824615478516, 98.94300079345703, 96.8534164428711, 95.25401306152344, 102.02540588378906, 98.87247467041016, 98.16822052001953, 97.55699157714844, 106.2358627319336, 93.8595962524414, 97.34812927246094, 100.59477996826172, 92.81385803222656, 98.38245391845703, 99.00359344482422, 99.60823822021484, 94.37211608886719, 90.6361312866211, 95.03031158447266, 92.46871948242188, 87.69772338867188, 92.18696594238281, 89.83351135253906, 94.9597396850586, 94.86810302734375, 94.18782043457031, 81.72515869140625, 92.17626190185547, 80.9322509765625, 82.41046142578125, 78.68463134765625, 82.15110778808594, 77.83270263671875, 76.5052261352539, 71.75325012207031, 73.43359375, 80.78308868408203, 78.6868896484375, 71.62278747558594, 69.92569732666016, 64.75878143310547, 65.3325424194336, 62.659637451171875, 54.747398376464844, 54.23723220825195, 57.75214385986328, 53.770851135253906, 53.143333435058594, 51.84906005859375, 47.06016540527344, 43.541709899902344, 45.096378326416016, 42.53365707397461, 43.055782318115234, 39.70842742919922, 39.782127380371094, 36.414283752441406, 35.65338134765625, 34.352012634277344, 33.059696197509766, 31.024612426757812, 30.371318817138672, 30.047531127929688, 28.619304656982422, 28.205596923828125, 26.314102172851562, 23.132503509521484, 21.551929473876953, 22.285572052001953, 20.42083168029785, 19.568294525146484, 17.034082412719727, 16.37902069091797, 14.686063766479492, 13.229890823364258, 12.959653854370117, 11.315044403076172, 10.809255599975586, 8.779977798461914, 8.748666763305664, 7.407904148101807, 6.555795192718506, 4.723015785217285, 4.239317893981934, 3.7732911109924316, 3.303309679031372, 1.7098662853240967, 1.346475601196289], "var": [22.135107040405273, 24.437864303588867, 28.352188110351562, 30.689788818359375, 38.185203552246094, 26.387874603271484, 46.48750305175781, 60.64656448364258, 45.86962890625, 35.50578689575195, 120.0252685546875, 117.6868667602539, 59.438133239746094, 98.08063507080078, 113.07881164550781, 54.77779769897461, 108.1690673828125, 112.82258605957031, 99.21429443359375, 168.89471435546875, 133.56015014648438, 169.01658630371094, 63.6820068359375, 69.19440460205078, 221.6249542236328, 187.00389099121094, 81.10150909423828, 90.33168029785156, 271.7269592285156, 174.11868286132812, 131.81483459472656, 85.02806854248047, 170.31736755371094, 112.25963592529297, 235.0203399658203, 212.5568389892578, 162.25192260742188, 292.9530029296875, 270.77972412109375, 198.7513885498047, 225.52536010742188, 159.8701934814453, 112.07857513427734, 179.60813903808594, 154.33609008789062, 86.26253509521484, 211.84083557128906, 120.16919708251953, 84.99589538574219, 46.15115737915039, 136.7758026123047, 165.63247680664062, 202.3697052001953, 94.50513458251953, 191.72434997558594, 52.789485931396484, 253.92881774902344, 229.09706115722656, 127.12893676757812, 93.2131118774414, 80.59899139404297, 67.78760528564453, 24.253358840942383, 11.77872371673584, 23.266136169433594, 85.05226135253906, 55.83198928833008, 23.29682159423828, 4.8808698654174805, 24.42339515686035, 13.257387161254883, 24.214815139770508, 26.796722412109375, 13.520166397094727, 13.0641508102417, 5.425469398498535, 10.723552703857422, 4.178036689758301, 4.415894508361816, 8.263419151306152, 6.995683670043945, 4.07736349105835, 5.05883264541626, 3.2631025314331055, 4.425756454467773, 4.63399600982666, 2.7345938682556152, 3.1125471591949463, 3.394829273223877, 2.893484354019165, 1.841138243675232, 1.8803907632827759, 2.305323839187622, 1.7463046312332153, 1.2613404989242554, 3.173123598098755, 2.3126022815704346, 1.6477268934249878, 2.6513454914093018, 0.5846588611602783, 0.6695594191551208, 1.0272175073623657, 1.5322049856185913, 1.6592758893966675, 0.4098142981529236, 1.3102102279663086], "true": [105.0, 104.0, 103.0, 102.0, 101.0, 100.0, 99.0, 98.0, 97.0, 96.0, 95.0, 94.0, 93.0, 92.0, 91.0, 90.0, 89.0, 88.0, 87.0, 86.0, 85.0, 84.0, 83.0, 82.0, 81.0, 80.0, 79.0, 78.0, 77.0, 76.0, 75.0, 74.0, 73.0, 72.0, 71.0, 70.0, 69.0, 68.0, 67.0, 66.0, 65.0, 64.0, 63.0, 62.0, 61.0, 60.0, 59.0, 58.0, 57.0, 56.0, 55.0, 54.0, 53.0, 52.0, 51.0, 50.0, 49.0, 48.0, 47.0, 46.0, 45.0, 44.0, 43.0, 42.0, 41.0, 40.0, 39.0, 38.0, 37.0, 36.0, 35.0, 34.0, 33.0, 32.0, 31.0, 30.0, 29.0, 28.0, 27.0, 26.0, 25.0, 24.0, 23.0, 22.0, 21.0, 20.0, 19.0, 18.0, 17.0, 16.0, 15.0, 14.0, 13.0, 12.0, 11.0, 10.0, 9.0, 8.0, 7.0, 6.0, 5.0, 4.0, 3.0, 2.0, 1.0, 0.0], "RMSE": 15.63}