{"mean": [120.20166015625, 119.9048080444336, 117.57039642333984, 117.3483657836914, 119.1946792602539, 117.79615783691406, 119.70565032958984, 117.09828186035156, 117.45418548583984, 116.0728530883789, 117.14854431152344, 115.9760513305664, 117.41993713378906, 115.9168701171875, 116.46952056884766, 114.49906158447266, 115.71688079833984, 116.52079772949219, 113.5347671508789, 111.7154312133789, 109.56549072265625, 109.398193359375, 113.41822814941406, 111.90773010253906, 112.68299865722656, 112.23526763916016, 107.72554779052734, 107.71528625488281, 109.81135559082031, 105.86546325683594, 108.2425765991211, 108.5913314819336, 108.40583801269531, 108.74128723144531, 106.4388198852539, 102.22373962402344, 98.63152313232422, 102.40663146972656, 96.28462982177734, 99.43431091308594, 95.98262786865234, 100.78610229492188, 93.72586059570312, 96.26775360107422, 93.6538314819336, 99.68434143066406, 93.15382385253906, 92.0362319946289, 90.72411346435547, 81.42622375488281, 86.47159576416016, 79.85702514648438, 86.48094177246094, 79.29158020019531, 86.75810241699219, 73.57400512695312, 79.46723937988281, 78.12026977539062, 73.06694030761719, 80.15420532226562, 75.02427673339844, 68.37254333496094, 66.25807189941406, 69.50465393066406, 69.34523010253906, 70.169189453125, 64.57717895507812, 67.02033996582031, 66.09058380126953, 60.41961669921875, 56.46497344970703, 56.21314239501953, 59.494606018066406, 60.550933837890625, 57.00099563598633, 59.822837829589844, 51.45552444458008, 54.875457763671875, 50.45924758911133, 47.64472961425781, 48.964439392089844, 49.38284683227539, 46.939781188964844, 45.84414291381836, 44.91849899291992, 42.768943786621094, 42.018035888671875, 41.67793273925781, 39.41169738769531, 39.67241668701172, 35.821075439453125, 37.102073669433594, 35.364288330078125, 33.55976486206055, 32.76973342895508, 31.861913681030273, 32.54785919189453, 32.206642150878906, 28.966510772705078, 28.749164581298828, 26.083139419555664, 28.028453826904297, 25.938308715820312, 22.600162506103516, 21.556196212768555, 20.8487491607666, 20.04181480407715, 19.178945541381836, 19.0613956451416, 17.36676597595215, 15.728543281555176, 15.031825065612793, 14.460528373718262, 12.766336441040039, 13.576250076293945, 11.371246337890625, 9.161684036254883, 9.45412826538086, 9.654072761535645, 7.8024797439575195, 7.7610039710998535, 6.52306604385376, 5.460669994354248, 4.604865074157715, 2.8640410900115967, 2.4367809295654297, 1.2701427936553955], "var": [33.35602951049805, 14.97178840637207, 15.385712623596191, 22.578519821166992, 7.295186519622803, 20.018802642822266, 3.484131336212158, 15.321096420288086, 13.418960571289062, 21.61011505126953, 12.592244148254395, 31.315759658813477, 8.747482299804688, 23.565858840942383, 33.77753448486328, 19.43842124938965, 17.94603157043457, 5.582188129425049, 5.2250657081604, 43.8521728515625, 33.428016662597656, 32.5075569152832, 17.076635360717773, 9.03500747680664, 53.1878776550293, 15.371659278869629, 54.28476333618164, 63.11127853393555, 112.1235580444336, 24.184480667114258, 26.761737823486328, 37.79892349243164, 45.03122329711914, 41.42132568359375, 91.54755401611328, 94.47291564941406, 67.1863784790039, 26.839380264282227, 101.42937469482422, 115.59911346435547, 68.25426483154297, 162.384765625, 166.51502990722656, 85.85254669189453, 341.1088562011719, 95.94771575927734, 109.82585906982422, 178.68067932128906, 185.82276916503906, 132.28199768066406, 117.17263793945312, 252.31512451171875, 207.95079040527344, 130.9222869873047, 235.89085388183594, 119.57064819335938, 166.3627166748047, 173.66871643066406, 148.74563598632812, 210.3608856201172, 46.573421478271484, 68.42249298095703, 58.16996383666992, 157.91131591796875, 39.07299041748047, 181.57650756835938, 166.7030029296875, 89.5943603515625, 147.70823669433594, 42.6982536315918, 22.028907775878906, 54.71870803833008, 144.09414672851562, 126.59925079345703, 99.54505920410156, 168.26995849609375, 52.92670440673828, 24.41446876525879, 26.809642791748047, 16.904094696044922, 24.459590911865234, 31.302568435668945, 18.268861770629883, 16.710128784179688, 7.691190242767334, 19.57138442993164, 8.928157806396484, 32.438201904296875, 16.64082908630371, 6.899556636810303, 6.870139122009277, 6.692634582519531, 1.7760332822799683, 8.341667175292969, 2.8669350147247314, 4.8802571296691895, 12.548988342285156, 3.4473791122436523, 10.695425033569336, 5.045362949371338, 4.278689384460449, 4.233471870422363, 3.498480796813965, 3.4191837310791016, 4.0620269775390625, 2.7655816078186035, 4.34904146194458, 3.1448421478271484, 7.730520248413086, 3.625356674194336, 1.4692384004592896, 1.172690987586975, 1.7130987644195557, 2.198917865753174, 5.775798797607422, 2.5125224590301514, 6.146020889282227, 3.0400891304016113, 5.0000691413879395, 1.5625211000442505, 2.7137889862060547, 1.474894404411316, 2.3163959980010986, 0.8694238662719727, 1.1240447759628296, 1.3976110219955444, 0.6360945701599121], "true": [120.0, 120.0, 120.0, 120.0, 120.0, 120.0, 120.0, 119.0, 118.0, 117.0, 116.0, 115.0, 114.0, 113.0, 112.0, 111.0, 110.0, 109.0, 108.0, 107.0, 106.0, 105.0, 104.0, 103.0, 102.0, 101.0, 100.0, 99.0, 98.0, 97.0, 96.0, 95.0, 94.0, 93.0, 92.0, 91.0, 90.0, 89.0, 88.0, 87.0, 86.0, 85.0, 84.0, 83.0, 82.0, 81.0, 80.0, 79.0, 78.0, 77.0, 76.0, 75.0, 74.0, 73.0, 72.0, 71.0, 70.0, 69.0, 68.0, 67.0, 66.0, 65.0, 64.0, 63.0, 62.0, 61.0, 60.0, 59.0, 58.0, 57.0, 56.0, 55.0, 54.0, 53.0, 52.0, 51.0, 50.0, 49.0, 48.0, 47.0, 46.0, 45.0, 44.0, 43.0, 42.0, 41.0, 40.0, 39.0, 38.0, 37.0, 36.0, 35.0, 34.0, 33.0, 32.0, 31.0, 30.0, 29.0, 28.0, 27.0, 26.0, 25.0, 24.0, 23.0, 22.0, 21.0, 20.0, 19.0, 18.0, 17.0, 16.0, 15.0, 14.0, 13.0, 12.0, 11.0, 10.0, 9.0, 8.0, 7.0, 6.0, 5.0, 4.0, 3.0, 2.0, 1.0, 0.0], "RMSE": 6.87}