{"mean": [117.72508239746094, 113.35841369628906, 114.7139663696289, 116.0339584350586, 115.2707290649414, 119.61283874511719, 115.1420669555664, 116.2200698852539, 115.22138977050781, 115.6221923828125, 114.64067077636719, 115.22398376464844, 117.05735778808594, 117.67372131347656, 116.33390808105469, 116.27484130859375, 116.746337890625, 113.1932144165039, 117.57557678222656, 116.0979995727539, 116.84525299072266, 116.52079772949219, 116.05476379394531, 115.76741027832031, 111.9863510131836, 114.44114685058594, 116.97318267822266, 114.90617370605469, 111.33686828613281, 112.74931335449219, 114.99227142333984, 112.42720031738281, 112.70045471191406, 109.79032897949219, 113.396484375, 112.76576232910156, 114.15264892578125, 110.4287109375, 109.6003646850586, 113.4759292602539, 101.90959167480469, 106.07838439941406, 102.3812484741211, 100.15768432617188, 109.8435287475586, 104.82386779785156, 97.689697265625, 101.82354736328125, 99.44967651367188, 97.72054290771484, 91.1124496459961, 100.0335693359375, 89.7342529296875, 88.5022201538086, 85.93278503417969, 91.64482116699219, 89.57732391357422, 76.42988586425781, 76.0710678100586, 79.85464477539062, 72.95722198486328, 81.84379577636719, 77.98739624023438, 68.70283508300781, 76.4017105102539, 81.32301330566406, 66.80574035644531, 76.4404525756836, 68.5011978149414, 70.01153564453125, 65.4371337890625, 62.10044479370117, 64.58109283447266, 63.47882080078125, 62.448509216308594, 58.65788650512695, 57.98955535888672, 60.88697052001953, 58.50785446166992, 58.85065460205078, 51.90709686279297, 53.389320373535156, 52.778228759765625, 48.307334899902344, 49.427398681640625, 45.778656005859375, 43.97030258178711, 42.45453643798828, 43.07198715209961, 41.85979461669922, 40.43009567260742, 39.949562072753906, 37.970664978027344, 36.07518768310547, 34.6225471496582, 35.79222869873047, 31.88706398010254, 32.08028793334961, 31.13406753540039, 30.089197158813477, 28.992481231689453, 27.3001766204834, 26.247394561767578, 25.274608612060547, 24.210887908935547, 23.452180862426758, 21.791521072387695, 21.286087036132812, 20.274181365966797, 17.930194854736328, 16.846240997314453, 15.52820110321045, 14.354164123535156, 13.817303657531738, 11.8500337600708, 11.160768508911133, 10.600652694702148, 9.334317207336426, 8.344245910644531, 6.981682777404785, 6.357736587524414, 5.763275623321533, 4.799359321594238, 3.7231059074401855, 2.8894662857055664, 2.2784512042999268], "var": [32.298973083496094, 35.42330551147461, 18.27094268798828, 19.65491485595703, 31.456899642944336, 25.1612606048584, 51.424095153808594, 13.9564847946167, 26.991867065429688, 24.31151580810547, 13.8534574508667, 31.068281173706055, 45.605594635009766, 21.308076858520508, 20.642854690551758, 24.147357940673828, 12.55283260345459, 29.616371154785156, 41.422725677490234, 17.109899520874023, 25.239505767822266, 27.339046478271484, 26.459510803222656, 45.31576156616211, 52.36870574951172, 37.977630615234375, 17.303573608398438, 49.559906005859375, 45.372413635253906, 93.97801971435547, 38.5174674987793, 26.483957290649414, 71.55278015136719, 48.86904525756836, 14.487967491149902, 24.782405853271484, 15.496053695678711, 20.279600143432617, 98.52862548828125, 36.39566421508789, 126.56156921386719, 173.8368377685547, 268.5499267578125, 136.01904296875, 28.072187423706055, 67.86341094970703, 148.31092834472656, 68.77146911621094, 92.06573486328125, 198.47860717773438, 295.2402648925781, 175.73736572265625, 148.51979064941406, 182.92750549316406, 220.0334014892578, 202.52745056152344, 193.54910278320312, 75.57594299316406, 32.601009368896484, 185.19091796875, 238.6759490966797, 412.864990234375, 122.40142822265625, 98.27212524414062, 96.9807357788086, 136.94581604003906, 77.36489868164062, 125.72191619873047, 244.796630859375, 42.87718963623047, 93.60289764404297, 42.336727142333984, 89.43453216552734, 117.3963394165039, 31.70642852783203, 69.46184539794922, 95.19857788085938, 138.02191162109375, 27.13697624206543, 70.84165954589844, 62.38069152832031, 14.038012504577637, 32.629974365234375, 36.58784866333008, 12.722827911376953, 32.97566604614258, 17.36336898803711, 7.512636184692383, 11.24746322631836, 9.059528350830078, 25.800508499145508, 7.5697550773620605, 9.924325942993164, 15.9718656539917, 6.132853984832764, 7.029592037200928, 3.4441771507263184, 5.413105010986328, 3.113807201385498, 1.1597024202346802, 9.193671226501465, 5.634820461273193, 1.359548807144165, 0.7363048791885376, 6.583611965179443, 4.647698879241943, 6.157471179962158, 4.063600540161133, 2.908334970474243, 0.7344376444816589, 2.1005146503448486, 6.3168840408325195, 0.7271258234977722, 1.3865764141082764, 0.9758719205856323, 0.7029961347579956, 1.5781543254852295, 1.9583516120910645, 1.2343379259109497, 1.1267520189285278, 1.4538198709487915, 0.8697066307067871, 1.0491878986358643, 1.786852478981018, 0.6813585162162781, 0.5820363163948059], "true": [120.0, 120.0, 120.0, 120.0, 120.0, 120.0, 119.0, 118.0, 117.0, 116.0, 115.0, 114.0, 113.0, 112.0, 111.0, 110.0, 109.0, 108.0, 107.0, 106.0, 105.0, 104.0, 103.0, 102.0, 101.0, 100.0, 99.0, 98.0, 97.0, 96.0, 95.0, 94.0, 93.0, 92.0, 91.0, 90.0, 89.0, 88.0, 87.0, 86.0, 85.0, 84.0, 83.0, 82.0, 81.0, 80.0, 79.0, 78.0, 77.0, 76.0, 75.0, 74.0, 73.0, 72.0, 71.0, 70.0, 69.0, 68.0, 67.0, 66.0, 65.0, 64.0, 63.0, 62.0, 61.0, 60.0, 59.0, 58.0, 57.0, 56.0, 55.0, 54.0, 53.0, 52.0, 51.0, 50.0, 49.0, 48.0, 47.0, 46.0, 45.0, 44.0, 43.0, 42.0, 41.0, 40.0, 39.0, 38.0, 37.0, 36.0, 35.0, 34.0, 33.0, 32.0, 31.0, 30.0, 29.0, 28.0, 27.0, 26.0, 25.0, 24.0, 23.0, 22.0, 21.0, 20.0, 19.0, 18.0, 17.0, 16.0, 15.0, 14.0, 13.0, 12.0, 11.0, 10.0, 9.0, 8.0, 7.0, 6.0, 5.0, 4.0, 3.0, 2.0, 1.0, 0.0], "RMSE": 12.4}