{"mean": [122.31373596191406, 117.91822814941406, 120.47025299072266, 119.92131042480469, 121.66691589355469, 120.001220703125, 119.1217041015625, 121.23851013183594, 119.57334899902344, 121.29249572753906, 117.47929382324219, 116.0157241821289, 118.58343505859375, 119.07281494140625, 116.67478942871094, 116.13716125488281, 118.15528869628906, 117.71113586425781, 116.94267272949219, 118.01176452636719, 116.41410064697266, 121.11302185058594, 116.34635162353516, 113.39262390136719, 114.83123779296875, 113.10888671875, 115.00833892822266, 118.48631286621094, 114.64833068847656, 121.15715026855469, 114.80181884765625, 116.51951599121094, 110.54557037353516, 115.39691162109375, 115.2515869140625, 116.80540466308594, 115.26640319824219, 113.06685638427734, 114.95101165771484, 106.3878402709961, 114.52238464355469, 112.50045013427734, 110.02360534667969, 115.17578125, 108.3336410522461, 105.36502838134766, 103.55592346191406, 104.70843505859375, 100.6889877319336, 100.29837799072266, 97.90155792236328, 100.35731506347656, 100.77449035644531, 104.8865966796875, 86.10719299316406, 96.25712585449219, 90.59037017822266, 90.11332702636719, 83.19334411621094, 81.271484375, 77.44795989990234, 92.30894470214844, 75.94453430175781, 84.7638931274414, 80.30448913574219, 71.51283264160156, 67.98735809326172, 69.14785766601562, 70.84423065185547, 61.13942337036133, 65.89962005615234, 57.30821990966797, 65.642578125, 59.07069778442383, 57.71747970581055, 55.2523078918457, 57.4213752746582, 56.68892288208008, 54.364349365234375, 50.641380310058594, 50.762672424316406, 47.6518440246582, 47.18024826049805, 49.55644989013672, 42.48390197753906, 43.90595245361328, 41.30522537231445, 41.93608474731445, 41.05805587768555, 39.606727600097656, 38.84187316894531, 36.57861328125, 39.93785858154297, 37.094234466552734, 35.274070739746094, 34.40887451171875, 33.342689514160156, 32.951026916503906, 32.85868453979492, 31.831228256225586, 30.615039825439453, 29.501428604125977, 28.844696044921875, 28.010143280029297, 26.66949462890625, 25.82407569885254, 24.447797775268555, 24.055355072021484, 23.712352752685547, 22.069721221923828, 21.453449249267578, 20.585256576538086, 18.777326583862305, 18.36475372314453, 16.653860092163086, 15.891016006469727, 14.223907470703125, 12.923800468444824, 11.79032039642334, 9.548751831054688, 8.008468627929688, 7.566809177398682, 5.833752632141113, 4.561432838439941, 3.5357775688171387, 3.038346767425537], "var": [35.08102798461914, 29.3331298828125, 15.982353210449219, 28.772111892700195, 33.43747329711914, 63.73678207397461, 66.12379455566406, 10.895974159240723, 20.998186111450195, 22.070579528808594, 56.383018493652344, 48.50529098510742, 53.67282485961914, 31.035947799682617, 65.57147979736328, 56.55153274536133, 21.76300048828125, 20.853158950805664, 40.45372772216797, 32.39858627319336, 75.576171875, 38.76416015625, 22.821714401245117, 47.64801788330078, 37.392417907714844, 113.78349304199219, 91.51805877685547, 69.96630859375, 48.97173309326172, 27.61821937561035, 107.14427185058594, 42.387611389160156, 76.26371002197266, 91.75887298583984, 129.8087921142578, 76.05462646484375, 125.6187515258789, 127.1484146118164, 72.3661880493164, 220.92205810546875, 41.75862503051758, 206.1634521484375, 110.51534271240234, 187.65953063964844, 170.66134643554688, 110.79178619384766, 228.31643676757812, 260.0926818847656, 334.7603759765625, 420.9532775878906, 394.28106689453125, 217.20960998535156, 247.59426879882812, 184.4302215576172, 418.6576843261719, 283.44873046875, 241.28939819335938, 388.11431884765625, 189.2980499267578, 179.29541015625, 87.36486053466797, 84.74378204345703, 150.2113494873047, 335.3905944824219, 181.44680786132812, 275.36883544921875, 93.38919830322266, 112.28700256347656, 179.544189453125, 60.646942138671875, 86.5586166381836, 19.735700607299805, 97.54177856445312, 44.975074768066406, 54.703392028808594, 60.23246383666992, 27.659570693969727, 39.34075164794922, 59.37778854370117, 19.726150512695312, 39.12230682373047, 24.17361831665039, 52.77808380126953, 32.05956268310547, 13.097326278686523, 27.14826202392578, 34.2069206237793, 12.31941032409668, 4.580165386199951, 18.23564338684082, 7.216573715209961, 8.289591789245605, 55.841064453125, 4.480862617492676, 4.721988677978516, 6.431443214416504, 15.301345825195312, 3.4711403846740723, 1.9771835803985596, 2.31636118888855, 5.767943382263184, 2.1676323413848877, 2.522810697555542, 0.8754252791404724, 1.4301749467849731, 2.19150972366333, 1.0878912210464478, 2.740947961807251, 2.2492570877075195, 1.0042643547058105, 1.8620140552520752, 2.319416046142578, 0.8679003715515137, 0.8862178325653076, 0.6455549001693726, 1.6217509508132935, 0.22333496809005737, 0.22827006876468658, 1.2553993463516235, 0.4386862814426422, 0.8208363652229309, 0.6356807351112366, 0.24765342473983765, 0.3917461931705475, 0.3689836859703064, 0.2028234899044037], "true": [120.0, 120.0, 120.0, 120.0, 120.0, 120.0, 119.0, 118.0, 117.0, 116.0, 115.0, 114.0, 113.0, 112.0, 111.0, 110.0, 109.0, 108.0, 107.0, 106.0, 105.0, 104.0, 103.0, 102.0, 101.0, 100.0, 99.0, 98.0, 97.0, 96.0, 95.0, 94.0, 93.0, 92.0, 91.0, 90.0, 89.0, 88.0, 87.0, 86.0, 85.0, 84.0, 83.0, 82.0, 81.0, 80.0, 79.0, 78.0, 77.0, 76.0, 75.0, 74.0, 73.0, 72.0, 71.0, 70.0, 69.0, 68.0, 67.0, 66.0, 65.0, 64.0, 63.0, 62.0, 61.0, 60.0, 59.0, 58.0, 57.0, 56.0, 55.0, 54.0, 53.0, 52.0, 51.0, 50.0, 49.0, 48.0, 47.0, 46.0, 45.0, 44.0, 43.0, 42.0, 41.0, 40.0, 39.0, 38.0, 37.0, 36.0, 35.0, 34.0, 33.0, 32.0, 31.0, 30.0, 29.0, 28.0, 27.0, 26.0, 25.0, 24.0, 23.0, 22.0, 21.0, 20.0, 19.0, 18.0, 17.0, 16.0, 15.0, 14.0, 13.0, 12.0, 11.0, 10.0, 9.0, 8.0, 7.0, 6.0, 5.0, 4.0, 3.0, 2.0, 1.0, 0.0], "RMSE": 14.39}