{"mean": [122.13482666015625, 120.39681243896484, 115.51556396484375, 118.92716979980469, 119.4286117553711, 115.98284912109375, 117.01564025878906, 114.68681335449219, 117.13590240478516, 115.73722076416016, 114.27496337890625, 113.6961441040039, 112.1948013305664, 117.59797668457031, 112.90616607666016, 109.19517517089844, 110.47747802734375, 112.8912582397461, 107.0036849975586, 110.2080078125, 105.371826171875, 110.65840148925781, 102.32051086425781, 108.8350601196289, 113.18171691894531, 108.44242858886719, 103.5504150390625, 111.01863861083984, 103.40797424316406, 105.148681640625, 106.3897933959961, 107.49757385253906, 105.02433776855469, 103.83438873291016, 101.55094146728516, 105.45466613769531, 103.29134368896484, 94.17562103271484, 98.14286041259766, 104.12580871582031, 103.47701263427734, 96.32479095458984, 96.58255004882812, 100.65027618408203, 100.46611022949219, 92.52006530761719, 99.59760284423828, 95.44712829589844, 89.37480926513672, 95.42852020263672, 88.82707977294922, 81.3895263671875, 87.85200500488281, 94.7879409790039, 85.67875671386719, 79.77625274658203, 84.4997329711914, 72.27032470703125, 80.35273742675781, 86.9612808227539, 75.4681167602539, 65.9788589477539, 70.51297760009766, 74.76539611816406, 68.06012725830078, 70.16038513183594, 66.82081604003906, 63.55033493041992, 61.1229362487793, 57.83818817138672, 65.30339813232422, 56.638824462890625, 61.0948486328125, 56.8232536315918, 53.971534729003906, 53.27045822143555, 48.22119903564453, 48.36988067626953, 47.41381072998047, 44.83678436279297, 44.63840866088867, 44.270748138427734, 43.314842224121094, 40.97282028198242, 41.299190521240234, 39.45516586303711, 39.21531677246094, 37.89227294921875, 37.87565994262695, 36.05645751953125, 35.84797286987305, 35.80441665649414, 34.77045822143555, 34.59785461425781, 34.952964782714844, 31.304874420166016, 32.767906188964844, 31.40313148498535, 29.773672103881836, 28.86492919921875, 28.3038272857666, 28.060205459594727, 25.713830947875977, 24.52907943725586, 24.175567626953125, 23.484943389892578, 22.11321258544922, 22.776044845581055, 20.421001434326172, 19.845544815063477, 19.149208068847656, 18.245418548583984, 17.514734268188477, 15.682357788085938, 15.158360481262207, 13.863012313842773, 12.345479011535645, 11.598775863647461, 10.628227233886719, 9.334321975708008, 8.267849922180176, 7.104371070861816, 5.9189677238464355, 4.854803085327148, 3.925029754638672, 3.171431064605713, 2.3260884284973145], "var": [11.657400131225586, 15.29636001586914, 30.314167022705078, 39.435272216796875, 10.94451904296875, 21.278465270996094, 31.003192901611328, 17.06825065612793, 41.88760757446289, 32.30911636352539, 82.61627197265625, 60.928829193115234, 44.194435119628906, 26.642751693725586, 32.2777099609375, 75.14289855957031, 56.15550231933594, 63.15354537963867, 75.72435760498047, 24.20009422302246, 95.15923309326172, 40.04449462890625, 92.40933990478516, 138.29299926757812, 126.11988067626953, 131.72291564941406, 75.76766204833984, 72.38638305664062, 59.80912399291992, 87.26448822021484, 104.38357543945312, 84.87649536132812, 169.32713317871094, 133.84788513183594, 313.3799133300781, 69.59656524658203, 280.2476806640625, 377.4177551269531, 332.88385009765625, 216.63430786132812, 382.1618347167969, 245.61595153808594, 450.0404052734375, 293.72119140625, 295.5941162109375, 398.4560852050781, 281.8266296386719, 352.4969177246094, 231.1585235595703, 109.60762023925781, 326.9377746582031, 216.8658447265625, 257.69110107421875, 289.19647216796875, 100.23638916015625, 416.8427734375, 244.6195526123047, 289.4614562988281, 205.6154022216797, 165.123291015625, 156.41937255859375, 121.45934295654297, 103.2698974609375, 220.3765411376953, 160.74142456054688, 139.24163818359375, 106.55453491210938, 58.84139633178711, 42.07696533203125, 46.546607971191406, 141.65835571289062, 61.96208572387695, 119.779296875, 54.409156799316406, 33.91948318481445, 35.60354995727539, 14.161603927612305, 12.30051326751709, 25.640939712524414, 15.690256118774414, 14.45439338684082, 18.570423126220703, 18.544700622558594, 15.738143920898438, 18.5947208404541, 17.26080322265625, 14.312118530273438, 30.225101470947266, 22.765764236450195, 8.244376182556152, 7.24195671081543, 8.41794490814209, 6.849947929382324, 7.34563684463501, 3.022561550140381, 5.688694953918457, 4.333896636962891, 5.943200588226318, 4.96323823928833, 3.629403829574585, 0.8711471557617188, 1.3884949684143066, 1.6569929122924805, 1.755309820175171, 0.7872881293296814, 1.2272944450378418, 1.4710276126861572, 2.6252124309539795, 0.7447019815444946, 1.5745620727539062, 0.5178736448287964, 0.823960542678833, 0.3932803273200989, 0.9579360485076904, 0.6608424782752991, 0.9845130443572998, 0.33094313740730286, 0.7350470423698425, 0.5165371894836426, 0.1978442221879959, 0.9633376002311707, 0.2707253396511078, 0.13780473172664642, 0.25570985674858093, 0.25761285424232483, 0.33934471011161804, 0.18722395598888397], "true": [120.0, 120.0, 120.0, 120.0, 120.0, 120.0, 120.0, 119.0, 118.0, 117.0, 116.0, 115.0, 114.0, 113.0, 112.0, 111.0, 110.0, 109.0, 108.0, 107.0, 106.0, 105.0, 104.0, 103.0, 102.0, 101.0, 100.0, 99.0, 98.0, 97.0, 96.0, 95.0, 94.0, 93.0, 92.0, 91.0, 90.0, 89.0, 88.0, 87.0, 86.0, 85.0, 84.0, 83.0, 82.0, 81.0, 80.0, 79.0, 78.0, 77.0, 76.0, 75.0, 74.0, 73.0, 72.0, 71.0, 70.0, 69.0, 68.0, 67.0, 66.0, 65.0, 64.0, 63.0, 62.0, 61.0, 60.0, 59.0, 58.0, 57.0, 56.0, 55.0, 54.0, 53.0, 52.0, 51.0, 50.0, 49.0, 48.0, 47.0, 46.0, 45.0, 44.0, 43.0, 42.0, 41.0, 40.0, 39.0, 38.0, 37.0, 36.0, 35.0, 34.0, 33.0, 32.0, 31.0, 30.0, 29.0, 28.0, 27.0, 26.0, 25.0, 24.0, 23.0, 22.0, 21.0, 20.0, 19.0, 18.0, 17.0, 16.0, 15.0, 14.0, 13.0, 12.0, 11.0, 10.0, 9.0, 8.0, 7.0, 6.0, 5.0, 4.0, 3.0, 2.0, 1.0, 0.0], "RMSE": 7.59}