{"mean": [97.7993392944336, 103.8558578491211, 102.3379898071289, 98.14744567871094, 94.82791137695312, 96.28885650634766, 100.1481704711914, 100.08517456054688, 88.42721557617188, 92.0503158569336, 93.36296844482422, 93.84246826171875, 88.64714050292969, 95.20796203613281, 96.0141372680664, 94.86962890625, 100.5396499633789, 91.40910339355469, 91.76918029785156, 93.16915893554688, 101.63206481933594, 108.44715881347656, 92.7077407836914, 97.84315490722656, 101.70626831054688, 101.56963348388672, 104.79837799072266, 105.06544494628906, 103.5516128540039, 95.78334045410156, 105.05306243896484, 100.15327453613281, 93.79342651367188, 103.3770751953125, 100.17573547363281, 103.16175842285156, 99.24742889404297, 94.47076416015625, 94.07127380371094, 95.00746154785156, 95.93680572509766, 93.60057830810547, 90.882568359375, 83.46914672851562, 80.51676940917969, 80.50922393798828, 79.53627014160156, 81.92900848388672, 74.71268463134766, 75.07205963134766, 80.01483154296875, 73.68282318115234, 67.41830444335938, 71.6006088256836, 68.98661804199219, 67.87379455566406, 63.3749885559082, 62.0682487487793, 61.08165740966797, 53.253196716308594, 55.30152130126953, 49.19502258300781, 51.194740295410156, 49.563568115234375, 45.78805160522461, 46.47224044799805, 48.66919708251953, 45.368282318115234, 43.54217529296875, 37.92399978637695, 39.38187789916992, 38.68317413330078, 38.88557815551758, 37.235252380371094, 36.439430236816406, 36.700172424316406, 35.060760498046875, 33.902099609375, 33.211753845214844, 31.94022560119629, 30.661239624023438, 30.906734466552734, 29.154827117919922, 28.000839233398438, 25.247547149658203, 24.69907569885254, 24.351171493530273, 23.282052993774414, 22.50208854675293, 21.346996307373047, 20.589733123779297, 19.53927993774414, 18.427034378051758, 17.111408233642578, 15.702458381652832, 14.625532150268555, 12.997838020324707, 11.899627685546875, 11.025424003601074, 9.571961402893066, 7.975804805755615, 6.541338920593262, 5.722111701965332, 4.762012958526611, 3.34608793258667, 2.6879379749298096], "var": [60.2712516784668, 65.18035888671875, 32.31270217895508, 67.3275375366211, 55.69718551635742, 44.506343841552734, 113.86336517333984, 147.08120727539062, 169.59500122070312, 163.87010192871094, 264.3848876953125, 121.79244995117188, 239.08114624023438, 242.40316772460938, 268.0133056640625, 215.3684539794922, 378.64849853515625, 316.6097106933594, 318.91619873046875, 269.5084533691406, 353.4965515136719, 89.13969421386719, 163.7438201904297, 310.796630859375, 183.4133758544922, 234.50515747070312, 323.1387634277344, 135.34188842773438, 140.94813537597656, 256.0911560058594, 81.0095443725586, 67.11194610595703, 212.6159210205078, 173.34005737304688, 206.91920471191406, 227.99325561523438, 261.3680419921875, 252.24488830566406, 151.3844757080078, 167.24365234375, 90.49124908447266, 164.12567138671875, 299.68524169921875, 253.71327209472656, 85.5982437133789, 178.61447143554688, 91.058837890625, 238.7731475830078, 294.0296936035156, 65.79341888427734, 91.00481414794922, 243.0440216064453, 24.917516708374023, 242.05368041992188, 195.57745361328125, 164.20912170410156, 65.79055786132812, 81.92692565917969, 75.78760528564453, 94.61772918701172, 116.89932250976562, 11.359397888183594, 39.694705963134766, 27.26144027709961, 14.091510772705078, 23.77155876159668, 56.87979507446289, 100.40519714355469, 17.648923873901367, 3.599954605102539, 7.373690128326416, 13.570818901062012, 28.05548095703125, 7.273217678070068, 6.588205814361572, 14.023776054382324, 6.298300266265869, 1.6061193943023682, 2.526609420776367, 1.8375802040100098, 3.094369649887085, 4.928926467895508, 1.1137659549713135, 1.9085181951522827, 1.7321269512176514, 1.2930946350097656, 1.3729329109191895, 1.4860223531723022, 2.194692850112915, 0.6666899919509888, 2.856957197189331, 0.5515758991241455, 0.6111604571342468, 1.0908256769180298, 1.3980399370193481, 0.3043009340763092, 0.8473877906799316, 0.3292662799358368, 1.5108872652053833, 0.3763449490070343, 0.16613444685935974, 0.11596820503473282, 0.18391339480876923, 0.2272852659225464, 0.31831157207489014, 0.40848296880722046], "true": [105.0, 104.0, 103.0, 102.0, 101.0, 100.0, 99.0, 98.0, 97.0, 96.0, 95.0, 94.0, 93.0, 92.0, 91.0, 90.0, 89.0, 88.0, 87.0, 86.0, 85.0, 84.0, 83.0, 82.0, 81.0, 80.0, 79.0, 78.0, 77.0, 76.0, 75.0, 74.0, 73.0, 72.0, 71.0, 70.0, 69.0, 68.0, 67.0, 66.0, 65.0, 64.0, 63.0, 62.0, 61.0, 60.0, 59.0, 58.0, 57.0, 56.0, 55.0, 54.0, 53.0, 52.0, 51.0, 50.0, 49.0, 48.0, 47.0, 46.0, 45.0, 44.0, 43.0, 42.0, 41.0, 40.0, 39.0, 38.0, 37.0, 36.0, 35.0, 34.0, 33.0, 32.0, 31.0, 30.0, 29.0, 28.0, 27.0, 26.0, 25.0, 24.0, 23.0, 22.0, 21.0, 20.0, 19.0, 18.0, 17.0, 16.0, 15.0, 14.0, 13.0, 12.0, 11.0, 10.0, 9.0, 8.0, 7.0, 6.0, 5.0, 4.0, 3.0, 2.0, 1.0, 0.0], "RMSE": 14.77}