{"mean": [124.5147705078125, 124.77143859863281, 124.78688049316406, 125.47944641113281, 124.3117446899414, 124.01121520996094, 123.9324722290039, 123.63578796386719, 123.91121673583984, 123.34233093261719, 122.46760559082031, 124.54020690917969, 124.70638275146484, 125.58154296875, 125.64524841308594, 125.9699478149414, 124.40263366699219, 124.42633056640625, 124.26356506347656, 124.4339370727539, 124.138427734375, 123.37553405761719, 122.92835998535156, 123.43473052978516, 123.77037048339844, 123.61273193359375, 121.67750549316406, 120.4359359741211, 120.75943756103516, 122.24409484863281, 120.9145736694336, 121.96429443359375, 120.37874603271484, 120.32295227050781, 121.57259368896484, 123.39064025878906, 122.05702209472656, 122.00752258300781, 119.86448669433594, 119.51466369628906, 119.2502670288086, 115.88037109375, 119.81327819824219, 117.36163330078125, 114.69093322753906, 111.22642517089844, 115.57147216796875, 115.04434967041016, 114.96817779541016, 114.1426010131836, 112.2300033569336, 115.7291488647461, 111.22505187988281, 110.49755859375, 111.58238220214844, 106.83421325683594, 105.1021499633789, 104.33819580078125, 98.20528411865234, 104.7192611694336, 103.16709899902344, 107.930419921875, 103.9000244140625, 106.90544128417969, 108.6601333618164, 105.19590759277344, 106.34053039550781, 102.17133331298828, 101.74986267089844, 106.8666763305664, 106.19671630859375, 105.9782943725586, 102.92384338378906, 100.2139663696289, 90.64082336425781, 88.53975677490234, 94.48326110839844, 85.06790924072266, 80.74542999267578, 87.33985900878906, 65.29930114746094, 60.54979705810547, 56.44049072265625, 52.45439910888672, 48.47895431518555, 46.25450134277344, 46.183738708496094, 47.42205810546875, 42.625572204589844, 36.1439208984375, 35.47206115722656, 37.279380798339844, 33.64342498779297, 33.76900863647461, 32.806739807128906, 27.2844295501709, 27.238140106201172, 30.116893768310547, 30.089290618896484, 32.489952087402344, 32.908363342285156, 33.415523529052734, 32.41395950317383, 27.087890625, 28.359783172607422, 24.56197738647461, 22.68624496459961, 20.84364891052246, 18.885822296142578, 21.086294174194336, 18.707523345947266, 18.369754791259766, 19.21471405029297, 17.40967559814453, 15.730728149414062, 13.51038932800293, 13.153121948242188, 10.559151649475098, 9.119958877563477, 5.665042877197266, 5.366554260253906, 3.7552051544189453, 3.5107758045196533, 4.650094509124756, 3.028736114501953, 2.6293060779571533], "var": [13.772392272949219, 8.141763687133789, 12.926996231079102, 7.9925031661987305, 11.550384521484375, 16.161582946777344, 9.107606887817383, 16.050695419311523, 7.217121601104736, 6.690424919128418, 12.136266708374023, 4.645425319671631, 6.327341556549072, 11.105480194091797, 12.68832778930664, 6.045007705688477, 6.3655500411987305, 7.770355224609375, 4.548329830169678, 8.157634735107422, 6.1249847412109375, 12.12803840637207, 9.876448631286621, 9.681517601013184, 14.497611045837402, 5.538536071777344, 26.918354034423828, 45.70288848876953, 15.740195274353027, 29.691978454589844, 7.036068439483643, 9.90948486328125, 21.62761878967285, 21.419204711914062, 19.531526565551758, 15.614466667175293, 15.79621696472168, 11.178582191467285, 17.20808982849121, 14.534733772277832, 15.358413696289062, 13.632749557495117, 15.970483779907227, 41.58781814575195, 32.77037811279297, 57.12498092651367, 27.991588592529297, 28.76663589477539, 24.905595779418945, 23.383434295654297, 35.50749206542969, 35.3336181640625, 50.4329833984375, 38.139835357666016, 23.91019058227539, 39.31143569946289, 53.04450225830078, 50.8072509765625, 54.93572235107422, 62.31742858886719, 104.69366455078125, 58.413185119628906, 43.18016815185547, 58.680641174316406, 48.994422912597656, 59.62327575683594, 58.057098388671875, 53.61636734008789, 96.40731811523438, 38.669395446777344, 36.0052490234375, 58.49692916870117, 46.323143005371094, 63.358036041259766, 79.26769256591797, 164.53732299804688, 151.72567749023438, 74.81118774414062, 211.08143615722656, 99.95693969726562, 128.1356201171875, 71.42236328125, 38.9218864440918, 63.05722427368164, 32.823219299316406, 21.29405403137207, 18.930971145629883, 21.947635650634766, 13.14393424987793, 18.676782608032227, 14.8265962600708, 18.28732681274414, 9.737452507019043, 6.9214396476745605, 7.109945297241211, 11.293111801147461, 12.66802978515625, 17.438251495361328, 15.977968215942383, 12.07382583618164, 11.421606063842773, 20.88863182067871, 8.411092758178711, 7.66637659072876, 4.7061004638671875, 6.320785045623779, 6.489402770996094, 3.6716468334198, 4.213557720184326, 4.589054107666016, 2.8258891105651855, 4.478044509887695, 3.0501174926757812, 3.900979995727539, 3.264451026916504, 2.5281822681427, 3.64912486076355, 1.463282585144043, 1.8158595561981201, 0.9087671041488647, 0.8656034469604492, 0.7574973106384277, 0.56560879945755, 0.9406378269195557, 0.6500568389892578, 0.7164376378059387], "true": [120.0, 120.0, 120.0, 120.0, 120.0, 120.0, 119.0, 118.0, 117.0, 116.0, 115.0, 114.0, 113.0, 112.0, 111.0, 110.0, 109.0, 108.0, 107.0, 106.0, 105.0, 104.0, 103.0, 102.0, 101.0, 100.0, 99.0, 98.0, 97.0, 96.0, 95.0, 94.0, 93.0, 92.0, 91.0, 90.0, 89.0, 88.0, 87.0, 86.0, 85.0, 84.0, 83.0, 82.0, 81.0, 80.0, 79.0, 78.0, 77.0, 76.0, 75.0, 74.0, 73.0, 72.0, 71.0, 70.0, 69.0, 68.0, 67.0, 66.0, 65.0, 64.0, 63.0, 62.0, 61.0, 60.0, 59.0, 58.0, 57.0, 56.0, 55.0, 54.0, 53.0, 52.0, 51.0, 50.0, 49.0, 48.0, 47.0, 46.0, 45.0, 44.0, 43.0, 42.0, 41.0, 40.0, 39.0, 38.0, 37.0, 36.0, 35.0, 34.0, 33.0, 32.0, 31.0, 30.0, 29.0, 28.0, 27.0, 26.0, 25.0, 24.0, 23.0, 22.0, 21.0, 20.0, 19.0, 18.0, 17.0, 16.0, 15.0, 14.0, 13.0, 12.0, 11.0, 10.0, 9.0, 8.0, 7.0, 6.0, 5.0, 4.0, 3.0, 2.0, 1.0, 0.0], "RMSE": 25.99}