{"mean": [96.11917114257812, 103.18315124511719, 108.23439025878906, 109.13189697265625, 105.8211898803711, 96.59347534179688, 96.44824981689453, 100.6855239868164, 104.7777099609375, 98.6311264038086, 97.2044448852539, 89.48878479003906, 84.16002655029297, 84.62091827392578, 84.503662109375, 82.97090148925781, 84.9423828125, 82.92179107666016, 81.61485290527344, 82.78617858886719, 83.13854217529297, 85.8880844116211, 80.3821792602539, 81.23005676269531, 73.26400756835938, 77.34507751464844, 69.2098159790039, 72.35029602050781, 72.14256286621094, 66.16694641113281, 63.546043395996094, 64.14601135253906, 66.04129791259766, 69.63236236572266, 69.33448791503906, 66.2882308959961, 69.83222961425781, 68.78289794921875, 66.98197937011719, 64.68938446044922, 60.69688034057617, 60.79481887817383, 62.94292449951172, 57.25445556640625, 57.68255615234375, 52.369903564453125, 50.094425201416016, 51.52704620361328, 48.814388275146484, 48.171871185302734, 44.43621063232422, 48.10492706298828, 48.18726348876953, 51.6624641418457, 51.028038024902344, 48.09766387939453, 51.9739990234375, 51.7547607421875, 54.88862228393555, 51.93926239013672, 65.0949935913086, 66.18474578857422, 71.69988250732422, 61.79500198364258, 58.759971618652344, 60.89472579956055, 58.302345275878906, 61.278533935546875, 62.189453125, 54.36741256713867, 55.506797790527344, 54.9213752746582, 52.99943923950195, 54.455345153808594, 47.83469009399414, 45.756561279296875, 46.68928527832031, 46.513954162597656, 46.54722595214844, 45.04814147949219, 46.225372314453125, 42.138248443603516, 39.810916900634766, 33.637054443359375, 30.736156463623047, 31.41483497619629, 28.124156951904297, 28.914798736572266, 27.397903442382812, 22.3436222076416, 24.03923225402832, 22.45981788635254, 18.357133865356445, 17.724178314208984, 15.819300651550293, 15.665369033813477, 12.140783309936523, 10.905316352844238, 9.525972366333008, 8.653948783874512, 8.307724952697754, 9.47819995880127, 7.932447910308838, 6.3459577560424805, 5.5423736572265625, 4.226993560791016], "var": [89.53439331054688, 91.31058502197266, 72.22349548339844, 30.15004539489746, 77.3150863647461, 119.90612030029297, 74.16133880615234, 110.396728515625, 183.94859313964844, 145.54383850097656, 81.71479797363281, 23.932601928710938, 30.691442489624023, 27.418472290039062, 32.10492706298828, 43.817806243896484, 56.930965423583984, 23.48158836364746, 46.43111038208008, 21.49394989013672, 21.608787536621094, 69.3551254272461, 68.51885986328125, 56.39318084716797, 22.509977340698242, 50.59101104736328, 23.246376037597656, 48.37791061401367, 46.4544563293457, 28.97627830505371, 23.49315643310547, 19.25250244140625, 13.915336608886719, 13.096906661987305, 22.61766815185547, 17.685489654541016, 29.494524002075195, 34.09221649169922, 31.917434692382812, 21.456592559814453, 41.36028289794922, 17.598468780517578, 39.19208526611328, 31.303447723388672, 25.947723388671875, 37.31874465942383, 22.207584381103516, 21.595481872558594, 19.892274856567383, 12.862099647521973, 4.584873199462891, 5.199481964111328, 4.26706600189209, 17.470613479614258, 23.772235870361328, 21.514780044555664, 21.724210739135742, 13.980925559997559, 23.27364730834961, 63.368003845214844, 57.630615234375, 59.88596725463867, 78.79605865478516, 36.44083786010742, 42.14826965332031, 35.734901428222656, 47.61806106567383, 39.66240692138672, 60.58407211303711, 24.433000564575195, 29.907676696777344, 49.16636276245117, 44.537078857421875, 36.531105041503906, 21.53839111328125, 15.723134994506836, 11.172138214111328, 12.677413940429688, 10.676362991333008, 33.886531829833984, 27.543733596801758, 8.031052589416504, 13.811041831970215, 6.087577819824219, 4.175314903259277, 7.045953750610352, 2.4361374378204346, 5.514213562011719, 7.065572738647461, 4.183191776275635, 1.5707014799118042, 3.173081159591675, 2.212118148803711, 2.0306613445281982, 1.4969369173049927, 1.5986087322235107, 0.8772881031036377, 0.9972609281539917, 1.0824334621429443, 0.98223876953125, 1.0150723457336426, 1.2072997093200684, 0.8190595507621765, 1.4602811336517334, 1.6868772506713867, 1.328637719154358], "true": [105.0, 104.0, 103.0, 102.0, 101.0, 100.0, 99.0, 98.0, 97.0, 96.0, 95.0, 94.0, 93.0, 92.0, 91.0, 90.0, 89.0, 88.0, 87.0, 86.0, 85.0, 84.0, 83.0, 82.0, 81.0, 80.0, 79.0, 78.0, 77.0, 76.0, 75.0, 74.0, 73.0, 72.0, 71.0, 70.0, 69.0, 68.0, 67.0, 66.0, 65.0, 64.0, 63.0, 62.0, 61.0, 60.0, 59.0, 58.0, 57.0, 56.0, 55.0, 54.0, 53.0, 52.0, 51.0, 50.0, 49.0, 48.0, 47.0, 46.0, 45.0, 44.0, 43.0, 42.0, 41.0, 40.0, 39.0, 38.0, 37.0, 36.0, 35.0, 34.0, 33.0, 32.0, 31.0, 30.0, 29.0, 28.0, 27.0, 26.0, 25.0, 24.0, 23.0, 22.0, 21.0, 20.0, 19.0, 18.0, 17.0, 16.0, 15.0, 14.0, 13.0, 12.0, 11.0, 10.0, 9.0, 8.0, 7.0, 6.0, 5.0, 4.0, 3.0, 2.0, 1.0, 0.0], "RMSE": 10.88}