{"mean": [116.09794616699219, 117.29266357421875, 119.296630859375, 117.64481353759766, 114.63142395019531, 117.39335632324219, 113.66593170166016, 114.98448181152344, 115.22883605957031, 114.56375885009766, 112.35832214355469, 114.54606628417969, 113.9528579711914, 113.84175109863281, 112.07792663574219, 112.60627746582031, 110.073974609375, 107.41744232177734, 108.35905456542969, 103.90196228027344, 107.69244384765625, 107.1168212890625, 104.2509536743164, 100.82850646972656, 98.55892944335938, 97.44959259033203, 98.005126953125, 99.87431335449219, 102.61784362792969, 105.21209716796875, 104.8167724609375, 110.23017883300781, 100.0459213256836, 97.95674133300781, 91.40515899658203, 93.1100845336914, 97.26155853271484, 96.2756118774414, 97.59117126464844, 95.2868881225586, 94.47512817382812, 95.41107177734375, 94.15086364746094, 91.52407836914062, 93.22561645507812, 92.851318359375, 96.19124603271484, 89.81497955322266, 87.2974624633789, 81.28520202636719, 81.73441314697266, 75.65129089355469, 74.83458709716797, 73.1707534790039, 73.84709167480469, 76.66517639160156, 71.18911743164062, 69.8481674194336, 65.43590545654297, 64.78923797607422, 63.25458526611328, 63.61063766479492, 60.21795654296875, 58.878334045410156, 61.22346115112305, 58.67628860473633, 59.755088806152344, 58.159912109375, 56.16166305541992, 59.3175048828125, 56.92939376831055, 53.740264892578125, 51.33253860473633, 50.67601776123047, 51.292449951171875, 49.96284866333008, 46.79731369018555, 47.3244514465332, 46.91774368286133, 44.85831069946289, 47.62047576904297, 45.09320831298828, 47.61145782470703, 50.15903091430664, 48.54564666748047, 51.15839767456055, 52.94550323486328, 50.88726043701172, 44.4145393371582, 40.99131393432617, 41.667423248291016, 37.6388053894043, 38.504825592041016, 39.52920913696289, 38.14277267456055, 39.161556243896484, 34.07668685913086, 32.748600006103516, 35.973548889160156, 34.16278839111328, 29.948177337646484, 29.477066040039062, 32.70255661010742, 30.283828735351562, 30.29872703552246, 28.61178970336914, 26.11503028869629, 25.6822509765625, 24.432430267333984, 22.672597885131836, 20.12019157409668, 18.69940757751465, 18.21161460876465, 16.566089630126953, 15.115793228149414, 14.551248550415039, 14.012725830078125, 10.327829360961914, 9.572982788085938, 10.093152046203613, 8.680724143981934, 7.4875617027282715, 4.947089195251465, 5.459179878234863, 5.1590399742126465, 2.3893179893493652, 1.8398892879486084], "var": [27.441587448120117, 25.71308135986328, 29.414751052856445, 25.947832107543945, 27.529361724853516, 19.0366153717041, 31.176210403442383, 40.53857421875, 57.172935485839844, 45.22843551635742, 73.23607635498047, 48.788230895996094, 37.45907974243164, 45.788490295410156, 72.70012664794922, 62.02522659301758, 49.56698989868164, 43.33589172363281, 84.51971435546875, 45.67383575439453, 37.26278305053711, 26.72572135925293, 38.46104049682617, 82.10395050048828, 47.62198257446289, 44.9914436340332, 28.15529441833496, 14.90762710571289, 99.27020263671875, 66.59215545654297, 60.30867004394531, 59.853126525878906, 50.38433074951172, 58.39753723144531, 63.701290130615234, 52.145606994628906, 105.4617919921875, 46.44157028198242, 37.134212493896484, 24.891220092773438, 26.627811431884766, 37.90874099731445, 32.75626754760742, 47.22627639770508, 47.74299240112305, 30.889467239379883, 46.44065475463867, 41.9997673034668, 31.15748405456543, 54.89459991455078, 42.19114685058594, 36.61231994628906, 64.77802276611328, 40.1196403503418, 51.923587799072266, 99.18214416503906, 72.87522888183594, 23.76024055480957, 24.05708122253418, 14.440386772155762, 16.58342170715332, 16.37078857421875, 20.68241310119629, 17.894283294677734, 8.230020523071289, 12.046249389648438, 28.444332122802734, 23.083810806274414, 20.78339385986328, 28.685701370239258, 8.96066951751709, 11.06525707244873, 7.120482921600342, 8.473076820373535, 5.984029769897461, 10.916813850402832, 10.29896068572998, 4.948051929473877, 5.868336200714111, 3.7826313972473145, 4.265511989593506, 6.577603816986084, 10.459888458251953, 11.673157691955566, 18.62518882751465, 27.720796585083008, 10.239020347595215, 25.85980796813965, 45.33601760864258, 9.23414134979248, 28.111949920654297, 16.178380966186523, 10.916288375854492, 10.109109878540039, 11.284440040588379, 4.722398281097412, 5.976743698120117, 6.388812065124512, 5.764386177062988, 5.959287643432617, 4.697849750518799, 4.177845478057861, 3.860199451446533, 4.470893859863281, 3.275818109512329, 2.3366758823394775, 1.8489556312561035, 2.709744691848755, 1.6687074899673462, 1.5734163522720337, 1.923702597618103, 2.0593321323394775, 2.1198930740356445, 1.9747073650360107, 3.320636510848999, 1.7835520505905151, 2.150546073913574, 1.128629207611084, 1.768754005432129, 0.8172529935836792, 1.6157774925231934, 1.9150446653366089, 1.7095873355865479, 1.1771347522735596, 2.1595511436462402, 0.5856928825378418, 1.1148388385772705], "true": [120.0, 120.0, 120.0, 120.0, 120.0, 120.0, 120.0, 119.0, 118.0, 117.0, 116.0, 115.0, 114.0, 113.0, 112.0, 111.0, 110.0, 109.0, 108.0, 107.0, 106.0, 105.0, 104.0, 103.0, 102.0, 101.0, 100.0, 99.0, 98.0, 97.0, 96.0, 95.0, 94.0, 93.0, 92.0, 91.0, 90.0, 89.0, 88.0, 87.0, 86.0, 85.0, 84.0, 83.0, 82.0, 81.0, 80.0, 79.0, 78.0, 77.0, 76.0, 75.0, 74.0, 73.0, 72.0, 71.0, 70.0, 69.0, 68.0, 67.0, 66.0, 65.0, 64.0, 63.0, 62.0, 61.0, 60.0, 59.0, 58.0, 57.0, 56.0, 55.0, 54.0, 53.0, 52.0, 51.0, 50.0, 49.0, 48.0, 47.0, 46.0, 45.0, 44.0, 43.0, 42.0, 41.0, 40.0, 39.0, 38.0, 37.0, 36.0, 35.0, 34.0, 33.0, 32.0, 31.0, 30.0, 29.0, 28.0, 27.0, 26.0, 25.0, 24.0, 23.0, 22.0, 21.0, 20.0, 19.0, 18.0, 17.0, 16.0, 15.0, 14.0, 13.0, 12.0, 11.0, 10.0, 9.0, 8.0, 7.0, 6.0, 5.0, 4.0, 3.0, 2.0, 1.0, 0.0], "RMSE": 5.43}