{"mean": [116.90975189208984, 118.86434173583984, 118.9059066772461, 110.76383209228516, 110.3804702758789, 110.63700866699219, 100.47807312011719, 103.7657699584961, 101.43370056152344, 96.67996978759766, 100.12492370605469, 100.34855651855469, 101.29378509521484, 105.39512634277344, 109.15582275390625, 111.56754302978516, 115.1693344116211, 117.71492767333984, 117.22419738769531, 122.01579284667969, 124.08150482177734, 124.8814926147461, 124.81263732910156, 123.1169662475586, 123.2292251586914, 121.40727233886719, 123.63935852050781, 124.08380126953125, 125.414306640625, 122.36116790771484, 123.17604064941406, 123.7583236694336, 124.19482421875, 122.11995697021484, 121.61915588378906, 119.4460678100586, 119.9076156616211, 117.71087646484375, 106.50020599365234, 102.62437438964844, 95.86497497558594, 97.48867797851562, 93.01504516601562, 93.42222595214844, 89.516845703125, 85.8739013671875, 88.01319122314453, 88.8880615234375, 84.02198791503906, 85.88217163085938, 77.61766815185547, 80.72903442382812, 85.07914733886719, 76.83533477783203, 78.60617065429688, 92.74005126953125, 90.80341339111328, 103.4334716796875, 96.21129608154297, 100.89411926269531, 94.96160888671875, 84.68937683105469, 85.0365219116211, 84.84211730957031, 88.52603149414062, 79.98518371582031, 74.29585266113281, 73.37147521972656, 65.150390625, 64.35383605957031, 58.28959274291992, 57.481056213378906, 57.3859748840332, 59.376319885253906, 61.107994079589844, 57.85517120361328, 56.89971160888672, 55.20241165161133, 56.430999755859375, 52.71599578857422, 50.64396286010742, 49.2114372253418, 51.59852981567383, 45.63859176635742, 47.000267028808594, 48.67673873901367, 46.156394958496094, 45.35572052001953, 42.26934051513672, 42.419471740722656, 44.41288757324219, 46.742889404296875, 42.28509521484375, 37.24626922607422, 35.79547882080078, 28.869842529296875, 30.267841339111328, 25.930313110351562, 25.519922256469727, 22.786121368408203, 23.662120819091797, 26.753864288330078, 24.58681297302246, 25.6484375, 26.26178550720215, 24.676660537719727, 22.49808120727539, 21.34482192993164, 20.324432373046875, 20.603992462158203, 18.70810890197754, 17.790794372558594, 16.139869689941406, 15.512542724609375, 12.653528213500977, 11.323100090026855, 11.919271469116211, 12.149879455566406, 10.278966903686523, 7.293662071228027, 4.870324611663818, 5.795227527618408, 5.433261871337891, 3.5438289642333984, 2.3633527755737305], "var": [69.5947265625, 60.51276779174805, 49.22041320800781, 36.57134246826172, 75.87678527832031, 78.73141479492188, 77.21467590332031, 76.4356460571289, 93.73509979248047, 124.2375717163086, 50.06260681152344, 66.69649505615234, 81.2841796875, 117.64177703857422, 43.63835144042969, 71.52330780029297, 33.71489715576172, 53.16639709472656, 65.6468734741211, 92.44230651855469, 30.290231704711914, 24.09852409362793, 30.73542594909668, 39.56247329711914, 48.95964813232422, 13.981281280517578, 36.76750946044922, 30.206104278564453, 25.11396598815918, 44.32923889160156, 32.68935012817383, 36.008296966552734, 26.828493118286133, 19.915653228759766, 28.428068161010742, 52.04669189453125, 25.99740982055664, 48.78218078613281, 218.1627197265625, 102.81144714355469, 182.29876708984375, 159.22581481933594, 131.1963348388672, 123.5326156616211, 151.17364501953125, 103.07947540283203, 179.6086883544922, 147.2454071044922, 240.24169921875, 254.88552856445312, 171.47769165039062, 183.22259521484375, 275.6927490234375, 140.5697479248047, 169.8875732421875, 162.8350067138672, 189.77317810058594, 225.65025329589844, 153.36846923828125, 147.72267150878906, 100.12398529052734, 241.92576599121094, 116.27347564697266, 113.43304443359375, 119.18599700927734, 82.94908905029297, 110.45235443115234, 170.4976806640625, 129.48031616210938, 102.21440887451172, 24.627166748046875, 22.463069915771484, 13.117568969726562, 18.198780059814453, 19.747478485107422, 8.422740936279297, 7.640094757080078, 9.977616310119629, 11.98177433013916, 13.291145324707031, 7.868635654449463, 7.513724327087402, 5.227545261383057, 9.123058319091797, 7.7013959884643555, 8.974345207214355, 10.122884750366211, 14.557363510131836, 8.924349784851074, 13.92350959777832, 27.36139678955078, 70.70685577392578, 23.618305206298828, 20.924034118652344, 19.082195281982422, 15.38400936126709, 7.665239334106445, 6.513306140899658, 3.4106991291046143, 5.177551746368408, 2.939467668533325, 3.328585147857666, 2.2525129318237305, 2.5816142559051514, 4.428807735443115, 4.067547798156738, 2.916239023208618, 2.825706958770752, 1.540061593055725, 3.035576343536377, 4.033616065979004, 4.93229341506958, 1.7268494367599487, 2.121286153793335, 1.9385652542114258, 1.1514495611190796, 3.856544256210327, 2.0387122631073, 2.2298996448516846, 2.2790563106536865, 0.850510835647583, 0.908179521560669, 0.3516460657119751, 0.33108022809028625, 0.6652800440788269], "true": [120.0, 120.0, 120.0, 120.0, 120.0, 119.0, 118.0, 117.0, 116.0, 115.0, 114.0, 113.0, 112.0, 111.0, 110.0, 109.0, 108.0, 107.0, 106.0, 105.0, 104.0, 103.0, 102.0, 101.0, 100.0, 99.0, 98.0, 97.0, 96.0, 95.0, 94.0, 93.0, 92.0, 91.0, 90.0, 89.0, 88.0, 87.0, 86.0, 85.0, 84.0, 83.0, 82.0, 81.0, 80.0, 79.0, 78.0, 77.0, 76.0, 75.0, 74.0, 73.0, 72.0, 71.0, 70.0, 69.0, 68.0, 67.0, 66.0, 65.0, 64.0, 63.0, 62.0, 61.0, 60.0, 59.0, 58.0, 57.0, 56.0, 55.0, 54.0, 53.0, 52.0, 51.0, 50.0, 49.0, 48.0, 47.0, 46.0, 45.0, 44.0, 43.0, 42.0, 41.0, 40.0, 39.0, 38.0, 37.0, 36.0, 35.0, 34.0, 33.0, 32.0, 31.0, 30.0, 29.0, 28.0, 27.0, 26.0, 25.0, 24.0, 23.0, 22.0, 21.0, 20.0, 19.0, 18.0, 17.0, 16.0, 15.0, 14.0, 13.0, 12.0, 11.0, 10.0, 9.0, 8.0, 7.0, 6.0, 5.0, 4.0, 3.0, 2.0, 1.0, 0.0], "RMSE": 15.36}