{"mean": [117.743408203125, 118.86885833740234, 119.66731262207031, 121.08270263671875, 121.73890686035156, 121.0326919555664, 122.24532318115234, 122.1803970336914, 121.80352783203125, 120.79339599609375, 123.06546783447266, 120.0469970703125, 120.32698822021484, 119.73323822021484, 121.07376861572266, 119.35368347167969, 117.46165466308594, 117.00052642822266, 119.29273986816406, 117.5242691040039, 116.6439208984375, 117.58477783203125, 116.5977783203125, 115.6356201171875, 115.23902893066406, 115.53172302246094, 117.0439224243164, 116.97477722167969, 116.11002349853516, 116.25164794921875, 114.79947662353516, 114.4130859375, 115.54039001464844, 115.60963439941406, 113.5826416015625, 112.17436218261719, 110.19541931152344, 105.94404602050781, 104.08880615234375, 101.03143310546875, 97.5915298461914, 98.23676300048828, 97.43029022216797, 89.14861297607422, 87.23369598388672, 91.48543548583984, 90.06790924072266, 84.65150451660156, 87.04122161865234, 87.99485778808594, 85.45466613769531, 82.97492218017578, 78.30420684814453, 78.23296356201172, 75.2407455444336, 77.43919372558594, 69.29216003417969, 72.74116516113281, 68.39612579345703, 69.32533264160156, 72.93270111083984, 71.64686584472656, 70.27981567382812, 72.24342346191406, 67.20133209228516, 64.64740753173828, 60.107513427734375, 61.843109130859375, 62.80341339111328, 65.01383209228516, 66.50387573242188, 64.85322570800781, 70.78104400634766, 75.06609344482422, 82.08589172363281, 83.94477844238281, 81.72235107421875, 71.20801544189453, 70.64300537109375, 65.52616882324219, 64.82978820800781, 65.1302490234375, 57.77058792114258, 57.87049102783203, 53.79185104370117, 54.938819885253906, 55.388092041015625, 51.881072998046875, 51.662986755371094, 48.112300872802734, 46.04075622558594, 44.0279541015625, 45.265052795410156, 47.61433029174805, 47.04597854614258, 46.78398895263672, 46.2647705078125, 45.228370666503906, 45.9311637878418, 42.253692626953125, 39.369625091552734, 38.97060012817383, 32.86946105957031, 33.27204132080078, 27.631977081298828, 25.273265838623047, 24.655441284179688, 22.136417388916016, 23.027973175048828, 19.116106033325195, 18.855716705322266, 16.742733001708984, 15.58233642578125, 13.688858032226562, 14.36780834197998, 13.190362930297852, 12.931083679199219, 11.209020614624023, 11.691503524780273, 10.761170387268066, 8.225131034851074, 7.915164947509766, 6.264926433563232, 3.8506767749786377, 2.1593737602233887], "var": [24.51524543762207, 20.92300033569336, 27.644338607788086, 14.155043601989746, 6.952080726623535, 25.108787536621094, 21.714496612548828, 19.625829696655273, 23.645231246948242, 27.756784439086914, 14.042203903198242, 22.563535690307617, 24.33224868774414, 20.929372787475586, 20.331310272216797, 19.61300277709961, 19.17119789123535, 13.269457817077637, 26.697282791137695, 26.61251449584961, 7.94703483581543, 14.284158706665039, 15.032470703125, 14.60031509399414, 8.754225730895996, 17.15676498413086, 18.509456634521484, 9.660598754882812, 10.70566463470459, 24.753692626953125, 16.787565231323242, 26.23621940612793, 21.097328186035156, 25.333595275878906, 31.38515281677246, 35.66107940673828, 49.26633071899414, 69.60472869873047, 85.16838073730469, 62.32698440551758, 51.53590774536133, 34.40766143798828, 49.05413055419922, 58.63410568237305, 83.24067687988281, 81.45476531982422, 46.5844612121582, 73.19524383544922, 119.2533950805664, 74.5589370727539, 107.43497467041016, 85.37265014648438, 52.022911071777344, 91.46399688720703, 49.07691192626953, 81.39689636230469, 29.581615447998047, 68.36341094970703, 16.72372817993164, 31.364551544189453, 33.945068359375, 17.126632690429688, 8.554534912109375, 73.20413208007812, 23.76504898071289, 24.425086975097656, 10.643542289733887, 27.902048110961914, 22.499008178710938, 12.365209579467773, 28.146560668945312, 67.45392608642578, 59.05668640136719, 139.35145568847656, 156.6245574951172, 86.10999298095703, 197.6940460205078, 86.28646087646484, 79.62812805175781, 61.28694534301758, 43.06059265136719, 43.4560661315918, 43.66490936279297, 20.066097259521484, 18.233095169067383, 17.397953033447266, 36.260398864746094, 21.516170501708984, 7.5632500648498535, 7.614285945892334, 14.185873031616211, 5.460371971130371, 15.294539451599121, 9.846414566040039, 9.973457336425781, 32.279197692871094, 32.67706298828125, 20.545316696166992, 18.715984344482422, 25.031282424926758, 15.448091506958008, 13.40235710144043, 7.514895915985107, 15.191693305969238, 15.868154525756836, 7.194406986236572, 5.971146583557129, 4.146655559539795, 2.8979945182800293, 2.889772891998291, 3.2276878356933594, 2.5709969997406006, 2.758596420288086, 2.740466356277466, 2.0513079166412354, 2.3307228088378906, 2.1699795722961426, 0.8123818635940552, 0.9624093770980835, 1.3135610818862915, 1.4917938709259033, 2.217930793762207, 1.5734788179397583, 0.887867271900177, 0.6182925701141357], "true": [120.0, 120.0, 120.0, 120.0, 120.0, 119.0, 118.0, 117.0, 116.0, 115.0, 114.0, 113.0, 112.0, 111.0, 110.0, 109.0, 108.0, 107.0, 106.0, 105.0, 104.0, 103.0, 102.0, 101.0, 100.0, 99.0, 98.0, 97.0, 96.0, 95.0, 94.0, 93.0, 92.0, 91.0, 90.0, 89.0, 88.0, 87.0, 86.0, 85.0, 84.0, 83.0, 82.0, 81.0, 80.0, 79.0, 78.0, 77.0, 76.0, 75.0, 74.0, 73.0, 72.0, 71.0, 70.0, 69.0, 68.0, 67.0, 66.0, 65.0, 64.0, 63.0, 62.0, 61.0, 60.0, 59.0, 58.0, 57.0, 56.0, 55.0, 54.0, 53.0, 52.0, 51.0, 50.0, 49.0, 48.0, 47.0, 46.0, 45.0, 44.0, 43.0, 42.0, 41.0, 40.0, 39.0, 38.0, 37.0, 36.0, 35.0, 34.0, 33.0, 32.0, 31.0, 30.0, 29.0, 28.0, 27.0, 26.0, 25.0, 24.0, 23.0, 22.0, 21.0, 20.0, 19.0, 18.0, 17.0, 16.0, 15.0, 14.0, 13.0, 12.0, 11.0, 10.0, 9.0, 8.0, 7.0, 6.0, 5.0, 4.0, 3.0, 2.0, 1.0, 0.0], "RMSE": 13.91}