{"0": 12.371882438659668, "1": 12.629424095153809, "2": 16.69964027404785, "3": 22.501375198364258, "4": 15.350699424743652, "5": 16.35824203491211, "6": 18.846111297607422, "7": 21.865337371826172, "8": 16.085447311401367, "9": 19.833993911743164, "10": 20.290361404418945, "11": 26.140432357788086, "12": 22.979215621948242, "13": 23.688663482666016, "14": 25.566247940063477, "15": 20.620195388793945, "16": 27.763275146484375, "17": 21.299455642700195, "18": 25.13827133178711, "19": 30.50183868408203, "20": 19.364013671875, "21": 24.40913200378418, "22": 24.65483856201172, "23": 28.167802810668945, "24": 28.181480407714844, "25": 22.237075805664062, "26": 19.04686164855957, "27": 28.500831604003906, "28": 26.507822036743164, "29": 25.1146183013916, "30": 24.11967658996582, "31": 29.14203453063965, "32": 32.428524017333984, "33": 28.13018035888672, "34": 31.434309005737305, "35": 31.474924087524414, "36": 23.69539451599121, "37": 25.91514015197754, "38": 29.6378231048584, "39": 20.090232849121094, "40": 27.98094367980957, "41": 31.007104873657227, "42": 21.75395965576172, "43": 21.95941925048828, "44": 37.47432327270508, "45": 32.03420639038086, "46": 27.13072395324707, "47": 24.321041107177734, "48": 29.77836799621582, "49": 19.44515037536621, "50": 30.077510833740234, "51": 27.207979202270508, "52": 25.564504623413086, "53": 26.63978385925293, "54": 26.05057144165039, "55": 30.164365768432617, "56": 21.685298919677734, "57": 20.65545082092285, "58": 32.904048919677734, "59": 31.780658721923828, "60": 43.476158142089844, "61": 28.120298385620117, "62": 35.13676834106445, "63": 30.319448471069336, "64": 32.83192443847656, "65": 38.40449523925781, "66": 35.739742279052734, "67": 37.10751724243164, "68": 31.146333694458008, "69": 43.320823669433594, "70": 41.507606506347656, "71": 45.90102767944336, "72": 60.44260025024414, "73": 40.54898452758789, "74": 61.21030807495117, "75": 39.498695373535156, "76": 64.73164367675781, "77": 61.94032669067383, "78": 79.42072296142578, "79": 48.4310188293457, "80": 68.07220458984375, "81": 38.78533935546875, "82": 84.6103286743164, "83": 77.3766860961914, "84": 73.9478530883789, "85": 81.25141906738281, "86": 84.59587860107422, "87": 59.58075714111328, "88": 106.24388122558594, "89": 108.78876495361328, "90": 138.24411010742188, "91": 146.30067443847656, "92": 129.114501953125, "93": 103.52448272705078, "94": 195.43450927734375, "95": 167.1707763671875, "96": 172.396240234375, "97": 200.6710205078125, "98": 160.38223266601562, "99": 169.5931854248047, "100": 197.30677795410156, "101": 152.1731414794922, "102": 186.5778045654297, "103": 226.81446838378906, "104": 181.8626251220703, "105": 191.01255798339844, "106": 205.22560119628906, "107": 154.9089813232422, "108": 130.89419555664062, "109": 185.02450561523438, "110": 152.32275390625, "111": 152.32061767578125, "112": 162.5145263671875, "113": 134.3369903564453, "114": 139.5156707763672, "115": 121.62464141845703, "116": 130.9164581298828, "117": 142.39031982421875, "118": 134.4435272216797, "119": 115.73104858398438, "120": 108.69927215576172, "121": 106.7490463256836, "122": 82.13206481933594, "123": 112.15363311767578, "124": 95.49868774414062, "125": 99.52383422851562, "126": 96.77072143554688, "127": 87.69940185546875, "128": 65.327880859375, "129": 71.61811065673828, "130": 65.37968444824219, "131": 49.035491943359375, "132": 43.83729553222656, "133": 38.50387191772461, "134": 34.50569152832031, "135": 30.64081573486328, "136": 34.65593338012695, "137": 28.978322982788086, "138": 25.324954986572266, "139": 24.725175857543945, "140": 27.373395919799805, "141": 18.90880584716797, "142": 23.135122299194336, "143": 21.752561569213867, "144": 21.85895347595215, "145": 14.772082328796387, "146": 12.718667030334473, "147": 9.821070671081543, "148": 7.06959867477417, "149": 6.306835651397705, "150": 5.2575554847717285, "151": 7.203711032867432, "152": 4.128162384033203, "153": 3.7997560501098633, "154": 3.7511091232299805, "155": 3.458836317062378, "156": 2.984752655029297, "157": 2.9673023223876953, "158": 2.1979808807373047, "159": 2.2154998779296875, "160": 2.1586828231811523, "161": 2.014138698577881, "162": 1.8063284158706665, "163": 1.7511203289031982, "164": 1.2015587091445923, "165": 1.3574881553649902, "166": 1.505096197128296, "167": 1.4047569036483765, "168": 1.0888530015945435, "169": 0.8901842832565308, "170": 0.720157265663147, "171": 0.6903446316719055, "172": 0.8651584386825562, "173": 0.5684860348701477, "174": 0.5693139433860779, "175": 0.45931556820869446, "176": 0.4785630702972412, "177": 0.4573846459388733, "178": 0.42622506618499756, "179": 0.30034732818603516, "180": 0.3997696042060852, "181": 0.24714118242263794, "182": 0.2760142683982849, "183": 0.17307893931865692}