{"mean": [117.64607238769531, 114.0381851196289, 115.79276275634766, 115.6185531616211, 115.67497253417969, 117.42633056640625, 113.30290222167969, 114.3432388305664, 113.75502014160156, 114.4261474609375, 112.3895034790039, 111.7192611694336, 114.18180847167969, 114.89949035644531, 113.24021911621094, 111.52363586425781, 111.83720397949219, 110.71070861816406, 114.00465393066406, 114.20365142822266, 111.51387786865234, 111.06807708740234, 112.16825103759766, 112.0975570678711, 107.09889221191406, 107.616455078125, 112.42008972167969, 108.61720275878906, 107.45646667480469, 107.35234069824219, 107.97596740722656, 105.67607116699219, 106.72618103027344, 102.55355072021484, 106.82173919677734, 105.25777435302734, 108.41143798828125, 104.0160903930664, 103.08431243896484, 105.33198547363281, 99.7459945678711, 99.61097717285156, 95.93161010742188, 88.61549377441406, 100.48505401611328, 93.62725830078125, 93.49047088623047, 87.7681884765625, 90.36787414550781, 87.89178466796875, 89.85743713378906, 86.20761108398438, 83.59564208984375, 79.7073974609375, 77.08472442626953, 75.78392028808594, 79.27363586425781, 75.71739959716797, 76.11799621582031, 78.76376342773438, 65.98137664794922, 82.5904312133789, 69.5658950805664, 63.69716262817383, 71.33367156982422, 71.2431640625, 64.5266342163086, 66.49639129638672, 69.30874633789062, 66.10295104980469, 62.23387908935547, 59.13994216918945, 66.85765075683594, 60.31659698486328, 59.767127990722656, 60.763458251953125, 54.04667282104492, 57.77001190185547, 57.62495040893555, 60.6187629699707, 52.26696014404297, 53.93232345581055, 51.874359130859375, 49.23207473754883, 51.90515899658203, 47.036659240722656, 44.11912536621094, 42.704280853271484, 43.50114440917969, 41.568084716796875, 40.947322845458984, 40.15494155883789, 39.11801528930664, 37.74199295043945, 37.56724166870117, 36.07695770263672, 33.30962371826172, 33.90193557739258, 33.11452865600586, 32.630714416503906, 32.03131866455078, 31.3992919921875, 30.436588287353516, 28.80169677734375, 27.914905548095703, 26.913991928100586, 26.13214111328125, 24.928564071655273, 23.438119888305664, 22.854633331298828, 20.967899322509766, 19.57855987548828, 18.098674774169922, 17.39215087890625, 15.576753616333008, 15.006202697753906, 13.517080307006836, 12.169069290161133, 11.382177352905273, 9.22551155090332, 7.930895805358887, 7.288205146789551, 5.657488822937012, 4.410123348236084, 3.267885208129883, 2.844460964202881], "var": [16.79078483581543, 20.144338607788086, 8.037044525146484, 30.2992000579834, 14.26374626159668, 16.835182189941406, 28.66280746459961, 6.485607624053955, 33.35879898071289, 44.70259094238281, 20.726234436035156, 27.373746871948242, 22.66499900817871, 14.544137001037598, 36.31548309326172, 28.671783447265625, 19.827808380126953, 29.906381607055664, 17.621706008911133, 31.98927116394043, 21.0593204498291, 40.97956085205078, 6.030552387237549, 56.05460739135742, 60.22902297973633, 52.387943267822266, 20.750164031982422, 78.41141510009766, 68.84732818603516, 68.17390441894531, 41.522430419921875, 97.98664855957031, 97.33824157714844, 91.75779724121094, 95.31017303466797, 79.71815490722656, 91.69254302978516, 67.5181655883789, 192.71839904785156, 194.5248565673828, 189.47845458984375, 138.67510986328125, 184.2464141845703, 113.3608627319336, 37.717681884765625, 88.13306427001953, 117.5355453491211, 92.7537841796875, 196.17782592773438, 163.48374938964844, 146.2618865966797, 153.9617156982422, 115.99462890625, 182.5153350830078, 69.49761962890625, 74.29422760009766, 78.31246948242188, 188.8314208984375, 129.36325073242188, 175.29299926757812, 117.38316345214844, 312.6283264160156, 50.695735931396484, 24.42414093017578, 116.71530151367188, 89.27285766601562, 40.07574462890625, 117.6771011352539, 111.2204360961914, 136.0281982421875, 49.19519805908203, 42.727664947509766, 39.056060791015625, 109.36418914794922, 12.922979354858398, 82.47190856933594, 40.822364807128906, 73.72695922851562, 50.638336181640625, 105.96438598632812, 42.847442626953125, 50.64861297607422, 31.17804527282715, 17.277324676513672, 31.56674575805664, 8.067349433898926, 13.25767707824707, 17.867685317993164, 16.30555534362793, 14.089887619018555, 14.831219673156738, 12.425930976867676, 10.905925750732422, 6.74544095993042, 8.164192199707031, 8.763165473937988, 3.6634812355041504, 3.1695034503936768, 5.260776042938232, 3.735466241836548, 6.140714645385742, 6.843016147613525, 5.309215545654297, 2.027003765106201, 2.4622645378112793, 1.4335014820098877, 1.4812148809432983, 1.3741164207458496, 1.0387119054794312, 1.5656743049621582, 2.4060792922973633, 2.6129307746887207, 0.555362343788147, 1.0509270429611206, 0.39841970801353455, 0.7079589366912842, 0.4142145812511444, 0.19201353192329407, 1.1387302875518799, 0.4230349063873291, 0.4580255150794983, 0.768872082233429, 0.5990774035453796, 0.39393502473831177, 0.455558717250824, 0.3600623309612274], "true": [120.0, 120.0, 120.0, 120.0, 120.0, 120.0, 119.0, 118.0, 117.0, 116.0, 115.0, 114.0, 113.0, 112.0, 111.0, 110.0, 109.0, 108.0, 107.0, 106.0, 105.0, 104.0, 103.0, 102.0, 101.0, 100.0, 99.0, 98.0, 97.0, 96.0, 95.0, 94.0, 93.0, 92.0, 91.0, 90.0, 89.0, 88.0, 87.0, 86.0, 85.0, 84.0, 83.0, 82.0, 81.0, 80.0, 79.0, 78.0, 77.0, 76.0, 75.0, 74.0, 73.0, 72.0, 71.0, 70.0, 69.0, 68.0, 67.0, 66.0, 65.0, 64.0, 63.0, 62.0, 61.0, 60.0, 59.0, 58.0, 57.0, 56.0, 55.0, 54.0, 53.0, 52.0, 51.0, 50.0, 49.0, 48.0, 47.0, 46.0, 45.0, 44.0, 43.0, 42.0, 41.0, 40.0, 39.0, 38.0, 37.0, 36.0, 35.0, 34.0, 33.0, 32.0, 31.0, 30.0, 29.0, 28.0, 27.0, 26.0, 25.0, 24.0, 23.0, 22.0, 21.0, 20.0, 19.0, 18.0, 17.0, 16.0, 15.0, 14.0, 13.0, 12.0, 11.0, 10.0, 9.0, 8.0, 7.0, 6.0, 5.0, 4.0, 3.0, 2.0, 1.0, 0.0], "RMSE": 8.97}