{"mean": [113.29112243652344, 112.37617492675781, 113.9395523071289, 114.9470443725586, 112.0357894897461, 110.46464538574219, 110.29594421386719, 113.42952728271484, 108.94266510009766, 112.14448547363281, 106.38206481933594, 105.93353271484375, 98.98793029785156, 109.67472839355469, 102.71928405761719, 107.1348648071289, 100.37508392333984, 102.50068664550781, 102.90380859375, 98.64784240722656, 100.44447326660156, 100.40126037597656, 99.97200012207031, 95.23838806152344, 99.30281066894531, 99.37077331542969, 100.58345031738281, 94.96247100830078, 96.51322937011719, 95.29684448242188, 93.77021789550781, 90.99984741210938, 93.68193054199219, 93.59098815917969, 85.99028778076172, 90.04133605957031, 87.71111297607422, 81.2981185913086, 85.840576171875, 80.55640411376953, 83.51231384277344, 86.4327163696289, 80.06615447998047, 80.39383697509766, 79.95256042480469, 80.74771118164062, 73.7646484375, 75.08634948730469, 70.60236358642578, 73.43186950683594, 74.02945709228516, 68.34690856933594, 69.57127380371094, 67.4355697631836, 73.33499145507812, 66.91630554199219, 68.39820861816406, 64.91102600097656, 64.56047058105469, 61.28220748901367, 61.87017059326172, 59.785118103027344, 57.22748947143555, 58.0617790222168, 54.45671463012695, 53.76628494262695, 53.284568786621094, 49.05506134033203, 47.278846740722656, 47.627044677734375, 44.51161193847656, 44.68180847167969, 40.94746398925781, 41.33781814575195, 38.096832275390625, 37.24951934814453, 36.988121032714844, 35.12131881713867, 33.27562713623047, 31.1982421875, 31.965213775634766, 29.543716430664062, 29.07600975036621, 27.876628875732422, 25.42046546936035, 23.57473373413086, 24.53866958618164, 23.396621704101562, 21.707204818725586, 20.29253387451172, 19.218992233276367, 18.134754180908203, 16.840106964111328, 15.866098403930664, 14.478381156921387, 13.214860916137695, 12.001233100891113, 11.048471450805664, 10.270150184631348, 8.78709602355957, 7.4716057777404785, 5.726296424865723, 4.889893531799316, 3.570175886154175, 2.2566065788269043, 1.837485909461975], "var": [21.490406036376953, 27.345457077026367, 23.08753776550293, 38.47126007080078, 19.137670516967773, 20.538789749145508, 15.40953540802002, 22.799325942993164, 19.934350967407227, 29.64365005493164, 47.18426513671875, 36.49057388305664, 73.10203552246094, 65.7035903930664, 65.73229217529297, 77.14510345458984, 49.04560089111328, 121.32646942138672, 36.75701904296875, 203.74635314941406, 54.45878219604492, 43.4180793762207, 40.80437088012695, 61.2173957824707, 111.73387908935547, 67.05615997314453, 39.22920608520508, 90.18429565429688, 65.82676696777344, 158.98129272460938, 73.9560317993164, 94.95598602294922, 115.82913970947266, 37.129425048828125, 73.74059295654297, 82.50308990478516, 52.77216339111328, 148.76290893554688, 126.3358383178711, 100.08534240722656, 67.26142883300781, 69.29916381835938, 45.77300262451172, 84.92759704589844, 129.694091796875, 62.1890983581543, 37.922996520996094, 43.02859115600586, 57.43142318725586, 58.813316345214844, 81.46163940429688, 55.99192428588867, 47.86305236816406, 71.38450622558594, 86.61283111572266, 51.521446228027344, 34.67583465576172, 48.712982177734375, 45.56614685058594, 51.645477294921875, 65.83169555664062, 26.56346893310547, 19.94937515258789, 6.05344295501709, 44.68679428100586, 28.395553588867188, 13.118718147277832, 32.5131950378418, 23.851716995239258, 22.421762466430664, 15.337861061096191, 9.526351928710938, 12.397379875183105, 13.758369445800781, 10.542034149169922, 6.8132243156433105, 6.130055904388428, 4.279731750488281, 6.288973331451416, 4.357079029083252, 7.516258239746094, 4.147775650024414, 2.7046945095062256, 5.133421421051025, 1.6972944736480713, 2.0406014919281006, 2.0094187259674072, 1.7682892084121704, 3.052349328994751, 1.737331509590149, 1.6021233797073364, 1.2265369892120361, 0.41760528087615967, 0.45586076378822327, 0.9839045405387878, 0.46676692366600037, 0.5521007776260376, 0.4764047861099243, 0.8391321301460266, 0.4944322407245636, 0.18810391426086426, 0.13244375586509705, 0.27447056770324707, 0.34502363204956055, 0.2500554323196411, 0.4345279932022095], "true": [105.0, 104.0, 103.0, 102.0, 101.0, 100.0, 99.0, 98.0, 97.0, 96.0, 95.0, 94.0, 93.0, 92.0, 91.0, 90.0, 89.0, 88.0, 87.0, 86.0, 85.0, 84.0, 83.0, 82.0, 81.0, 80.0, 79.0, 78.0, 77.0, 76.0, 75.0, 74.0, 73.0, 72.0, 71.0, 70.0, 69.0, 68.0, 67.0, 66.0, 65.0, 64.0, 63.0, 62.0, 61.0, 60.0, 59.0, 58.0, 57.0, 56.0, 55.0, 54.0, 53.0, 52.0, 51.0, 50.0, 49.0, 48.0, 47.0, 46.0, 45.0, 44.0, 43.0, 42.0, 41.0, 40.0, 39.0, 38.0, 37.0, 36.0, 35.0, 34.0, 33.0, 32.0, 31.0, 30.0, 29.0, 28.0, 27.0, 26.0, 25.0, 24.0, 23.0, 22.0, 21.0, 20.0, 19.0, 18.0, 17.0, 16.0, 15.0, 14.0, 13.0, 12.0, 11.0, 10.0, 9.0, 8.0, 7.0, 6.0, 5.0, 4.0, 3.0, 2.0, 1.0, 0.0], "RMSE": 13.39}