{"mean": [121.85536193847656, 121.47813415527344, 118.59562683105469, 119.65164947509766, 120.0761489868164, 119.37520599365234, 122.22572326660156, 118.60298156738281, 120.1147232055664, 120.47297668457031, 119.27437591552734, 118.5222396850586, 120.35490417480469, 118.67170715332031, 118.68083190917969, 116.15129089355469, 117.61680603027344, 119.1217269897461, 115.35343933105469, 112.98854064941406, 111.3311767578125, 112.32572937011719, 114.6904525756836, 111.54315185546875, 115.61784362792969, 112.60372161865234, 109.56330871582031, 110.05079650878906, 111.1609115600586, 106.6330795288086, 108.23173522949219, 108.98175048828125, 106.04305267333984, 109.21745300292969, 104.01786041259766, 99.87051391601562, 100.85726928710938, 98.29327392578125, 93.0988540649414, 96.31437683105469, 93.83613586425781, 93.92666625976562, 93.8440170288086, 96.49324798583984, 91.66805267333984, 89.31372833251953, 90.78016662597656, 89.10254669189453, 81.25640106201172, 75.55938720703125, 83.0958251953125, 80.08241271972656, 82.59918212890625, 71.95409393310547, 76.01036071777344, 75.6020278930664, 72.87947082519531, 72.7058334350586, 72.85655975341797, 75.97733306884766, 74.65559387207031, 68.9939193725586, 63.62419891357422, 66.43841552734375, 67.80121612548828, 64.67943572998047, 61.987281799316406, 64.20057678222656, 55.368682861328125, 64.9957504272461, 60.347808837890625, 53.661903381347656, 60.03962326049805, 58.574607849121094, 58.418907165527344, 56.70996856689453, 56.61823272705078, 53.023887634277344, 52.357810974121094, 50.9490852355957, 51.249176025390625, 50.660743713378906, 48.335418701171875, 45.104557037353516, 45.56330490112305, 42.25780487060547, 42.82431411743164, 40.804176330566406, 39.64762878417969, 38.871429443359375, 35.229339599609375, 38.10973358154297, 36.407203674316406, 33.10487365722656, 33.290016174316406, 31.97186279296875, 33.03878402709961, 31.08749771118164, 29.15228271484375, 28.98252296447754, 27.210113525390625, 28.35970115661621, 25.870067596435547, 25.420732498168945, 23.752235412597656, 22.960247039794922, 21.570985794067383, 21.779321670532227, 20.068134307861328, 18.61328125, 17.963533401489258, 16.81533432006836, 16.057758331298828, 14.452855110168457, 14.099647521972656, 12.68468952178955, 11.199159622192383, 10.725085258483887, 9.887520790100098, 8.502939224243164, 7.576940059661865, 6.397881031036377, 4.9943084716796875, 3.6484298706054688, 2.71085524559021, 2.0139870643615723, 1.2197574377059937], "var": [19.27630615234375, 9.725292205810547, 20.73240089416504, 10.247658729553223, 16.11537742614746, 17.422338485717773, 5.834139347076416, 9.563246726989746, 12.49537181854248, 12.727410316467285, 13.91964054107666, 34.54570388793945, 9.756500244140625, 17.209529876708984, 36.446407318115234, 18.592756271362305, 5.788328647613525, 23.098676681518555, 4.431972026824951, 38.0551643371582, 20.817758560180664, 22.38128662109375, 22.832983016967773, 10.657999038696289, 22.886571884155273, 18.454782485961914, 19.175235748291016, 24.001893997192383, 53.71503448486328, 12.71124267578125, 43.56538391113281, 19.227962493896484, 39.27763366699219, 52.13106918334961, 66.38526916503906, 50.0624885559082, 69.47099304199219, 79.32075500488281, 128.84408569335938, 21.161972045898438, 86.14092254638672, 106.54637908935547, 64.32649230957031, 98.9018783569336, 134.00083923339844, 155.2329559326172, 143.3025665283203, 80.77498626708984, 84.36656188964844, 89.47557830810547, 114.32070922851562, 127.47879028320312, 133.20626831054688, 96.6986083984375, 79.01542663574219, 118.96308135986328, 118.2139892578125, 55.44173049926758, 109.10223388671875, 71.54093933105469, 59.12104797363281, 105.61707305908203, 93.12548828125, 174.91964721679688, 104.1292724609375, 54.321563720703125, 62.96945571899414, 62.16555404663086, 49.440338134765625, 52.87900161743164, 50.77930450439453, 45.8034553527832, 47.90582275390625, 32.36113357543945, 79.4441146850586, 43.21009826660156, 22.348644256591797, 24.207401275634766, 81.8564682006836, 16.40334701538086, 37.96567916870117, 31.424814224243164, 15.379673957824707, 28.622962951660156, 20.12792205810547, 13.581551551818848, 16.70357322692871, 24.26957893371582, 7.45585298538208, 6.290005683898926, 8.224230766296387, 3.930363655090332, 7.883500099182129, 4.772934913635254, 12.951871871948242, 9.178257942199707, 11.23305606842041, 6.952395915985107, 9.233327865600586, 9.18407154083252, 2.90226674079895, 7.107649803161621, 3.638916015625, 0.6887719631195068, 1.0671567916870117, 0.6832479238510132, 2.305685043334961, 1.9625897407531738, 0.8370445966720581, 0.5849145650863647, 1.655381679534912, 0.7846088409423828, 0.5028402805328369, 0.5238946676254272, 0.32742583751678467, 0.4243583381175995, 0.36319226026535034, 0.4976753890514374, 0.3277730345726013, 0.35132837295532227, 0.7804431915283203, 0.18672190606594086, 0.2641524374485016, 0.28530728816986084, 0.17966656386852264, 0.2850847542285919, 0.15135470032691956], "true": [120.0, 120.0, 120.0, 120.0, 120.0, 120.0, 120.0, 119.0, 118.0, 117.0, 116.0, 115.0, 114.0, 113.0, 112.0, 111.0, 110.0, 109.0, 108.0, 107.0, 106.0, 105.0, 104.0, 103.0, 102.0, 101.0, 100.0, 99.0, 98.0, 97.0, 96.0, 95.0, 94.0, 93.0, 92.0, 91.0, 90.0, 89.0, 88.0, 87.0, 86.0, 85.0, 84.0, 83.0, 82.0, 81.0, 80.0, 79.0, 78.0, 77.0, 76.0, 75.0, 74.0, 73.0, 72.0, 71.0, 70.0, 69.0, 68.0, 67.0, 66.0, 65.0, 64.0, 63.0, 62.0, 61.0, 60.0, 59.0, 58.0, 57.0, 56.0, 55.0, 54.0, 53.0, 52.0, 51.0, 50.0, 49.0, 48.0, 47.0, 46.0, 45.0, 44.0, 43.0, 42.0, 41.0, 40.0, 39.0, 38.0, 37.0, 36.0, 35.0, 34.0, 33.0, 32.0, 31.0, 30.0, 29.0, 28.0, 27.0, 26.0, 25.0, 24.0, 23.0, 22.0, 21.0, 20.0, 19.0, 18.0, 17.0, 16.0, 15.0, 14.0, 13.0, 12.0, 11.0, 10.0, 9.0, 8.0, 7.0, 6.0, 5.0, 4.0, 3.0, 2.0, 1.0, 0.0], "RMSE": 6.07}