{"mean": [115.38853454589844, 108.62892150878906, 110.64871978759766, 113.55406188964844, 110.34510803222656, 108.40763092041016, 106.51937103271484, 110.08123779296875, 107.81776428222656, 108.28050231933594, 110.11209869384766, 105.83724212646484, 102.07010650634766, 101.59184265136719, 103.0468521118164, 108.0755386352539, 103.2459945678711, 101.94342041015625, 103.67619323730469, 102.8470687866211, 97.5716781616211, 101.12846374511719, 101.35810852050781, 100.84603118896484, 102.31615447998047, 98.10850524902344, 100.96746826171875, 98.474853515625, 95.29798889160156, 100.86164855957031, 100.27772521972656, 96.24577331542969, 95.99169921875, 94.51410675048828, 90.75819396972656, 89.30201721191406, 89.310791015625, 87.78517150878906, 84.55747985839844, 81.7747802734375, 84.09365844726562, 88.38468170166016, 85.80315399169922, 90.8732681274414, 79.74388122558594, 82.99207305908203, 80.06829833984375, 78.16737365722656, 76.08049011230469, 78.72901916503906, 75.9088134765625, 75.82276153564453, 73.98501586914062, 69.29624938964844, 74.15643310546875, 75.17462158203125, 72.43976593017578, 68.21937561035156, 66.19182586669922, 64.3759536743164, 62.7768669128418, 56.60912322998047, 59.509300231933594, 58.11017608642578, 55.05071258544922, 55.318763732910156, 51.4987678527832, 51.64111328125, 48.91749954223633, 50.272342681884766, 47.78976058959961, 46.34352493286133, 43.35950469970703, 44.41265869140625, 42.71894073486328, 38.95612335205078, 39.55886459350586, 39.20477294921875, 36.422035217285156, 35.2194709777832, 34.96693801879883, 34.06711959838867, 33.18269729614258, 31.395822525024414, 29.027374267578125, 27.139984130859375, 27.112340927124023, 24.838451385498047, 23.21021270751953, 22.278156280517578, 20.330135345458984, 19.57216453552246, 17.353519439697266, 16.87141990661621, 14.998064041137695, 14.139004707336426, 12.678540229797363, 10.916766166687012, 10.439617156982422, 9.100870132446289, 7.901326656341553, 6.455437660217285, 5.643728733062744, 4.571666240692139, 3.03452730178833, 2.531940460205078], "var": [31.66693878173828, 102.67926788330078, 71.2213134765625, 54.740997314453125, 59.668155670166016, 27.932531356811523, 60.00750732421875, 69.11898040771484, 22.196840286254883, 30.095970153808594, 168.77084350585938, 116.08407592773438, 67.26465606689453, 71.96556854248047, 93.2817611694336, 66.63288879394531, 87.08390045166016, 121.64881896972656, 73.68547058105469, 148.97300720214844, 104.48353576660156, 129.32559204101562, 65.70069122314453, 67.9997787475586, 175.4058074951172, 61.58844757080078, 224.53131103515625, 106.1022720336914, 235.20909118652344, 113.68242645263672, 51.89785385131836, 45.315223693847656, 193.65377807617188, 135.6782989501953, 105.28377532958984, 74.19449615478516, 161.10671997070312, 171.00506591796875, 146.0214080810547, 138.3296356201172, 109.33980560302734, 123.51050567626953, 136.48013305664062, 137.44305419921875, 78.18286895751953, 79.72696685791016, 81.88553619384766, 141.824462890625, 103.58258056640625, 127.64691925048828, 112.67887878417969, 98.53411865234375, 103.4651107788086, 63.7266731262207, 74.68814849853516, 74.47743225097656, 33.782779693603516, 44.64710235595703, 58.976768493652344, 14.880459785461426, 44.53558349609375, 17.595300674438477, 22.009151458740234, 52.40346145629883, 54.80549240112305, 58.74345779418945, 25.926166534423828, 27.19426918029785, 38.309261322021484, 33.32904052734375, 16.596237182617188, 27.852479934692383, 16.457582473754883, 14.266630172729492, 4.077415943145752, 5.957825660705566, 11.892402648925781, 4.627495288848877, 9.383363723754883, 5.643257141113281, 11.392038345336914, 5.4040985107421875, 2.3731143474578857, 7.376309394836426, 2.252366781234741, 2.2277331352233887, 3.765822410583496, 1.3191066980361938, 2.322296380996704, 1.299538254737854, 1.331355094909668, 1.573453426361084, 0.6442241668701172, 0.8920183181762695, 0.7161791324615479, 0.8793134689331055, 0.5384295582771301, 0.5106887817382812, 0.7465130686759949, 0.36177438497543335, 0.6176808476448059, 0.27081921696662903, 0.5400610566139221, 0.6927090883255005, 0.2007133662700653, 0.9590162038803101], "true": [105.0, 104.0, 103.0, 102.0, 101.0, 100.0, 99.0, 98.0, 97.0, 96.0, 95.0, 94.0, 93.0, 92.0, 91.0, 90.0, 89.0, 88.0, 87.0, 86.0, 85.0, 84.0, 83.0, 82.0, 81.0, 80.0, 79.0, 78.0, 77.0, 76.0, 75.0, 74.0, 73.0, 72.0, 71.0, 70.0, 69.0, 68.0, 67.0, 66.0, 65.0, 64.0, 63.0, 62.0, 61.0, 60.0, 59.0, 58.0, 57.0, 56.0, 55.0, 54.0, 53.0, 52.0, 51.0, 50.0, 49.0, 48.0, 47.0, 46.0, 45.0, 44.0, 43.0, 42.0, 41.0, 40.0, 39.0, 38.0, 37.0, 36.0, 35.0, 34.0, 33.0, 32.0, 31.0, 30.0, 29.0, 28.0, 27.0, 26.0, 25.0, 24.0, 23.0, 22.0, 21.0, 20.0, 19.0, 18.0, 17.0, 16.0, 15.0, 14.0, 13.0, 12.0, 11.0, 10.0, 9.0, 8.0, 7.0, 6.0, 5.0, 4.0, 3.0, 2.0, 1.0, 0.0], "RMSE": 15.25}