{"mean": [121.72843933105469, 121.8197021484375, 121.25599670410156, 119.25917053222656, 121.69781494140625, 121.4837417602539, 121.59580993652344, 119.1606216430664, 120.1637191772461, 118.07014465332031, 119.7917709350586, 118.4053726196289, 119.55218505859375, 118.0247573852539, 119.22776794433594, 118.9986343383789, 117.58089447021484, 116.68315124511719, 111.28181457519531, 113.50777435302734, 112.70469665527344, 111.98258209228516, 114.43961334228516, 112.1513442993164, 112.3838882446289, 112.55207824707031, 108.36289978027344, 108.7959213256836, 103.83992004394531, 104.9884033203125, 103.21234130859375, 104.60127258300781, 105.31535339355469, 107.51402282714844, 105.49385070800781, 102.88687896728516, 93.7105712890625, 99.93372344970703, 96.27677154541016, 99.47831726074219, 94.40074920654297, 100.0355224609375, 92.4314193725586, 94.56526184082031, 93.4433364868164, 96.91411590576172, 92.07315826416016, 90.83741760253906, 89.74220275878906, 78.97715759277344, 88.13847351074219, 80.29557800292969, 85.77984619140625, 79.46610260009766, 81.73716735839844, 77.63138580322266, 80.95668029785156, 72.68846893310547, 76.27445220947266, 73.06922912597656, 77.03363800048828, 71.26222229003906, 65.67082214355469, 73.41123962402344, 66.08670043945312, 73.47808837890625, 66.41532897949219, 68.98320007324219, 65.04002380371094, 65.83241271972656, 61.58831024169922, 57.79851150512695, 60.681121826171875, 61.8350715637207, 55.7397575378418, 59.38581466674805, 57.097198486328125, 55.6346435546875, 50.495330810546875, 49.59758377075195, 48.33745574951172, 50.41438293457031, 46.322166442871094, 47.1751823425293, 45.84788131713867, 44.483211517333984, 43.707035064697266, 42.104209899902344, 41.70488739013672, 41.81312561035156, 37.63654327392578, 39.47444534301758, 39.41062927246094, 35.36366653442383, 35.40532684326172, 35.14552688598633, 36.21677017211914, 34.895774841308594, 32.22396469116211, 31.676443099975586, 30.079458236694336, 31.548694610595703, 28.06731605529785, 26.902999877929688, 25.388568878173828, 24.618144989013672, 23.434001922607422, 22.544818878173828, 20.854183197021484, 19.17508316040039, 18.181318283081055, 17.33084487915039, 16.375452041625977, 15.022242546081543, 13.867240905761719, 12.712522506713867, 11.328351020812988, 10.821612358093262, 9.80229663848877, 8.873672485351562, 7.502120018005371, 6.453563690185547, 5.324623107910156, 4.172146797180176, 2.774291515350342, 2.3946309089660645, 1.5214515924453735], "var": [29.366439819335938, 19.95924186706543, 13.272929191589355, 25.475955963134766, 8.49350357055664, 9.066536903381348, 7.052865505218506, 9.513874053955078, 12.026371002197266, 52.28843307495117, 24.834144592285156, 20.12029457092285, 23.493316650390625, 15.988152503967285, 28.76893424987793, 19.41759490966797, 25.5352840423584, 32.34354019165039, 12.725539207458496, 78.1125717163086, 56.71670913696289, 46.24283218383789, 16.31887435913086, 41.1802978515625, 61.29888916015625, 30.69849395751953, 70.02386474609375, 81.6411361694336, 109.83418273925781, 38.80895233154297, 134.33755493164062, 140.33737182617188, 101.70285034179688, 114.66975402832031, 92.51477813720703, 195.87474060058594, 195.90768432617188, 79.18414306640625, 114.8145751953125, 157.55531311035156, 140.9437713623047, 141.74925231933594, 92.49445343017578, 197.9384002685547, 155.25137329101562, 80.76115417480469, 41.667579650878906, 145.67608642578125, 161.6389923095703, 77.81407165527344, 132.2406768798828, 150.8320770263672, 122.0638198852539, 140.75021362304688, 149.6144561767578, 100.3656005859375, 101.2933120727539, 143.55307006835938, 157.86428833007812, 62.148746490478516, 93.48302459716797, 77.0958251953125, 53.246726989746094, 178.09115600585938, 23.43314552307129, 113.81989288330078, 19.029579162597656, 72.60065460205078, 43.34189987182617, 66.87226867675781, 65.69437408447266, 50.937313079833984, 49.79386901855469, 94.36661529541016, 26.884443283081055, 32.23080825805664, 48.87504577636719, 20.78232765197754, 38.41016387939453, 32.68627166748047, 28.59916114807129, 30.240381240844727, 4.200429916381836, 15.487719535827637, 25.178804397583008, 17.545528411865234, 14.214244842529297, 21.27704620361328, 27.830156326293945, 12.414823532104492, 8.487727165222168, 9.489359855651855, 6.006341457366943, 5.071700096130371, 8.627761840820312, 9.355035781860352, 12.39332103729248, 16.280031204223633, 11.153656005859375, 10.440590858459473, 3.427605390548706, 6.238439083099365, 3.3400630950927734, 2.7487266063690186, 1.803784728050232, 1.7410094738006592, 4.421179294586182, 1.2516611814498901, 0.607157289981842, 1.2528183460235596, 0.9329933524131775, 0.6610643863677979, 0.09013066440820694, 0.5520754456520081, 0.6635488271713257, 0.6101062297821045, 0.8363112807273865, 0.9164869785308838, 0.47317323088645935, 0.45885875821113586, 0.265093058347702, 0.4807097315788269, 0.2424856275320053, 0.18223394453525543, 0.2749675214290619, 0.21904730796813965, 0.11258713155984879], "true": [120.0, 120.0, 120.0, 120.0, 120.0, 120.0, 120.0, 119.0, 118.0, 117.0, 116.0, 115.0, 114.0, 113.0, 112.0, 111.0, 110.0, 109.0, 108.0, 107.0, 106.0, 105.0, 104.0, 103.0, 102.0, 101.0, 100.0, 99.0, 98.0, 97.0, 96.0, 95.0, 94.0, 93.0, 92.0, 91.0, 90.0, 89.0, 88.0, 87.0, 86.0, 85.0, 84.0, 83.0, 82.0, 81.0, 80.0, 79.0, 78.0, 77.0, 76.0, 75.0, 74.0, 73.0, 72.0, 71.0, 70.0, 69.0, 68.0, 67.0, 66.0, 65.0, 64.0, 63.0, 62.0, 61.0, 60.0, 59.0, 58.0, 57.0, 56.0, 55.0, 54.0, 53.0, 52.0, 51.0, 50.0, 49.0, 48.0, 47.0, 46.0, 45.0, 44.0, 43.0, 42.0, 41.0, 40.0, 39.0, 38.0, 37.0, 36.0, 35.0, 34.0, 33.0, 32.0, 31.0, 30.0, 29.0, 28.0, 27.0, 26.0, 25.0, 24.0, 23.0, 22.0, 21.0, 20.0, 19.0, 18.0, 17.0, 16.0, 15.0, 14.0, 13.0, 12.0, 11.0, 10.0, 9.0, 8.0, 7.0, 6.0, 5.0, 4.0, 3.0, 2.0, 1.0, 0.0], "RMSE": 6.88}