{"mean": [114.9739761352539, 115.43619537353516, 116.23482513427734, 117.39892578125, 115.0784683227539, 118.90431213378906, 110.8942642211914, 110.779052734375, 114.06532287597656, 112.5965347290039, 112.66922760009766, 111.5283203125, 113.48545837402344, 114.6579360961914, 110.081787109375, 114.2469711303711, 110.91365051269531, 109.39163970947266, 115.08830261230469, 114.29007720947266, 112.19512939453125, 114.5891342163086, 112.3769760131836, 112.54166412353516, 106.9828872680664, 106.82868957519531, 115.14988708496094, 108.25203704833984, 107.98121643066406, 106.58082580566406, 109.51622009277344, 108.24156188964844, 108.52326965332031, 107.08964538574219, 108.24603271484375, 101.1298599243164, 104.27168273925781, 98.63673400878906, 104.1993637084961, 107.31242370605469, 93.6690902709961, 101.18863677978516, 99.99827575683594, 97.09864807128906, 100.95758819580078, 96.90985107421875, 93.70760345458984, 88.19514465332031, 94.2142562866211, 92.96121215820312, 88.12360382080078, 93.13661193847656, 83.99790954589844, 78.55976867675781, 85.4814453125, 90.55223083496094, 82.46092987060547, 83.38423156738281, 81.97930908203125, 77.02847290039062, 71.94438934326172, 79.94905853271484, 70.79228210449219, 69.3418197631836, 75.46548461914062, 81.42935943603516, 69.9886474609375, 76.88605499267578, 70.48719787597656, 78.99821472167969, 68.79064178466797, 69.77094268798828, 68.65336608886719, 64.11354064941406, 63.1021728515625, 62.457054138183594, 61.82133865356445, 58.79169845581055, 56.68900680541992, 61.20509719848633, 51.32691192626953, 52.96002197265625, 50.73778533935547, 48.736480712890625, 49.70319366455078, 46.34200668334961, 44.5653190612793, 45.551414489746094, 44.30601501464844, 44.013938903808594, 42.51023864746094, 42.328125, 40.1271858215332, 39.51068878173828, 38.34083938598633, 38.19668197631836, 37.11811447143555, 38.400054931640625, 35.68267059326172, 37.391395568847656, 35.027244567871094, 34.20991516113281, 32.74169158935547, 32.59368133544922, 30.877933502197266, 29.615234375, 28.35061264038086, 26.8196964263916, 25.12343978881836, 23.558216094970703, 22.662607192993164, 21.160539627075195, 18.76765251159668, 18.07619857788086, 16.546377182006836, 15.083223342895508, 13.624200820922852, 11.886754035949707, 11.109395980834961, 9.105127334594727, 7.896650791168213, 7.21416711807251, 5.66534423828125, 4.460314750671387, 3.5711913108825684, 2.998633623123169], "var": [30.99837303161621, 24.039106369018555, 3.625319719314575, 32.18968963623047, 19.555482864379883, 41.41658401489258, 58.4483642578125, 38.9093017578125, 44.90325927734375, 39.66168212890625, 38.51420974731445, 107.11602783203125, 44.13268280029297, 27.539640426635742, 103.41233825683594, 48.680728912353516, 13.451680183410645, 84.54716491699219, 73.73360443115234, 46.533531188964844, 17.39603042602539, 29.113834381103516, 60.12147521972656, 67.3877944946289, 103.44906616210938, 95.36338806152344, 15.404069900512695, 112.04594421386719, 66.3580093383789, 111.5395278930664, 46.80014419555664, 70.339599609375, 147.05569458007812, 130.55174255371094, 122.59724426269531, 106.34297943115234, 98.11526489257812, 244.5945587158203, 270.6376037597656, 86.97801971435547, 269.4672546386719, 95.66925048828125, 262.5343322753906, 125.3690185546875, 149.551513671875, 203.88755798339844, 237.4219970703125, 100.3887939453125, 204.87258911132812, 142.29769897460938, 187.25753784179688, 163.51751708984375, 99.07099151611328, 120.75292205810547, 191.22384643554688, 167.9514923095703, 165.96568298339844, 135.46551513671875, 85.7971420288086, 150.59451293945312, 145.91873168945312, 239.71896362304688, 177.63735961914062, 156.55905151367188, 215.42831420898438, 128.853759765625, 64.07007598876953, 95.45677185058594, 109.84103393554688, 61.803314208984375, 75.63700103759766, 96.99579620361328, 70.16724395751953, 64.9552001953125, 19.135347366333008, 55.975494384765625, 66.39253234863281, 49.20975112915039, 76.1696548461914, 30.5393123626709, 56.31511306762695, 17.61480140686035, 16.118274688720703, 9.399540901184082, 31.874996185302734, 18.39142608642578, 19.52053451538086, 21.718305587768555, 19.95478630065918, 10.564271926879883, 8.945901870727539, 7.044773101806641, 14.044803619384766, 15.737942695617676, 4.48246955871582, 4.510828018188477, 3.7867372035980225, 5.5304765701293945, 2.2899136543273926, 6.054295063018799, 7.0116753578186035, 5.860749244689941, 2.5937249660491943, 2.634478807449341, 4.305909633636475, 1.054426908493042, 6.403949737548828, 1.9999151229858398, 1.7922313213348389, 0.47009918093681335, 1.7554428577423096, 2.0073068141937256, 1.2919296026229858, 0.9475260972976685, 0.6029714345932007, 1.6853797435760498, 0.6618282794952393, 0.18165001273155212, 0.28294816613197327, 0.48585084080696106, 0.4360974133014679, 0.3732631206512451, 0.22760017216205597, 0.4401273727416992, 0.35069039463996887, 0.13850143551826477], "true": [120.0, 120.0, 120.0, 120.0, 120.0, 120.0, 119.0, 118.0, 117.0, 116.0, 115.0, 114.0, 113.0, 112.0, 111.0, 110.0, 109.0, 108.0, 107.0, 106.0, 105.0, 104.0, 103.0, 102.0, 101.0, 100.0, 99.0, 98.0, 97.0, 96.0, 95.0, 94.0, 93.0, 92.0, 91.0, 90.0, 89.0, 88.0, 87.0, 86.0, 85.0, 84.0, 83.0, 82.0, 81.0, 80.0, 79.0, 78.0, 77.0, 76.0, 75.0, 74.0, 73.0, 72.0, 71.0, 70.0, 69.0, 68.0, 67.0, 66.0, 65.0, 64.0, 63.0, 62.0, 61.0, 60.0, 59.0, 58.0, 57.0, 56.0, 55.0, 54.0, 53.0, 52.0, 51.0, 50.0, 49.0, 48.0, 47.0, 46.0, 45.0, 44.0, 43.0, 42.0, 41.0, 40.0, 39.0, 38.0, 37.0, 36.0, 35.0, 34.0, 33.0, 32.0, 31.0, 30.0, 29.0, 28.0, 27.0, 26.0, 25.0, 24.0, 23.0, 22.0, 21.0, 20.0, 19.0, 18.0, 17.0, 16.0, 15.0, 14.0, 13.0, 12.0, 11.0, 10.0, 9.0, 8.0, 7.0, 6.0, 5.0, 4.0, 3.0, 2.0, 1.0, 0.0], "RMSE": 10.89}