{"mean": [121.0981674194336, 119.45035552978516, 120.43269348144531, 120.51881408691406, 121.00196838378906, 122.12664794921875, 120.9176025390625, 121.29795837402344, 120.59442138671875, 119.16505432128906, 119.61479187011719, 118.5979995727539, 121.01078033447266, 119.6991958618164, 120.59272766113281, 119.60135650634766, 118.17472076416016, 118.81046295166016, 119.38253021240234, 120.07049560546875, 119.09379577636719, 120.32548522949219, 119.6072998046875, 119.93961334228516, 118.91641998291016, 119.74690246582031, 120.28718566894531, 121.57939147949219, 119.91236877441406, 121.39481353759766, 119.88050842285156, 118.8577880859375, 117.75465393066406, 119.19073486328125, 117.76654052734375, 118.54368591308594, 119.53157043457031, 117.94609069824219, 117.09712219238281, 118.330078125, 113.39337158203125, 115.27767181396484, 114.16268157958984, 115.05274963378906, 113.02197265625, 111.90861511230469, 111.49217224121094, 108.42790222167969, 110.28153991699219, 110.2037353515625, 107.39485168457031, 107.01202392578125, 105.37153625488281, 104.20947265625, 97.29029846191406, 100.2587890625, 94.23385620117188, 86.29570007324219, 79.16810607910156, 80.07775115966797, 88.05449676513672, 91.81983947753906, 82.46356964111328, 89.84489440917969, 88.06631469726562, 78.21839141845703, 79.50060272216797, 87.42570495605469, 89.73472595214844, 89.76436614990234, 88.88495635986328, 92.23204803466797, 86.40258026123047, 85.2326889038086, 79.13604736328125, 80.0895004272461, 88.74266052246094, 82.79942321777344, 75.55342102050781, 80.27950286865234, 66.3003158569336, 69.92371368408203, 62.425682067871094, 53.504638671875, 48.374080657958984, 44.79513168334961, 42.15541458129883, 41.448707580566406, 37.031585693359375, 35.79765701293945, 36.81938934326172, 35.45674514770508, 33.621376037597656, 33.67182159423828, 35.110965728759766, 29.707250595092773, 28.830150604248047, 32.17308807373047, 33.82720947265625, 35.92579650878906, 34.34960174560547, 33.82659912109375, 31.36993408203125, 27.76238441467285, 27.414569854736328, 26.780879974365234, 25.3000545501709, 25.513397216796875, 22.183208465576172, 25.049787521362305, 22.869176864624023, 22.359745025634766, 22.94095802307129, 21.525564193725586, 19.313444137573242, 13.686555862426758, 14.122108459472656, 11.825078964233398, 9.74169921875, 7.104731559753418, 6.317980766296387, 5.719733715057373, 4.636316299438477, 4.354466915130615, 3.2906079292297363, 2.423011064529419], "var": [13.542038917541504, 10.751229286193848, 2.8237903118133545, 15.118796348571777, 9.270692825317383, 9.167251586914062, 7.338172435760498, 7.889573574066162, 12.184250831604004, 11.559409141540527, 9.986764907836914, 7.665371894836426, 9.671157836914062, 11.709354400634766, 17.107393264770508, 8.062494277954102, 9.665727615356445, 16.777585983276367, 11.832145690917969, 10.64249038696289, 16.618955612182617, 6.280575752258301, 7.52954626083374, 15.9325532913208, 11.907472610473633, 11.75105094909668, 2.1760780811309814, 5.998890399932861, 5.802109241485596, 2.20959210395813, 11.327363014221191, 16.257251739501953, 6.672817230224609, 8.571211814880371, 11.262206077575684, 4.72313117980957, 13.727315902709961, 11.381590843200684, 9.187453269958496, 23.53743553161621, 3.2423834800720215, 21.54444122314453, 17.515636444091797, 16.99050521850586, 10.880480766296387, 27.358789443969727, 8.501579284667969, 18.532184600830078, 23.78561019897461, 4.20055627822876, 12.901983261108398, 66.2933349609375, 27.498058319091797, 38.76982116699219, 10.970322608947754, 24.1470947265625, 69.82441711425781, 119.60936737060547, 27.929662704467773, 42.13069152832031, 55.85692596435547, 154.3035888671875, 93.6404037475586, 88.02999877929688, 104.49608612060547, 130.71165466308594, 23.602502822875977, 77.93572235107422, 17.766822814941406, 62.728271484375, 85.39920806884766, 46.65669250488281, 116.81306457519531, 100.46450805664062, 253.8285369873047, 160.99705505371094, 24.808353424072266, 110.88507843017578, 168.37660217285156, 87.8367919921875, 119.28800201416016, 94.71405792236328, 164.3511962890625, 68.38285827636719, 37.727325439453125, 31.385316848754883, 6.407070159912109, 4.950857162475586, 3.48067307472229, 5.791693210601807, 8.939926147460938, 5.304935455322266, 4.941278457641602, 7.753051280975342, 14.47319507598877, 10.017256736755371, 5.628969192504883, 11.070316314697266, 17.038654327392578, 16.14211082458496, 20.422473907470703, 7.5703301429748535, 5.411160469055176, 4.788288593292236, 5.608608722686768, 7.719913005828857, 5.824996471405029, 3.078338384628296, 9.928962707519531, 7.141531944274902, 3.9599618911743164, 9.685450553894043, 3.062851667404175, 1.1264053583145142, 5.1864800453186035, 1.6677864789962769, 0.9787408113479614, 0.8300656676292419, 1.455179214477539, 0.34745970368385315, 0.42962846159935, 0.4068169593811035, 0.7183120846748352, 0.32421451807022095, 0.19746112823486328, 0.16867810487747192], "true": [120.0, 120.0, 120.0, 120.0, 120.0, 120.0, 119.0, 118.0, 117.0, 116.0, 115.0, 114.0, 113.0, 112.0, 111.0, 110.0, 109.0, 108.0, 107.0, 106.0, 105.0, 104.0, 103.0, 102.0, 101.0, 100.0, 99.0, 98.0, 97.0, 96.0, 95.0, 94.0, 93.0, 92.0, 91.0, 90.0, 89.0, 88.0, 87.0, 86.0, 85.0, 84.0, 83.0, 82.0, 81.0, 80.0, 79.0, 78.0, 77.0, 76.0, 75.0, 74.0, 73.0, 72.0, 71.0, 70.0, 69.0, 68.0, 67.0, 66.0, 65.0, 64.0, 63.0, 62.0, 61.0, 60.0, 59.0, 58.0, 57.0, 56.0, 55.0, 54.0, 53.0, 52.0, 51.0, 50.0, 49.0, 48.0, 47.0, 46.0, 45.0, 44.0, 43.0, 42.0, 41.0, 40.0, 39.0, 38.0, 37.0, 36.0, 35.0, 34.0, 33.0, 32.0, 31.0, 30.0, 29.0, 28.0, 27.0, 26.0, 25.0, 24.0, 23.0, 22.0, 21.0, 20.0, 19.0, 18.0, 17.0, 16.0, 15.0, 14.0, 13.0, 12.0, 11.0, 10.0, 9.0, 8.0, 7.0, 6.0, 5.0, 4.0, 3.0, 2.0, 1.0, 0.0], "RMSE": 20.2}