{"mean": [116.5970458984375, 118.3476791381836, 116.81072998046875, 118.56278228759766, 118.54399108886719, 119.71659851074219, 119.67327880859375, 113.8619384765625, 114.91572570800781, 116.5033187866211, 113.95985412597656, 117.32398986816406, 115.66961669921875, 111.49613952636719, 111.72499084472656, 110.85520935058594, 109.02198791503906, 110.33480072021484, 109.74940490722656, 110.52433013916016, 111.8301773071289, 105.26385498046875, 101.94469451904297, 101.4297103881836, 101.84748840332031, 100.28824615478516, 100.73802185058594, 101.23460388183594, 106.73548889160156, 108.34625244140625, 110.1327896118164, 105.2546615600586, 102.32789611816406, 95.67500305175781, 89.15109252929688, 96.8091812133789, 90.63819122314453, 99.34456634521484, 100.04027557373047, 92.56214904785156, 89.50911712646484, 90.91057586669922, 89.71683502197266, 83.88848876953125, 88.79399108886719, 91.88375091552734, 92.11209869384766, 87.70333862304688, 84.31340789794922, 77.67724609375, 77.02702331542969, 67.5621337890625, 68.16118621826172, 69.11568450927734, 71.11172485351562, 72.46604919433594, 73.84414672851562, 68.1667709350586, 67.02716827392578, 67.33561706542969, 71.13004302978516, 64.25668334960938, 59.46154022216797, 58.86069869995117, 64.02958679199219, 58.379608154296875, 60.36075973510742, 58.4342041015625, 57.726654052734375, 54.654808044433594, 55.65120315551758, 53.078460693359375, 49.26692581176758, 48.38719940185547, 54.38130569458008, 52.30781173706055, 48.617332458496094, 44.249576568603516, 46.29277038574219, 40.07318878173828, 42.556983947753906, 40.0885009765625, 41.28081130981445, 39.80706787109375, 40.8742561340332, 37.385704040527344, 44.1949348449707, 42.85396194458008, 39.06175994873047, 35.79191207885742, 34.33245849609375, 31.532085418701172, 29.31998062133789, 34.79518508911133, 36.006046295166016, 34.840187072753906, 32.466678619384766, 30.964923858642578, 33.335594177246094, 31.42472267150879, 26.40621566772461, 24.697856903076172, 31.264373779296875, 28.333087921142578, 27.30569076538086, 26.639495849609375, 21.397539138793945, 23.244388580322266, 20.32037353515625, 19.234180450439453, 16.361766815185547, 14.114109992980957, 14.671762466430664, 12.083467483520508, 11.691366195678711, 10.876489639282227, 12.028862953186035, 8.028411865234375, 6.632086277008057, 8.648782730102539, 5.742613792419434, 4.512561798095703, 3.2262160778045654, 3.205435276031494, 2.7188687324523926, 2.0123140811920166, 1.9098193645477295], "var": [18.242624282836914, 5.516068458557129, 19.868520736694336, 8.550516128540039, 7.484218120574951, 5.8166069984436035, 21.17812156677246, 34.615604400634766, 23.710838317871094, 24.129098892211914, 10.25643539428711, 18.039031982421875, 4.8874053955078125, 11.634803771972656, 20.08144760131836, 15.557760238647461, 15.660271644592285, 30.90328598022461, 22.963668823242188, 17.493642807006836, 29.5211124420166, 24.112781524658203, 40.377193450927734, 14.676783561706543, 28.776615142822266, 8.887482643127441, 25.85523223876953, 54.90888595581055, 55.6268196105957, 17.209728240966797, 67.1235580444336, 20.291126251220703, 39.43539047241211, 48.94430923461914, 46.89175796508789, 51.0572395324707, 52.99946212768555, 102.94440460205078, 34.405555725097656, 23.472209930419922, 48.37625503540039, 21.362844467163086, 94.1495132446289, 38.202144622802734, 125.09928131103516, 146.9293975830078, 79.86759948730469, 27.777963638305664, 58.93971633911133, 78.43368530273438, 25.4008731842041, 30.814922332763672, 19.272235870361328, 18.174884796142578, 29.671632766723633, 26.22064208984375, 56.54795837402344, 60.636375427246094, 48.92805099487305, 19.57246971130371, 39.09492492675781, 30.376062393188477, 12.28150463104248, 26.06954002380371, 14.300272941589355, 3.0228023529052734, 25.92868423461914, 11.590314865112305, 18.267168045043945, 12.015886306762695, 16.474767684936523, 7.558820724487305, 10.612512588500977, 2.6074092388153076, 8.448372840881348, 9.167204856872559, 4.6789751052856445, 9.298027992248535, 9.354165077209473, 4.184161186218262, 16.293354034423828, 6.242818832397461, 11.036458969116211, 4.882022857666016, 9.998396873474121, 10.374160766601562, 3.6397457122802734, 18.839262008666992, 4.865001201629639, 12.75908088684082, 12.19145679473877, 4.185093402862549, 1.7394094467163086, 7.0550923347473145, 4.11192512512207, 3.069959878921509, 5.699130058288574, 8.299751281738281, 2.1915059089660645, 6.935332775115967, 3.7569022178649902, 3.6923751831054688, 2.535660743713379, 7.02800178527832, 5.111794948577881, 2.2928307056427, 3.6885480880737305, 8.796226501464844, 2.732978343963623, 5.419761657714844, 2.30900239944458, 1.0092145204544067, 0.7371403574943542, 2.5253522396087646, 1.2655129432678223, 1.2318252325057983, 1.7224689722061157, 1.3002784252166748, 0.7106254696846008, 3.0345208644866943, 0.35456010699272156, 0.8380448818206787, 0.44928446412086487, 0.1883832961320877, 0.1963464915752411, 0.31932953000068665, 0.22912971675395966], "true": [120.0, 120.0, 120.0, 120.0, 120.0, 120.0, 120.0, 119.0, 118.0, 117.0, 116.0, 115.0, 114.0, 113.0, 112.0, 111.0, 110.0, 109.0, 108.0, 107.0, 106.0, 105.0, 104.0, 103.0, 102.0, 101.0, 100.0, 99.0, 98.0, 97.0, 96.0, 95.0, 94.0, 93.0, 92.0, 91.0, 90.0, 89.0, 88.0, 87.0, 86.0, 85.0, 84.0, 83.0, 82.0, 81.0, 80.0, 79.0, 78.0, 77.0, 76.0, 75.0, 74.0, 73.0, 72.0, 71.0, 70.0, 69.0, 68.0, 67.0, 66.0, 65.0, 64.0, 63.0, 62.0, 61.0, 60.0, 59.0, 58.0, 57.0, 56.0, 55.0, 54.0, 53.0, 52.0, 51.0, 50.0, 49.0, 48.0, 47.0, 46.0, 45.0, 44.0, 43.0, 42.0, 41.0, 40.0, 39.0, 38.0, 37.0, 36.0, 35.0, 34.0, 33.0, 32.0, 31.0, 30.0, 29.0, 28.0, 27.0, 26.0, 25.0, 24.0, 23.0, 22.0, 21.0, 20.0, 19.0, 18.0, 17.0, 16.0, 15.0, 14.0, 13.0, 12.0, 11.0, 10.0, 9.0, 8.0, 7.0, 6.0, 5.0, 4.0, 3.0, 2.0, 1.0, 0.0], "RMSE": 4.28}