{"mean": [109.6460189819336, 110.70738220214844, 112.69895935058594, 114.47391510009766, 106.89361572265625, 102.72926330566406, 103.3025131225586, 101.99311828613281, 104.6719970703125, 100.49777221679688, 100.65779113769531, 92.86015319824219, 88.17984008789062, 80.94111633300781, 86.193359375, 79.9935531616211, 83.06146240234375, 77.44215393066406, 81.68157196044922, 79.05599212646484, 83.84237670898438, 91.72599029541016, 83.91868591308594, 75.95048522949219, 71.65459442138672, 70.83756256103516, 63.713233947753906, 66.36653137207031, 64.88555145263672, 61.185264587402344, 60.05738067626953, 64.68264770507812, 65.37591552734375, 73.95787048339844, 72.32279968261719, 69.05876922607422, 69.07792663574219, 68.14666748046875, 75.86894226074219, 72.587158203125, 68.70098114013672, 66.47508239746094, 73.58055114746094, 62.947418212890625, 63.688232421875, 57.14551544189453, 57.72492218017578, 57.27490234375, 54.48870849609375, 57.949951171875, 57.12732696533203, 66.39258575439453, 66.35187530517578, 64.11907196044922, 59.820838928222656, 53.989845275878906, 47.49755096435547, 48.17850875854492, 48.14558410644531, 41.114715576171875, 50.42469024658203, 56.12910842895508, 58.48151779174805, 51.6407356262207, 44.1324577331543, 42.17955780029297, 46.20991134643555, 51.12885284423828, 50.876808166503906, 46.53651809692383, 43.602394104003906, 42.15073776245117, 43.11391830444336, 51.57038497924805, 47.24762725830078, 45.51055145263672, 47.064002990722656, 44.3140754699707, 44.24681091308594, 42.802818298339844, 42.26680374145508, 43.643760681152344, 42.24472427368164, 37.803165435791016, 34.07319259643555, 30.691848754882812, 32.57754898071289, 33.165992736816406, 27.29524803161621, 24.63570785522461, 30.83547019958496, 29.387741088867188, 23.3137264251709, 22.656618118286133, 16.7081298828125, 16.96967124938965, 11.794358253479004, 10.224886894226074, 7.597526550292969, 6.904710292816162, 6.613258361816406, 8.707189559936523, 4.475428581237793, 4.139680862426758, 2.9843742847442627, 1.876699447631836], "var": [71.64140319824219, 32.54197311401367, 45.100521087646484, 11.419732093811035, 91.38876342773438, 127.06587219238281, 33.89913558959961, 89.92691802978516, 67.19493865966797, 54.764808654785156, 48.396419525146484, 60.132347106933594, 80.08679962158203, 39.62431716918945, 43.82613754272461, 67.64969635009766, 27.541227340698242, 77.24178314208984, 66.74693298339844, 63.34245300292969, 107.86515808105469, 162.95726013183594, 139.257568359375, 82.181396484375, 32.93190002441406, 45.572547912597656, 18.060575485229492, 26.474117279052734, 20.468631744384766, 39.232337951660156, 23.254627227783203, 33.4959716796875, 4.584465503692627, 29.8420467376709, 65.46956634521484, 24.149391174316406, 21.854888916015625, 60.98991775512695, 49.75093460083008, 11.033342361450195, 43.941368103027344, 53.37397766113281, 42.467559814453125, 8.268719673156738, 24.284732818603516, 23.013439178466797, 17.755311965942383, 6.864770889282227, 4.735507965087891, 19.285600662231445, 8.031076431274414, 61.09579086303711, 28.67591094970703, 24.179546356201172, 73.67394256591797, 44.286460876464844, 28.298734664916992, 8.809816360473633, 41.7389030456543, 2.965790033340454, 16.23928451538086, 14.480116844177246, 27.837221145629883, 17.24419403076172, 8.786809921264648, 19.56094741821289, 12.301965713500977, 36.273963928222656, 20.08809471130371, 12.618498802185059, 29.901357650756836, 10.815020561218262, 13.013826370239258, 31.559112548828125, 61.54054641723633, 12.639208793640137, 15.435556411743164, 16.26468849182129, 30.36240005493164, 42.85966110229492, 18.10323143005371, 7.0448760986328125, 9.21322250366211, 6.585414886474609, 8.667341232299805, 1.9855833053588867, 11.632349967956543, 8.551419258117676, 2.6467180252075195, 4.433665752410889, 4.049015998840332, 7.063373565673828, 2.9647536277770996, 3.8830621242523193, 2.2922160625457764, 2.66816782951355, 1.7218633890151978, 1.3660813570022583, 1.144349455833435, 0.8613570928573608, 0.42157578468322754, 0.6980146765708923, 1.6047334671020508, 0.4045313000679016, 0.47764313220977783, 0.4629186689853668], "true": [105.0, 104.0, 103.0, 102.0, 101.0, 100.0, 99.0, 98.0, 97.0, 96.0, 95.0, 94.0, 93.0, 92.0, 91.0, 90.0, 89.0, 88.0, 87.0, 86.0, 85.0, 84.0, 83.0, 82.0, 81.0, 80.0, 79.0, 78.0, 77.0, 76.0, 75.0, 74.0, 73.0, 72.0, 71.0, 70.0, 69.0, 68.0, 67.0, 66.0, 65.0, 64.0, 63.0, 62.0, 61.0, 60.0, 59.0, 58.0, 57.0, 56.0, 55.0, 54.0, 53.0, 52.0, 51.0, 50.0, 49.0, 48.0, 47.0, 46.0, 45.0, 44.0, 43.0, 42.0, 41.0, 40.0, 39.0, 38.0, 37.0, 36.0, 35.0, 34.0, 33.0, 32.0, 31.0, 30.0, 29.0, 28.0, 27.0, 26.0, 25.0, 24.0, 23.0, 22.0, 21.0, 20.0, 19.0, 18.0, 17.0, 16.0, 15.0, 14.0, 13.0, 12.0, 11.0, 10.0, 9.0, 8.0, 7.0, 6.0, 5.0, 4.0, 3.0, 2.0, 1.0, 0.0], "RMSE": 9.54}