{"mean": [112.0882339477539, 112.6919174194336, 111.64933776855469, 112.45695495605469, 111.86881256103516, 112.04869079589844, 113.77952575683594, 110.39603424072266, 113.5898208618164, 112.75953674316406, 110.83499908447266, 113.3111343383789, 112.3470687866211, 109.65113830566406, 112.50435638427734, 110.64579010009766, 109.1523666381836, 109.78289794921875, 109.16365814208984, 105.68040466308594, 106.1603012084961, 105.4828872680664, 106.305908203125, 103.12165832519531, 100.12971496582031, 103.89991760253906, 97.21142578125, 99.10128021240234, 99.01117706298828, 105.50728607177734, 102.42193603515625, 102.16502380371094, 98.96175384521484, 97.84109497070312, 91.23412322998047, 88.30372619628906, 91.78577423095703, 98.28202819824219, 96.68315124511719, 89.0138168334961, 89.12130737304688, 89.35272979736328, 86.71521759033203, 83.21685028076172, 81.37520599365234, 81.8782958984375, 89.11485290527344, 85.05317687988281, 78.9889144897461, 73.33718872070312, 72.14561462402344, 69.67112731933594, 67.66838073730469, 68.38874816894531, 75.41714477539062, 78.00877380371094, 74.00819396972656, 73.03958892822266, 71.28961181640625, 64.0217514038086, 64.96930694580078, 62.4216423034668, 60.44215774536133, 53.7841911315918, 59.99504470825195, 56.24753952026367, 55.95786666870117, 55.175880432128906, 54.62138748168945, 50.471343994140625, 53.778785705566406, 50.70928192138672, 47.77347183227539, 48.96173095703125, 52.52263641357422, 51.639678955078125, 46.20641326904297, 44.61248016357422, 44.99512481689453, 42.71181106567383, 43.817787170410156, 42.10955810546875, 42.307010650634766, 41.13911056518555, 42.527549743652344, 40.27311706542969, 47.00873565673828, 43.22933578491211, 40.81494140625, 34.930545806884766, 32.566375732421875, 30.805042266845703, 30.972488403320312, 33.173744201660156, 34.79088592529297, 35.91372299194336, 32.9466552734375, 31.5533390045166, 33.16206359863281, 31.251018524169922, 25.427833557128906, 25.96091651916504, 29.354583740234375, 26.685527801513672, 24.439960479736328, 22.449764251708984, 20.031932830810547, 20.200544357299805, 18.25613021850586, 17.54700469970703, 16.374685287475586, 14.692489624023438, 15.389892578125, 12.895968437194824, 13.713136672973633, 11.591317176818848, 12.036664009094238, 9.418037414550781, 6.587033748626709, 7.725319862365723, 5.47890567779541, 4.421609401702881, 3.218994140625, 3.1458353996276855, 2.799997568130493, 2.337350368499756, 1.4955015182495117], "var": [13.461210250854492, 9.790273666381836, 13.152079582214355, 11.075979232788086, 8.714620590209961, 3.155257225036621, 3.598620891571045, 3.9996445178985596, 5.349311828613281, 18.42251205444336, 4.224393844604492, 9.338526725769043, 18.438976287841797, 8.374155044555664, 43.408973693847656, 36.71249771118164, 30.146764755249023, 22.380441665649414, 41.567264556884766, 51.618038177490234, 45.562015533447266, 6.623737335205078, 16.18623924255371, 28.263153076171875, 17.691017150878906, 35.03247833251953, 44.38246536254883, 14.125184059143066, 46.10922622680664, 60.66261672973633, 21.003042221069336, 57.48307418823242, 30.048295974731445, 116.37642669677734, 39.7893180847168, 54.31736373901367, 83.19464874267578, 131.74154663085938, 133.05239868164062, 91.44063568115234, 42.922149658203125, 34.87635040283203, 97.7947998046875, 45.66196823120117, 29.412944793701172, 33.065704345703125, 26.197263717651367, 46.0003662109375, 15.604162216186523, 13.727673530578613, 26.059967041015625, 38.07805252075195, 12.796600341796875, 6.936295509338379, 49.043636322021484, 59.54843521118164, 101.64327239990234, 94.80765533447266, 127.91732025146484, 15.39376163482666, 12.995049476623535, 14.143683433532715, 24.347341537475586, 28.603622436523438, 27.111120223999023, 15.198809623718262, 13.546212196350098, 10.348222732543945, 4.272521018981934, 2.8489573001861572, 3.870873212814331, 3.8944103717803955, 2.8606669902801514, 3.129718065261841, 3.65490460395813, 9.555733680725098, 5.156813621520996, 3.5112690925598145, 9.53726863861084, 3.731626272201538, 1.932643175125122, 3.746307373046875, 5.120785236358643, 11.735729217529297, 15.980915069580078, 3.072808027267456, 20.069625854492188, 21.199811935424805, 12.30946159362793, 5.849123001098633, 5.970393657684326, 4.108241081237793, 3.6934525966644287, 8.826229095458984, 4.215110778808594, 3.8086273670196533, 6.34292459487915, 5.939548969268799, 6.155688762664795, 4.434426307678223, 3.3836469650268555, 4.6239166259765625, 0.9102047681808472, 3.3112986087799072, 0.9768407344818115, 0.7561407685279846, 0.8802084922790527, 1.4791001081466675, 2.5877151489257812, 1.7001129388809204, 1.9555784463882446, 1.0234025716781616, 1.1300468444824219, 2.4970974922180176, 0.3598215878009796, 1.1341058015823364, 1.246647596359253, 0.8873911499977112, 0.6037611365318298, 0.7118489146232605, 1.0871191024780273, 0.13454435765743256, 0.8162522912025452, 0.25271740555763245, 0.34188270568847656, 0.1438026875257492, 0.19806936383247375], "true": [120.0, 120.0, 120.0, 120.0, 120.0, 120.0, 120.0, 119.0, 118.0, 117.0, 116.0, 115.0, 114.0, 113.0, 112.0, 111.0, 110.0, 109.0, 108.0, 107.0, 106.0, 105.0, 104.0, 103.0, 102.0, 101.0, 100.0, 99.0, 98.0, 97.0, 96.0, 95.0, 94.0, 93.0, 92.0, 91.0, 90.0, 89.0, 88.0, 87.0, 86.0, 85.0, 84.0, 83.0, 82.0, 81.0, 80.0, 79.0, 78.0, 77.0, 76.0, 75.0, 74.0, 73.0, 72.0, 71.0, 70.0, 69.0, 68.0, 67.0, 66.0, 65.0, 64.0, 63.0, 62.0, 61.0, 60.0, 59.0, 58.0, 57.0, 56.0, 55.0, 54.0, 53.0, 52.0, 51.0, 50.0, 49.0, 48.0, 47.0, 46.0, 45.0, 44.0, 43.0, 42.0, 41.0, 40.0, 39.0, 38.0, 37.0, 36.0, 35.0, 34.0, 33.0, 32.0, 31.0, 30.0, 29.0, 28.0, 27.0, 26.0, 25.0, 24.0, 23.0, 22.0, 21.0, 20.0, 19.0, 18.0, 17.0, 16.0, 15.0, 14.0, 13.0, 12.0, 11.0, 10.0, 9.0, 8.0, 7.0, 6.0, 5.0, 4.0, 3.0, 2.0, 1.0, 0.0], "RMSE": 4.0}