{"mean": [101.65164947509766, 110.23504638671875, 111.94559478759766, 105.86634826660156, 105.50001525878906, 96.1252212524414, 101.72099304199219, 100.30601501464844, 100.79997253417969, 103.68232727050781, 98.24854278564453, 92.08114624023438, 78.18712615966797, 80.05613708496094, 80.1584243774414, 75.6456527709961, 85.24092102050781, 79.62308502197266, 89.4269027709961, 80.13300323486328, 92.59675598144531, 88.13397216796875, 77.33025360107422, 78.90196228027344, 81.05835723876953, 69.7346420288086, 72.29627227783203, 70.49720001220703, 64.53729248046875, 59.4134635925293, 62.48039627075195, 62.82902908325195, 66.80227661132812, 71.49578094482422, 70.07661437988281, 71.6543197631836, 70.75926208496094, 71.24495697021484, 73.99150085449219, 80.60887145996094, 73.44975280761719, 74.27659606933594, 70.59001922607422, 70.87615203857422, 66.40330505371094, 59.664039611816406, 67.11438751220703, 58.056785583496094, 53.46368408203125, 61.94152069091797, 61.8256950378418, 69.54478454589844, 66.49224090576172, 66.88309478759766, 64.78898620605469, 57.620826721191406, 51.30504608154297, 52.948028564453125, 50.056739807128906, 46.77142333984375, 58.84120559692383, 56.365882873535156, 62.43085479736328, 53.66401290893555, 43.291664123535156, 42.32360076904297, 42.591217041015625, 48.73664093017578, 50.9051513671875, 41.489017486572266, 41.75576400756836, 43.1657600402832, 43.57985305786133, 47.45276641845703, 46.63666534423828, 43.06559753417969, 44.77987289428711, 48.08017349243164, 46.27941131591797, 40.289730072021484, 45.083831787109375, 42.73865509033203, 40.52174758911133, 34.71247100830078, 29.827062606811523, 32.08378601074219, 34.1234130859375, 34.39336395263672, 29.811080932617188, 24.62896728515625, 27.898996353149414, 26.689678192138672, 23.407390594482422, 24.391523361206055, 17.7095890045166, 17.159610748291016, 11.630696296691895, 11.412422180175781, 8.819679260253906, 7.752817630767822, 8.2135648727417, 9.188834190368652, 5.425267696380615, 4.056124687194824, 3.291308641433716, 1.8645784854888916], "var": [91.16259765625, 21.1252384185791, 13.43698787689209, 22.79656410217285, 62.157127380371094, 71.75904083251953, 20.254648208618164, 52.10844039916992, 70.71905517578125, 62.26173400878906, 65.45194244384766, 85.49934387207031, 38.98496627807617, 22.229751586914062, 63.03763961791992, 64.93205261230469, 95.49034881591797, 37.13243865966797, 199.09327697753906, 87.62747192382812, 160.71083068847656, 57.2054328918457, 76.37338256835938, 37.851104736328125, 153.4260711669922, 79.14459991455078, 65.4961166381836, 57.81916809082031, 29.99781608581543, 20.787445068359375, 23.80610466003418, 45.895606994628906, 14.82575511932373, 48.011688232421875, 43.71292495727539, 68.62491607666016, 54.36064529418945, 36.23442077636719, 96.6927719116211, 151.67860412597656, 77.67277526855469, 95.80427551269531, 47.609901428222656, 98.85069274902344, 24.727663040161133, 31.77773666381836, 109.85970306396484, 16.186885833740234, 13.808365821838379, 61.691123962402344, 73.3888168334961, 33.47085189819336, 27.973697662353516, 21.408605575561523, 36.13414764404297, 47.56012725830078, 15.922276496887207, 48.6920166015625, 32.84840774536133, 11.112154960632324, 79.36893463134766, 27.106813430786133, 108.67237091064453, 66.16313934326172, 8.018479347229004, 19.73491859436035, 4.06801176071167, 13.798673629760742, 21.41497802734375, 30.203569412231445, 19.119871139526367, 14.791093826293945, 29.48555564880371, 18.884695053100586, 18.803516387939453, 21.13013458251953, 10.631745338439941, 24.372692108154297, 13.840519905090332, 21.97515296936035, 27.398475646972656, 12.677534103393555, 15.397339820861816, 10.04640007019043, 3.8695473670959473, 10.05203914642334, 12.65764331817627, 8.331969261169434, 6.4330363273620605, 3.9357666969299316, 7.030621528625488, 3.436593770980835, 3.462298631668091, 3.7031192779541016, 3.6179921627044678, 1.0299054384231567, 1.7362219095230103, 0.5461811423301697, 1.8069061040878296, 0.16015680134296417, 0.8031690120697021, 0.5318833589553833, 1.0568206310272217, 0.19151459634304047, 0.38886189460754395, 0.3318951427936554], "true": [105.0, 104.0, 103.0, 102.0, 101.0, 100.0, 99.0, 98.0, 97.0, 96.0, 95.0, 94.0, 93.0, 92.0, 91.0, 90.0, 89.0, 88.0, 87.0, 86.0, 85.0, 84.0, 83.0, 82.0, 81.0, 80.0, 79.0, 78.0, 77.0, 76.0, 75.0, 74.0, 73.0, 72.0, 71.0, 70.0, 69.0, 68.0, 67.0, 66.0, 65.0, 64.0, 63.0, 62.0, 61.0, 60.0, 59.0, 58.0, 57.0, 56.0, 55.0, 54.0, 53.0, 52.0, 51.0, 50.0, 49.0, 48.0, 47.0, 46.0, 45.0, 44.0, 43.0, 42.0, 41.0, 40.0, 39.0, 38.0, 37.0, 36.0, 35.0, 34.0, 33.0, 32.0, 31.0, 30.0, 29.0, 28.0, 27.0, 26.0, 25.0, 24.0, 23.0, 22.0, 21.0, 20.0, 19.0, 18.0, 17.0, 16.0, 15.0, 14.0, 13.0, 12.0, 11.0, 10.0, 9.0, 8.0, 7.0, 6.0, 5.0, 4.0, 3.0, 2.0, 1.0, 0.0], "RMSE": 9.8}