{"mean": [114.77655029296875, 118.333740234375, 115.93132019042969, 122.05667877197266, 123.41484069824219, 122.21221923828125, 120.6867446899414, 121.37248229980469, 120.79295349121094, 118.921142578125, 117.94476318359375, 119.40565490722656, 119.90434265136719, 117.09027099609375, 120.63134765625, 116.843505859375, 116.2515640258789, 120.32978820800781, 120.36174011230469, 118.15486145019531, 119.27717590332031, 119.44258880615234, 117.40818786621094, 116.65925598144531, 115.91190338134766, 120.34910583496094, 115.60054016113281, 120.1420669555664, 119.40858459472656, 117.95027923583984, 118.74476623535156, 118.1595230102539, 119.62552642822266, 119.99884033203125, 115.70664978027344, 120.92134094238281, 119.21293640136719, 116.76713562011719, 118.4737777709961, 115.84687805175781, 116.73381042480469, 116.6404037475586, 117.18453216552734, 116.13591003417969, 115.85404968261719, 113.09870910644531, 104.47703552246094, 114.88729095458984, 110.21336364746094, 115.6276626586914, 114.96464538574219, 114.9334716796875, 113.10916900634766, 107.06224060058594, 106.62263488769531, 109.06758880615234, 109.20906066894531, 98.692626953125, 102.88246154785156, 103.40541076660156, 100.02996063232422, 102.40321350097656, 104.71407318115234, 104.4329605102539, 106.04329681396484, 104.72990417480469, 104.56819152832031, 104.17967224121094, 108.32000732421875, 110.38435363769531, 108.05938720703125, 106.15020751953125, 99.22991943359375, 93.38455200195312, 98.83366394042969, 93.13235473632812, 86.06547546386719, 87.94279479980469, 85.7046127319336, 69.3845443725586, 64.67829895019531, 56.703521728515625, 53.36650848388672, 50.06310272216797, 46.2154541015625, 41.22761917114258, 40.693336486816406, 36.94508361816406, 34.78520965576172, 30.225778579711914, 28.94063377380371, 29.892826080322266, 33.385292053222656, 33.655052185058594, 30.14912986755371, 27.976430892944336, 28.509546279907227, 29.978607177734375, 32.5976448059082, 34.13861083984375, 31.950185775756836, 31.968408584594727, 30.373525619506836, 29.53360939025879, 28.010116577148438, 29.30547523498535, 27.560678482055664, 25.42926788330078, 24.350004196166992, 24.38447380065918, 23.746257781982422, 22.00881576538086, 22.045339584350586, 21.96800422668457, 20.654590606689453, 17.062496185302734, 16.610214233398438, 15.94666862487793, 14.160130500793457, 11.080489158630371, 9.476366996765137, 8.003129959106445, 7.325446128845215, 7.234950065612793, 5.3490891456604, 3.6179776191711426], "var": [56.746150970458984, 38.98849868774414, 50.26398849487305, 45.59278106689453, 40.074771881103516, 24.137189865112305, 10.222030639648438, 21.903459548950195, 19.5289306640625, 11.110153198242188, 23.971351623535156, 42.67620849609375, 20.08327865600586, 9.347261428833008, 37.73428726196289, 17.224960327148438, 13.745020866394043, 13.811178207397461, 55.27073669433594, 58.38261413574219, 12.269160270690918, 26.076688766479492, 34.26029968261719, 22.746166229248047, 34.45832443237305, 27.7534122467041, 70.2477798461914, 10.074017524719238, 56.17744064331055, 31.064189910888672, 38.60190200805664, 11.192520141601562, 26.12082290649414, 15.002935409545898, 45.119510650634766, 13.640363693237305, 8.249207496643066, 40.74933624267578, 75.3951644897461, 83.01383972167969, 22.609708786010742, 32.194759368896484, 101.04896545410156, 138.3257293701172, 49.85023498535156, 87.4525146484375, 276.3827819824219, 22.987829208374023, 225.43019104003906, 128.118408203125, 53.49687957763672, 74.65888214111328, 64.94882202148438, 72.36685943603516, 129.05599975585938, 68.13446044921875, 87.8870620727539, 130.2312774658203, 162.60609436035156, 122.11312103271484, 162.42564392089844, 85.94359588623047, 134.16566467285156, 50.6709098815918, 50.22272872924805, 70.52873229980469, 36.40361404418945, 61.85554885864258, 32.216312408447266, 59.5135383605957, 25.71339988708496, 14.898987770080566, 15.174884796142578, 136.20751953125, 25.643774032592773, 86.19027709960938, 69.86592864990234, 65.31416320800781, 132.60719299316406, 35.1468391418457, 165.0049591064453, 28.790491104125977, 86.44324493408203, 53.25649642944336, 12.687312126159668, 10.767267227172852, 33.741188049316406, 18.004032135009766, 5.274055480957031, 29.525650024414062, 1.8918806314468384, 6.38012170791626, 6.40108585357666, 9.172142028808594, 7.764713287353516, 7.200482368469238, 5.818857669830322, 2.606961727142334, 4.188600540161133, 2.7621941566467285, 5.258877754211426, 15.287908554077148, 6.62205696105957, 7.605388164520264, 3.1905202865600586, 1.4974143505096436, 3.8029978275299072, 6.300599575042725, 5.805523872375488, 4.498532772064209, 2.0363781452178955, 1.8766777515411377, 1.5478187799453735, 3.8666694164276123, 1.802490234375, 1.188368797302246, 3.120856285095215, 1.833857774734497, 1.1658334732055664, 1.4441229104995728, 1.956422209739685, 2.423884391784668, 1.2791210412979126, 1.6980458498001099, 0.7920627593994141, 0.5177127718925476], "true": [120.0, 120.0, 120.0, 120.0, 120.0, 120.0, 119.0, 118.0, 117.0, 116.0, 115.0, 114.0, 113.0, 112.0, 111.0, 110.0, 109.0, 108.0, 107.0, 106.0, 105.0, 104.0, 103.0, 102.0, 101.0, 100.0, 99.0, 98.0, 97.0, 96.0, 95.0, 94.0, 93.0, 92.0, 91.0, 90.0, 89.0, 88.0, 87.0, 86.0, 85.0, 84.0, 83.0, 82.0, 81.0, 80.0, 79.0, 78.0, 77.0, 76.0, 75.0, 74.0, 73.0, 72.0, 71.0, 70.0, 69.0, 68.0, 67.0, 66.0, 65.0, 64.0, 63.0, 62.0, 61.0, 60.0, 59.0, 58.0, 57.0, 56.0, 55.0, 54.0, 53.0, 52.0, 51.0, 50.0, 49.0, 48.0, 47.0, 46.0, 45.0, 44.0, 43.0, 42.0, 41.0, 40.0, 39.0, 38.0, 37.0, 36.0, 35.0, 34.0, 33.0, 32.0, 31.0, 30.0, 29.0, 28.0, 27.0, 26.0, 25.0, 24.0, 23.0, 22.0, 21.0, 20.0, 19.0, 18.0, 17.0, 16.0, 15.0, 14.0, 13.0, 12.0, 11.0, 10.0, 9.0, 8.0, 7.0, 6.0, 5.0, 4.0, 3.0, 2.0, 1.0, 0.0], "RMSE": 24.96}