{"mean": [115.95167541503906, 115.66551208496094, 116.10538482666016, 116.27335357666016, 115.8598861694336, 117.5885238647461, 113.41548156738281, 113.42842102050781, 115.5300064086914, 116.84101867675781, 114.99627685546875, 118.03946685791016, 114.9648208618164, 114.0821533203125, 108.7323226928711, 108.83509826660156, 110.44925689697266, 111.93113708496094, 107.68681335449219, 110.0730972290039, 111.02897644042969, 109.32865905761719, 112.2253646850586, 103.86641693115234, 106.57325744628906, 104.88201904296875, 108.4273452758789, 109.65997314453125, 108.83415222167969, 111.85050964355469, 110.73893737792969, 110.66202545166016, 108.23795318603516, 105.68160247802734, 100.2169418334961, 100.85227966308594, 95.95106506347656, 97.28274536132812, 98.5750503540039, 97.25274658203125, 95.12520599365234, 98.91771697998047, 93.77740478515625, 91.78650665283203, 96.19807434082031, 93.97258758544922, 97.46942138671875, 94.66182708740234, 92.66915130615234, 83.8831558227539, 87.48566436767578, 87.06895446777344, 84.25239562988281, 79.3473129272461, 80.838134765625, 77.8615951538086, 76.67341613769531, 73.74357604980469, 72.7137451171875, 71.4400405883789, 70.82991790771484, 70.96417999267578, 61.180992126464844, 60.57887649536133, 60.91008377075195, 55.063255310058594, 57.588523864746094, 57.69221115112305, 57.731353759765625, 52.9648551940918, 58.23209762573242, 55.71440505981445, 50.11615753173828, 51.33408737182617, 51.40081024169922, 49.739925384521484, 48.11894989013672, 46.78199005126953, 47.2829475402832, 44.647682189941406, 45.79837417602539, 46.426456451416016, 47.45494079589844, 50.4007682800293, 48.37248992919922, 49.139381408691406, 51.169944763183594, 45.198829650878906, 42.218910217285156, 40.475807189941406, 38.74591064453125, 35.534385681152344, 34.625205993652344, 36.544883728027344, 36.432369232177734, 35.10254669189453, 32.351253509521484, 31.80092430114746, 32.59288787841797, 30.502899169921875, 26.7200984954834, 24.571195602416992, 29.576221466064453, 27.544551849365234, 25.930810928344727, 24.958250045776367, 22.204885482788086, 22.86458396911621, 20.965312957763672, 20.552135467529297, 17.804443359375, 16.72699546813965, 16.750751495361328, 13.3828763961792, 14.769824028015137, 13.885643005371094, 14.490954399108887, 12.552827835083008, 9.9041166305542, 10.308149337768555, 5.435345649719238, 4.679368019104004, 3.8527112007141113, 4.241544723510742, 3.1457297801971436, 2.0698752403259277, 1.894274115562439], "var": [5.462780475616455, 11.480833053588867, 13.823073387145996, 7.77316951751709, 6.788416862487793, 10.82987117767334, 35.3681640625, 10.662044525146484, 8.96254825592041, 44.003028869628906, 18.4984130859375, 17.51491928100586, 6.956376075744629, 16.364320755004883, 29.105026245117188, 27.41190528869629, 16.53194236755371, 21.316917419433594, 42.612335205078125, 9.385152816772461, 19.364116668701172, 28.526113510131836, 13.04269027709961, 65.62165832519531, 14.073722839355469, 14.823644638061523, 20.37288475036621, 35.584835052490234, 15.065855979919434, 18.02479362487793, 18.776655197143555, 14.99219799041748, 22.60022735595703, 44.620338439941406, 19.965862274169922, 35.01750564575195, 44.723514556884766, 37.08601760864258, 23.611919403076172, 33.827877044677734, 15.029460906982422, 24.663217544555664, 8.929244995117188, 8.718420028686523, 12.292549133300781, 17.38543128967285, 15.673447608947754, 13.297774314880371, 20.97787094116211, 27.978078842163086, 24.69114112854004, 26.751962661743164, 4.895098686218262, 28.712608337402344, 17.88654899597168, 76.24288940429688, 54.27072525024414, 29.620502471923828, 42.303897857666016, 41.950164794921875, 14.046539306640625, 35.22330093383789, 29.946979522705078, 48.04391860961914, 52.14856719970703, 46.302459716796875, 37.13909912109375, 19.271909713745117, 34.820068359375, 26.124034881591797, 31.185951232910156, 7.960665702819824, 7.344098091125488, 14.403319358825684, 20.939800262451172, 13.335707664489746, 30.21751594543457, 6.936819076538086, 7.58457612991333, 1.5538601875305176, 13.595643997192383, 10.840197563171387, 9.220475196838379, 4.185182571411133, 9.355740547180176, 26.18385887145996, 27.154735565185547, 17.058826446533203, 14.79610538482666, 26.88628578186035, 21.183650970458984, 4.450647354125977, 9.197250366210938, 2.600053548812866, 2.8323607444763184, 4.554902076721191, 8.223586082458496, 8.45527172088623, 0.735122561454773, 1.564300537109375, 4.131169319152832, 2.5926311016082764, 3.666964054107666, 1.8531962633132935, 0.6439375281333923, 1.9876939058303833, 0.9718362092971802, 1.509566068649292, 1.4572796821594238, 1.4906764030456543, 0.43862271308898926, 2.030069351196289, 1.7238978147506714, 1.358380675315857, 1.4078233242034912, 1.2034263610839844, 2.364917516708374, 5.557297229766846, 2.6043550968170166, 4.416330337524414, 2.3541014194488525, 1.2019609212875366, 1.0702749490737915, 1.7500979900360107, 1.5857532024383545, 0.5301519632339478, 0.9659199714660645], "true": [120.0, 120.0, 120.0, 120.0, 120.0, 120.0, 120.0, 119.0, 118.0, 117.0, 116.0, 115.0, 114.0, 113.0, 112.0, 111.0, 110.0, 109.0, 108.0, 107.0, 106.0, 105.0, 104.0, 103.0, 102.0, 101.0, 100.0, 99.0, 98.0, 97.0, 96.0, 95.0, 94.0, 93.0, 92.0, 91.0, 90.0, 89.0, 88.0, 87.0, 86.0, 85.0, 84.0, 83.0, 82.0, 81.0, 80.0, 79.0, 78.0, 77.0, 76.0, 75.0, 74.0, 73.0, 72.0, 71.0, 70.0, 69.0, 68.0, 67.0, 66.0, 65.0, 64.0, 63.0, 62.0, 61.0, 60.0, 59.0, 58.0, 57.0, 56.0, 55.0, 54.0, 53.0, 52.0, 51.0, 50.0, 49.0, 48.0, 47.0, 46.0, 45.0, 44.0, 43.0, 42.0, 41.0, 40.0, 39.0, 38.0, 37.0, 36.0, 35.0, 34.0, 33.0, 32.0, 31.0, 30.0, 29.0, 28.0, 27.0, 26.0, 25.0, 24.0, 23.0, 22.0, 21.0, 20.0, 19.0, 18.0, 17.0, 16.0, 15.0, 14.0, 13.0, 12.0, 11.0, 10.0, 9.0, 8.0, 7.0, 6.0, 5.0, 4.0, 3.0, 2.0, 1.0, 0.0], "RMSE": 6.49}