{"mean": [118.5530014038086, 122.2513427734375, 120.15888977050781, 120.87324523925781, 121.05473327636719, 120.66377258300781, 121.66108703613281, 119.30192565917969, 119.56074523925781, 119.5367431640625, 119.9300765991211, 119.21885681152344, 121.8687973022461, 120.55293273925781, 117.51033020019531, 120.9465103149414, 117.66658782958984, 116.20723724365234, 117.94344329833984, 118.0613021850586, 118.8318862915039, 116.8320083618164, 116.02000427246094, 117.08699035644531, 118.92781066894531, 117.97380065917969, 120.12486267089844, 117.50132751464844, 118.17189025878906, 118.34333801269531, 116.5936279296875, 118.19935607910156, 115.12745666503906, 115.75870513916016, 116.41419982910156, 117.85206604003906, 116.09782409667969, 113.44612884521484, 114.93863677978516, 112.48738098144531, 113.46372985839844, 109.45037841796875, 106.73526763916016, 106.91841125488281, 106.19642639160156, 108.78483581542969, 109.11373138427734, 102.96241760253906, 104.29927062988281, 111.40843200683594, 106.29536437988281, 102.6010513305664, 106.89559173583984, 97.64089965820312, 106.77408599853516, 102.4808349609375, 93.39509582519531, 91.218994140625, 86.99287414550781, 87.08455657958984, 85.9431381225586, 90.98308563232422, 94.08525085449219, 94.69413757324219, 87.60747528076172, 79.3897933959961, 86.08549499511719, 85.4669418334961, 92.00784301757812, 95.53791809082031, 92.93678283691406, 90.03852081298828, 81.58213806152344, 85.16505432128906, 83.73011779785156, 80.8509750366211, 84.54570007324219, 79.29957580566406, 77.84935760498047, 73.0909194946289, 69.28550720214844, 69.5528335571289, 62.54286575317383, 61.13562774658203, 53.692771911621094, 49.1334228515625, 46.14342498779297, 44.400474548339844, 39.560218811035156, 34.64612579345703, 36.92323684692383, 36.46144104003906, 34.046897888183594, 33.761878967285156, 32.84294891357422, 26.7491397857666, 25.443483352661133, 28.874279022216797, 29.653518676757812, 30.72989273071289, 30.10712242126465, 29.081796646118164, 29.474878311157227, 25.820220947265625, 26.55997085571289, 24.2406063079834, 22.254091262817383, 20.767772674560547, 18.58417510986328, 18.898792266845703, 16.389148712158203, 15.63288688659668, 18.552021026611328, 16.939189910888672, 15.900566101074219, 13.846357345581055, 14.393888473510742, 12.535547256469727, 9.07243824005127, 6.986669063568115, 5.644296169281006, 3.940598249435425, 4.618685245513916, 3.9865314960479736, 3.1802308559417725, 2.643280506134033], "var": [2.553860664367676, 6.33751916885376, 18.691326141357422, 5.948063373565674, 10.923408508300781, 9.0985746383667, 12.49250602722168, 10.8463134765625, 9.392334938049316, 6.559009552001953, 10.364887237548828, 5.4641242027282715, 8.56129264831543, 13.108379364013672, 4.412384033203125, 9.184990882873535, 8.87329387664795, 11.012713432312012, 17.864513397216797, 16.025117874145508, 17.57046890258789, 16.7511043548584, 15.954586029052734, 4.229151248931885, 11.888496398925781, 11.790918350219727, 4.3468852043151855, 30.058103561401367, 12.013982772827148, 18.28900909423828, 13.276294708251953, 12.431440353393555, 12.506160736083984, 29.789182662963867, 18.245946884155273, 13.166126251220703, 21.254499435424805, 24.530147552490234, 14.94976806640625, 12.588253021240234, 21.96194076538086, 36.87138366699219, 29.106159210205078, 13.51809310913086, 35.10811996459961, 57.25896453857422, 52.55904769897461, 70.2607421875, 37.11619567871094, 30.514577865600586, 67.5407943725586, 46.15087890625, 42.809593200683594, 73.07222747802734, 79.9989242553711, 11.748007774353027, 36.3246955871582, 54.07267761230469, 56.36354064941406, 104.19849395751953, 61.06867218017578, 72.03014373779297, 46.64701843261719, 72.49226379394531, 107.33758544921875, 51.27840042114258, 61.28318405151367, 45.817657470703125, 47.60578918457031, 47.8779182434082, 48.448429107666016, 107.44843292236328, 88.15586853027344, 64.1530532836914, 35.45901107788086, 96.19681549072266, 78.06417846679688, 108.77558135986328, 68.82157897949219, 63.28968048095703, 94.71324920654297, 97.20075225830078, 66.48631286621094, 49.13754653930664, 71.03382110595703, 39.296302795410156, 8.54598617553711, 10.920905113220215, 37.233741760253906, 8.559271812438965, 13.744604110717773, 6.350279808044434, 2.877922296524048, 8.270346641540527, 14.948355674743652, 5.901557445526123, 2.155411958694458, 2.108001947402954, 5.2885894775390625, 12.92591381072998, 4.623627662658691, 8.680187225341797, 2.441640615463257, 9.982134819030762, 9.248388290405273, 1.98270845413208, 1.5964375734329224, 4.84504508972168, 3.695310592651367, 2.7162134647369385, 2.5164055824279785, 1.2948870658874512, 4.66441011428833, 2.374791145324707, 4.486873626708984, 1.5810153484344482, 1.8499118089675903, 1.6946518421173096, 0.6598645448684692, 0.8607004880905151, 1.2856931686401367, 0.2832784056663513, 0.6691914796829224, 0.3719128668308258, 0.3793649673461914, 0.40357619524002075], "true": [120.0, 120.0, 120.0, 120.0, 120.0, 120.0, 119.0, 118.0, 117.0, 116.0, 115.0, 114.0, 113.0, 112.0, 111.0, 110.0, 109.0, 108.0, 107.0, 106.0, 105.0, 104.0, 103.0, 102.0, 101.0, 100.0, 99.0, 98.0, 97.0, 96.0, 95.0, 94.0, 93.0, 92.0, 91.0, 90.0, 89.0, 88.0, 87.0, 86.0, 85.0, 84.0, 83.0, 82.0, 81.0, 80.0, 79.0, 78.0, 77.0, 76.0, 75.0, 74.0, 73.0, 72.0, 71.0, 70.0, 69.0, 68.0, 67.0, 66.0, 65.0, 64.0, 63.0, 62.0, 61.0, 60.0, 59.0, 58.0, 57.0, 56.0, 55.0, 54.0, 53.0, 52.0, 51.0, 50.0, 49.0, 48.0, 47.0, 46.0, 45.0, 44.0, 43.0, 42.0, 41.0, 40.0, 39.0, 38.0, 37.0, 36.0, 35.0, 34.0, 33.0, 32.0, 31.0, 30.0, 29.0, 28.0, 27.0, 26.0, 25.0, 24.0, 23.0, 22.0, 21.0, 20.0, 19.0, 18.0, 17.0, 16.0, 15.0, 14.0, 13.0, 12.0, 11.0, 10.0, 9.0, 8.0, 7.0, 6.0, 5.0, 4.0, 3.0, 2.0, 1.0, 0.0], "RMSE": 19.49}