{"mean": [119.9220199584961, 120.89994812011719, 121.49658203125, 121.0470962524414, 121.48643493652344, 121.00831604003906, 120.5738754272461, 122.06858825683594, 119.14137268066406, 120.51689147949219, 121.917724609375, 121.30216979980469, 117.42808532714844, 120.9249267578125, 120.37459564208984, 119.7856216430664, 119.36380767822266, 120.44557189941406, 119.90145111083984, 119.1915512084961, 121.05078125, 119.59041595458984, 119.1801986694336, 119.42680358886719, 119.4462661743164, 120.04227447509766, 121.31925964355469, 119.71366882324219, 117.70750427246094, 116.51176452636719, 117.56082916259766, 116.16119384765625, 115.64323425292969, 113.8774642944336, 114.48442077636719, 117.1051025390625, 110.71875, 111.50467681884766, 108.8954086303711, 111.2038803100586, 109.06290435791016, 105.2497329711914, 103.09150695800781, 106.3584213256836, 103.80789947509766, 103.0992202758789, 103.99366760253906, 100.33463287353516, 100.26924133300781, 99.8673095703125, 93.74076843261719, 98.86571502685547, 97.28292846679688, 87.31066131591797, 86.07865142822266, 86.8360595703125, 83.04249572753906, 82.38272857666016, 75.63833618164062, 71.52684783935547, 78.39283752441406, 74.39785766601562, 72.79463958740234, 71.52525329589844, 69.0104751586914, 64.55647277832031, 61.585975646972656, 63.338104248046875, 64.65313720703125, 68.83938598632812, 72.20948028564453, 68.07733154296875, 64.33363342285156, 65.26288604736328, 67.56889343261719, 64.54295349121094, 69.30648803710938, 68.3724136352539, 62.79176712036133, 64.3271713256836, 58.896728515625, 66.95480346679688, 55.4840202331543, 57.61841583251953, 53.1901969909668, 50.31919479370117, 51.655853271484375, 46.561622619628906, 46.648948669433594, 48.03343963623047, 43.926788330078125, 47.890865325927734, 45.41332244873047, 45.23387145996094, 43.21077346801758, 37.007938385009766, 35.48828887939453, 41.160728454589844, 35.48395919799805, 35.054237365722656, 33.98267364501953, 32.902931213378906, 28.766727447509766, 28.499324798583984, 22.36562728881836, 22.73549461364746, 22.124330520629883, 19.4499568939209, 20.12236976623535, 17.043752670288086, 16.567798614501953, 15.369532585144043, 13.045610427856445, 11.414403915405273, 13.59161376953125, 11.533280372619629, 12.144959449768066, 9.60802936553955, 10.645648956298828, 9.181325912475586, 6.9323835372924805, 6.2644429206848145, 5.150946140289307, 4.301392078399658, 2.9357357025146484], "var": [4.267911911010742, 6.134407997131348, 11.958613395690918, 12.190336227416992, 9.951637268066406, 5.504907131195068, 9.551849365234375, 5.439992904663086, 13.307108879089355, 12.713871955871582, 11.561971664428711, 5.999507904052734, 8.13976764678955, 11.980948448181152, 10.995312690734863, 14.828957557678223, 4.25211763381958, 10.986808776855469, 15.127939224243164, 18.542177200317383, 12.880399703979492, 8.016167640686035, 4.858728885650635, 6.729670524597168, 9.622859954833984, 6.036233425140381, 3.2119264602661133, 8.090261459350586, 13.772754669189453, 7.502429962158203, 14.908370971679688, 27.507781982421875, 21.53246307373047, 29.225147247314453, 25.994192123413086, 10.941336631774902, 29.776779174804688, 27.178789138793945, 19.716983795166016, 19.61317253112793, 19.321975708007812, 32.24844741821289, 27.548622131347656, 33.61946105957031, 37.28756332397461, 43.24717712402344, 43.057029724121094, 14.316950798034668, 18.56563949584961, 24.37236976623535, 18.136993408203125, 28.414424896240234, 55.665306091308594, 36.92936325073242, 14.798531532287598, 109.50255584716797, 75.34264373779297, 38.77991485595703, 37.155357360839844, 32.101383209228516, 37.67430114746094, 18.503175735473633, 22.01846694946289, 18.02662467956543, 12.740300178527832, 12.411116600036621, 7.227436065673828, 10.339364051818848, 7.460955619812012, 18.924222946166992, 30.28677749633789, 23.72437858581543, 41.225189208984375, 15.146528244018555, 14.049448013305664, 24.232097625732422, 33.720218658447266, 55.054622650146484, 14.66915225982666, 14.372879981994629, 52.92998123168945, 59.45904541015625, 11.924224853515625, 14.881786346435547, 5.22268009185791, 6.859935283660889, 20.34394645690918, 16.950010299682617, 21.908065795898438, 26.61952781677246, 10.90880012512207, 16.125120162963867, 18.657085418701172, 16.355249404907227, 16.127300262451172, 6.294975280761719, 13.807382583618164, 2.7965738773345947, 6.876898288726807, 13.70468807220459, 8.771020889282227, 14.438924789428711, 4.599738597869873, 8.835559844970703, 7.8282365798950195, 4.180732727050781, 5.121583461761475, 2.8631041049957275, 3.017542839050293, 2.20159912109375, 2.812664031982422, 1.1296756267547607, 1.3674309253692627, 1.09628164768219, 0.6861078143119812, 3.5476009845733643, 2.284435987472534, 1.1294314861297607, 2.1775126457214355, 1.1559258699417114, 0.2034684270620346, 0.5308105945587158, 0.9549471139907837, 0.4305824637413025, 0.3514360189437866], "true": [120.0, 120.0, 120.0, 120.0, 120.0, 119.0, 118.0, 117.0, 116.0, 115.0, 114.0, 113.0, 112.0, 111.0, 110.0, 109.0, 108.0, 107.0, 106.0, 105.0, 104.0, 103.0, 102.0, 101.0, 100.0, 99.0, 98.0, 97.0, 96.0, 95.0, 94.0, 93.0, 92.0, 91.0, 90.0, 89.0, 88.0, 87.0, 86.0, 85.0, 84.0, 83.0, 82.0, 81.0, 80.0, 79.0, 78.0, 77.0, 76.0, 75.0, 74.0, 73.0, 72.0, 71.0, 70.0, 69.0, 68.0, 67.0, 66.0, 65.0, 64.0, 63.0, 62.0, 61.0, 60.0, 59.0, 58.0, 57.0, 56.0, 55.0, 54.0, 53.0, 52.0, 51.0, 50.0, 49.0, 48.0, 47.0, 46.0, 45.0, 44.0, 43.0, 42.0, 41.0, 40.0, 39.0, 38.0, 37.0, 36.0, 35.0, 34.0, 33.0, 32.0, 31.0, 30.0, 29.0, 28.0, 27.0, 26.0, 25.0, 24.0, 23.0, 22.0, 21.0, 20.0, 19.0, 18.0, 17.0, 16.0, 15.0, 14.0, 13.0, 12.0, 11.0, 10.0, 9.0, 8.0, 7.0, 6.0, 5.0, 4.0, 3.0, 2.0, 1.0, 0.0], "RMSE": 15.0}