{"mean": [96.19489288330078, 93.54351806640625, 96.79368591308594, 97.25389099121094, 100.82386779785156, 111.0033187866211, 110.66044616699219, 106.42366027832031, 95.01206970214844, 102.01139068603516, 90.07276916503906, 92.77883911132812, 98.38288116455078, 100.86893463134766, 100.26319122314453, 97.39356994628906, 95.3375473022461, 99.63545989990234, 100.67005920410156, 88.95777893066406, 95.73628234863281, 93.44070434570312, 102.81131744384766, 93.40840911865234, 82.72689819335938, 91.91863250732422, 92.56517791748047, 78.50440979003906, 71.25959777832031, 80.57083892822266, 91.30995178222656, 85.5590591430664, 82.93305969238281, 86.02216339111328, 69.5427474975586, 76.43233489990234, 74.96794891357422, 79.01319885253906, 80.06431579589844, 79.87398529052734, 79.759033203125, 72.84225463867188, 74.70426177978516, 75.18655395507812, 74.82542419433594, 76.5701675415039, 69.57868194580078, 66.52375030517578, 64.87040710449219, 67.0307388305664, 65.13868713378906, 68.42164611816406, 65.48069763183594, 63.29241180419922, 61.033477783203125, 55.15764617919922, 61.00170135498047, 49.25099182128906, 57.78657913208008, 53.95961380004883, 55.56449508666992, 56.48143768310547, 50.474185943603516, 50.633872985839844, 49.355323791503906, 47.961402893066406, 48.85005187988281, 46.61176681518555, 41.02632141113281, 41.79872131347656, 36.1273307800293, 39.60126495361328, 38.94178009033203, 38.0721321105957, 37.198551177978516, 33.5683479309082, 33.26372146606445, 31.840213775634766, 29.515945434570312, 26.068191528320312, 28.965167999267578, 26.802448272705078, 26.9564266204834, 24.129131317138672, 23.02259635925293, 21.884414672851562, 22.285282135009766, 17.266368865966797, 18.36866569519043, 15.872032165527344, 14.74781322479248, 14.233022689819336, 11.707314491271973, 11.845815658569336, 10.848379135131836, 10.62756061553955, 9.448358535766602, 8.507538795471191, 7.373475074768066, 7.1623029708862305, 5.859967231750488, 3.9666266441345215, 1.9152295589447021, 1.8663113117218018, 1.7198495864868164, 1.1262667179107666], "var": [325.0294494628906, 235.22874450683594, 258.76055908203125, 309.3042297363281, 217.535888671875, 81.60627746582031, 113.04196166992188, 158.68296813964844, 238.4863739013672, 256.31414794921875, 226.010009765625, 317.17010498046875, 183.5625762939453, 175.43882751464844, 209.41969299316406, 146.687255859375, 61.478641510009766, 121.71583557128906, 130.51217651367188, 262.5420227050781, 127.00382232666016, 164.6778564453125, 137.45538330078125, 386.8858642578125, 176.36705017089844, 444.34161376953125, 167.63206481933594, 191.58935546875, 85.62560272216797, 386.9029846191406, 227.71658325195312, 213.1680908203125, 258.6825256347656, 291.0373229980469, 156.6185302734375, 162.1832275390625, 222.02037048339844, 408.4403991699219, 158.24134826660156, 219.52450561523438, 433.2413635253906, 338.622802734375, 233.1075897216797, 348.7093811035156, 147.0966033935547, 164.84161376953125, 142.71681213378906, 210.74794006347656, 121.47762298583984, 192.59242248535156, 131.60513305664062, 174.67591857910156, 70.5473861694336, 60.79966354370117, 66.0528564453125, 47.882911682128906, 66.51467895507812, 27.801593780517578, 66.97574615478516, 45.941490173339844, 70.48095703125, 81.76813507080078, 41.062957763671875, 29.629335403442383, 83.56542205810547, 19.506364822387695, 8.010125160217285, 34.4508171081543, 15.780884742736816, 10.466485977172852, 15.4039945602417, 26.92166519165039, 22.87805938720703, 4.984414100646973, 12.782787322998047, 9.491336822509766, 10.526638984680176, 7.185795783996582, 3.16357684135437, 4.031376838684082, 4.938629627227783, 3.9721293449401855, 2.495741367340088, 2.2034754753112793, 2.5750699043273926, 1.9930871725082397, 4.525550842285156, 1.3517428636550903, 1.9910036325454712, 1.9001420736312866, 4.264876365661621, 0.9905942678451538, 0.9608830809593201, 1.001133680343628, 1.615889072418213, 2.2441294193267822, 0.6350091099739075, 1.7735710144042969, 0.995655357837677, 0.730474591255188, 0.3706212341785431, 1.9278476238250732, 0.3367016911506653, 0.32141581177711487, 0.3980996906757355, 0.5602017045021057], "true": [105.0, 104.0, 103.0, 102.0, 101.0, 100.0, 99.0, 98.0, 97.0, 96.0, 95.0, 94.0, 93.0, 92.0, 91.0, 90.0, 89.0, 88.0, 87.0, 86.0, 85.0, 84.0, 83.0, 82.0, 81.0, 80.0, 79.0, 78.0, 77.0, 76.0, 75.0, 74.0, 73.0, 72.0, 71.0, 70.0, 69.0, 68.0, 67.0, 66.0, 65.0, 64.0, 63.0, 62.0, 61.0, 60.0, 59.0, 58.0, 57.0, 56.0, 55.0, 54.0, 53.0, 52.0, 51.0, 50.0, 49.0, 48.0, 47.0, 46.0, 45.0, 44.0, 43.0, 42.0, 41.0, 40.0, 39.0, 38.0, 37.0, 36.0, 35.0, 34.0, 33.0, 32.0, 31.0, 30.0, 29.0, 28.0, 27.0, 26.0, 25.0, 24.0, 23.0, 22.0, 21.0, 20.0, 19.0, 18.0, 17.0, 16.0, 15.0, 14.0, 13.0, 12.0, 11.0, 10.0, 9.0, 8.0, 7.0, 6.0, 5.0, 4.0, 3.0, 2.0, 1.0, 0.0], "RMSE": 8.21}