{"mean": [119.02823638916016, 113.91365814208984, 116.34214782714844, 119.0295639038086, 118.04544830322266, 118.3389663696289, 119.47469329833984, 113.83927917480469, 116.01454162597656, 114.90022277832031, 108.62691497802734, 114.71095275878906, 120.3200454711914, 119.7818603515625, 117.0567626953125, 118.5653305053711, 118.2074966430664, 114.2745132446289, 117.60487365722656, 113.90022277832031, 117.0163803100586, 120.74507141113281, 116.65234375, 114.9997329711914, 118.9775390625, 111.78157806396484, 113.7310791015625, 114.3701400756836, 113.2713851928711, 106.01961517333984, 109.90987396240234, 105.3968734741211, 112.62017822265625, 110.61759185791016, 102.44834899902344, 102.05441284179688, 102.28022003173828, 105.51182556152344, 113.8664779663086, 98.28897857666016, 95.81550598144531, 100.68659973144531, 94.7818603515625, 97.76331329345703, 93.13182067871094, 91.43820190429688, 86.33973693847656, 85.44623565673828, 92.73688507080078, 85.97652435302734, 86.48518371582031, 91.85208892822266, 88.59800720214844, 85.08361053466797, 78.8608627319336, 74.54515075683594, 77.2702407836914, 73.87875366210938, 82.156982421875, 77.84278869628906, 80.18988037109375, 85.93941497802734, 64.93553161621094, 67.57884216308594, 65.70935821533203, 62.60728073120117, 72.29729461669922, 64.45162963867188, 61.47943878173828, 59.26811599731445, 64.77980041503906, 57.83052444458008, 54.3555908203125, 61.24712371826172, 54.12218475341797, 57.70197677612305, 55.163169860839844, 52.30280685424805, 49.202720642089844, 48.87531280517578, 51.781982421875, 46.35900115966797, 50.724578857421875, 44.7921028137207, 48.51762771606445, 44.644996643066406, 45.372779846191406, 39.38809585571289, 39.49358367919922, 38.90930938720703, 38.86342239379883, 37.32352066040039, 35.16537857055664, 33.68206024169922, 33.95793914794922, 32.409080505371094, 26.118274688720703, 28.566173553466797, 27.06157875061035, 25.530038833618164, 27.13388442993164, 21.61440658569336, 24.059762954711914, 23.642332077026367, 22.261730194091797, 22.429475784301758, 19.8505916595459, 18.200817108154297, 16.365894317626953, 16.150691986083984, 13.92479133605957, 13.13111400604248, 13.421116828918457, 11.765242576599121, 12.015649795532227, 11.789144515991211, 9.248147964477539, 9.037182807922363, 7.551184177398682, 7.379491329193115, 5.576786994934082, 4.7829694747924805, 3.5836730003356934, 2.6396241188049316, 1.3930779695510864, 0.7935888171195984, -0.10043983161449432], "var": [33.67009735107422, 25.73267364501953, 18.98285484313965, 30.608301162719727, 33.49595260620117, 18.654375076293945, 38.418487548828125, 20.22942543029785, 39.92796325683594, 65.12689971923828, 54.25569152832031, 63.24067306518555, 36.01259994506836, 66.67537689208984, 73.39581298828125, 24.106998443603516, 37.12030792236328, 21.743083953857422, 87.58230590820312, 54.63097381591797, 40.569252014160156, 35.81315231323242, 40.52845764160156, 69.0281982421875, 50.64635467529297, 149.76779174804688, 40.245033264160156, 33.728145599365234, 31.909832000732422, 103.69157409667969, 121.33642578125, 106.63246154785156, 123.58138275146484, 62.84067916870117, 160.928466796875, 102.05215454101562, 123.24491119384766, 84.27022552490234, 26.047626495361328, 234.94384765625, 243.90211486816406, 326.178466796875, 236.73301696777344, 274.9542541503906, 160.19435119628906, 129.60263061523438, 123.11776733398438, 294.5271911621094, 304.63385009765625, 255.53225708007812, 298.58099365234375, 230.2895965576172, 138.17361450195312, 317.037841796875, 216.71365356445312, 132.1223907470703, 159.57862854003906, 138.8047332763672, 167.62998962402344, 160.01136779785156, 209.64173889160156, 554.0342407226562, 100.5138931274414, 113.39588165283203, 193.53245544433594, 21.20589828491211, 66.90816497802734, 179.99346923828125, 68.71683502197266, 40.54987335205078, 172.10946655273438, 111.12010192871094, 21.799097061157227, 40.229713439941406, 43.15399932861328, 148.06185913085938, 74.75487518310547, 21.720775604248047, 26.898609161376953, 63.72039031982422, 31.448389053344727, 24.62336540222168, 15.825443267822266, 24.78375816345215, 12.987391471862793, 14.482563972473145, 14.686819076538086, 17.10565185546875, 24.45258903503418, 16.485074996948242, 31.949668884277344, 9.206892967224121, 11.992669105529785, 10.73448657989502, 7.364037990570068, 5.728886127471924, 4.9096455574035645, 5.4317498207092285, 1.9459737539291382, 5.397751331329346, 8.438328742980957, 4.10759162902832, 2.490534543991089, 4.264331817626953, 4.848529815673828, 2.2746381759643555, 2.1024248600006104, 2.35444974899292, 1.7255706787109375, 1.9979966878890991, 1.8449726104736328, 0.757996141910553, 0.7856626510620117, 2.5296130180358887, 1.7348135709762573, 1.1454585790634155, 1.0433659553527832, 0.7671406865119934, 0.39401260018348694, 0.4732046127319336, 1.0513449907302856, 1.086445689201355, 1.2625975608825684, 0.7265798449516296, 0.5882750749588013, 0.28152719140052795, 0.8488103747367859], "true": [120.0, 120.0, 120.0, 120.0, 120.0, 120.0, 120.0, 119.0, 118.0, 117.0, 116.0, 115.0, 114.0, 113.0, 112.0, 111.0, 110.0, 109.0, 108.0, 107.0, 106.0, 105.0, 104.0, 103.0, 102.0, 101.0, 100.0, 99.0, 98.0, 97.0, 96.0, 95.0, 94.0, 93.0, 92.0, 91.0, 90.0, 89.0, 88.0, 87.0, 86.0, 85.0, 84.0, 83.0, 82.0, 81.0, 80.0, 79.0, 78.0, 77.0, 76.0, 75.0, 74.0, 73.0, 72.0, 71.0, 70.0, 69.0, 68.0, 67.0, 66.0, 65.0, 64.0, 63.0, 62.0, 61.0, 60.0, 59.0, 58.0, 57.0, 56.0, 55.0, 54.0, 53.0, 52.0, 51.0, 50.0, 49.0, 48.0, 47.0, 46.0, 45.0, 44.0, 43.0, 42.0, 41.0, 40.0, 39.0, 38.0, 37.0, 36.0, 35.0, 34.0, 33.0, 32.0, 31.0, 30.0, 29.0, 28.0, 27.0, 26.0, 25.0, 24.0, 23.0, 22.0, 21.0, 20.0, 19.0, 18.0, 17.0, 16.0, 15.0, 14.0, 13.0, 12.0, 11.0, 10.0, 9.0, 8.0, 7.0, 6.0, 5.0, 4.0, 3.0, 2.0, 1.0, 0.0], "RMSE": 8.25}