{"mean": [93.70213317871094, 93.83324432373047, 102.16658782958984, 97.12648010253906, 106.4275131225586, 97.86540222167969, 106.79438781738281, 104.2176513671875, 87.5202407836914, 95.5378646850586, 100.79962158203125, 88.02287292480469, 92.39879608154297, 93.13094329833984, 101.59745788574219, 97.41548156738281, 95.89479064941406, 95.19276428222656, 103.85768127441406, 88.28654479980469, 99.7173843383789, 83.36363983154297, 90.49746704101562, 83.1938247680664, 85.49109649658203, 89.83741760253906, 85.80364990234375, 77.13672637939453, 91.66972351074219, 94.11331939697266, 84.84945678710938, 86.13016510009766, 83.34825134277344, 91.30003356933594, 79.5156021118164, 78.02458190917969, 72.82792663574219, 78.73497009277344, 81.83992004394531, 72.71990203857422, 74.64958953857422, 73.68238830566406, 79.21280670166016, 72.12698364257812, 68.86275482177734, 76.47020721435547, 66.73931121826172, 78.66337585449219, 53.84967041015625, 65.71359252929688, 66.02529907226562, 65.62617492675781, 55.71638107299805, 64.90855407714844, 62.32380294799805, 58.986366271972656, 56.435333251953125, 57.7340087890625, 54.43854904174805, 51.86915969848633, 56.6298713684082, 54.78511428833008, 50.57110595703125, 48.342689514160156, 49.86410903930664, 46.85270309448242, 49.88422393798828, 45.10594940185547, 45.59004592895508, 43.51274490356445, 40.790435791015625, 41.642234802246094, 41.5275993347168, 38.76674270629883, 36.822547912597656, 35.20367431640625, 31.911401748657227, 31.50579833984375, 30.05537986755371, 28.51325035095215, 24.669979095458984, 27.74673080444336, 25.177364349365234, 23.679861068725586, 23.50322914123535, 22.935028076171875, 19.298320770263672, 20.094511032104492, 19.04168701171875, 16.845958709716797, 13.76807689666748, 13.253156661987305, 12.448229789733887, 10.892594337463379, 10.807622909545898, 9.88538646697998, 9.452821731567383, 8.944366455078125, 7.1208648681640625, 6.771317958831787, 4.8635149002075195, 3.7395331859588623, 3.050924301147461, 2.0432910919189453, 1.207336187362671, 0.2941405177116394], "var": [95.7116470336914, 177.6708984375, 181.97511291503906, 175.6855010986328, 183.61647033691406, 158.74484252929688, 115.12323760986328, 318.3072204589844, 100.84843444824219, 181.64239501953125, 190.9434814453125, 219.03607177734375, 324.04620361328125, 265.08447265625, 117.12831115722656, 312.2794189453125, 23.319435119628906, 133.88014221191406, 206.33880615234375, 151.06649780273438, 364.17169189453125, 152.8260040283203, 224.0037078857422, 305.1479797363281, 184.79620361328125, 275.2093200683594, 331.03326416015625, 132.52804565429688, 447.9805908203125, 307.0306396484375, 297.6617431640625, 342.60693359375, 477.2206115722656, 583.601318359375, 141.05747985839844, 322.14044189453125, 114.58133697509766, 270.8276062011719, 272.4905090332031, 72.6937484741211, 237.1805877685547, 227.9404296875, 424.88702392578125, 190.9119415283203, 222.99879455566406, 318.49591064453125, 224.93096923828125, 186.39764404296875, 31.525028228759766, 208.7942657470703, 77.48468780517578, 137.89752197265625, 44.022377014160156, 54.87495803833008, 77.89115142822266, 95.59542083740234, 75.72323608398438, 171.0462188720703, 41.82680130004883, 39.04038619995117, 51.007652282714844, 51.66392135620117, 7.3060994148254395, 25.687101364135742, 38.164737701416016, 42.1487922668457, 17.609027862548828, 23.6973876953125, 53.26902770996094, 18.301265716552734, 23.59100914001465, 13.479199409484863, 21.9755916595459, 19.158008575439453, 15.357439041137695, 13.086307525634766, 7.594547748565674, 5.993563175201416, 8.110575675964355, 5.256952285766602, 3.0704472064971924, 5.3876953125, 2.810380220413208, 2.733907461166382, 1.316243290901184, 5.643441200256348, 2.0624139308929443, 2.037771224975586, 2.311093807220459, 3.6207406520843506, 1.4360629320144653, 2.336193799972534, 0.5748091340065002, 1.2928922176361084, 1.8158122301101685, 1.1377551555633545, 2.153916835784912, 2.0188522338867188, 1.1316606998443604, 0.9591038823127747, 1.147159218788147, 1.0611203908920288, 0.7663622498512268, 0.908829391002655, 0.3614305257797241, 0.29598814249038696], "true": [105.0, 104.0, 103.0, 102.0, 101.0, 100.0, 99.0, 98.0, 97.0, 96.0, 95.0, 94.0, 93.0, 92.0, 91.0, 90.0, 89.0, 88.0, 87.0, 86.0, 85.0, 84.0, 83.0, 82.0, 81.0, 80.0, 79.0, 78.0, 77.0, 76.0, 75.0, 74.0, 73.0, 72.0, 71.0, 70.0, 69.0, 68.0, 67.0, 66.0, 65.0, 64.0, 63.0, 62.0, 61.0, 60.0, 59.0, 58.0, 57.0, 56.0, 55.0, 54.0, 53.0, 52.0, 51.0, 50.0, 49.0, 48.0, 47.0, 46.0, 45.0, 44.0, 43.0, 42.0, 41.0, 40.0, 39.0, 38.0, 37.0, 36.0, 35.0, 34.0, 33.0, 32.0, 31.0, 30.0, 29.0, 28.0, 27.0, 26.0, 25.0, 24.0, 23.0, 22.0, 21.0, 20.0, 19.0, 18.0, 17.0, 16.0, 15.0, 14.0, 13.0, 12.0, 11.0, 10.0, 9.0, 8.0, 7.0, 6.0, 5.0, 4.0, 3.0, 2.0, 1.0, 0.0], "RMSE": 8.03}