{"mean": [117.21586608886719, 111.4036636352539, 113.0789794921875, 116.3218002319336, 115.27325439453125, 116.55378723144531, 117.37369537353516, 112.1067123413086, 116.49244689941406, 112.45211029052734, 110.73811340332031, 113.59391021728516, 118.31794738769531, 119.10906982421875, 115.1726303100586, 118.5797348022461, 114.35374450683594, 112.25569915771484, 115.91950988769531, 108.58470153808594, 115.69002532958984, 118.86228942871094, 114.24813079833984, 114.25294494628906, 111.78138732910156, 114.57940673828125, 109.40203857421875, 109.18243408203125, 112.37919616699219, 107.78365325927734, 105.53031158447266, 105.56246185302734, 109.39300537109375, 110.84736633300781, 105.30889892578125, 101.9884033203125, 103.87068176269531, 102.1646499633789, 99.82483673095703, 105.67633056640625, 106.50016784667969, 93.57868957519531, 110.05623626708984, 105.26365661621094, 98.26783752441406, 109.41400146484375, 89.27583312988281, 96.64076232910156, 95.14283752441406, 89.36100769042969, 93.45375061035156, 93.34881591796875, 91.51403045654297, 90.59809875488281, 83.23648834228516, 82.16259765625, 82.82320404052734, 67.8051986694336, 72.38603973388672, 82.91221618652344, 77.03469848632812, 76.90916442871094, 71.94520568847656, 72.6818618774414, 71.64112854003906, 65.91946411132812, 68.91646575927734, 65.98982238769531, 64.19869995117188, 61.88450241088867, 65.94575500488281, 64.39352416992188, 55.847557067871094, 59.25531768798828, 57.21173858642578, 57.297454833984375, 56.01298141479492, 53.91241455078125, 51.477935791015625, 50.76008605957031, 48.1568489074707, 46.957523345947266, 48.9918212890625, 45.2401008605957, 45.39841842651367, 42.364986419677734, 43.258811950683594, 38.933311462402344, 37.11525344848633, 36.321189880371094, 36.66999435424805, 34.496009826660156, 31.769149780273438, 31.93593406677246, 30.988605499267578, 26.558841705322266, 29.334278106689453, 26.517475128173828, 24.604801177978516, 23.72859001159668, 24.110681533813477, 21.209457397460938, 20.995189666748047, 20.223995208740234, 19.956079483032227, 19.16659927368164, 16.9758358001709, 14.696182250976562, 14.316723823547363, 14.136731147766113, 12.927877426147461, 12.390829086303711, 12.10720157623291, 12.068136215209961, 11.397211074829102, 10.863018989562988, 8.681915283203125, 8.515745162963867, 7.367347717285156, 7.7934770584106445, 3.572584629058838, 4.236893653869629, 3.3123202323913574, 2.1514692306518555, 1.9445688724517822], "var": [21.86882972717285, 23.546175003051758, 28.85960578918457, 25.546756744384766, 17.83686065673828, 20.901155471801758, 29.59309196472168, 59.35383987426758, 29.659090042114258, 56.82999038696289, 47.8067626953125, 39.88313674926758, 41.94809341430664, 29.796260833740234, 74.65835571289062, 31.28827476501465, 36.90414047241211, 32.07024002075195, 75.34923553466797, 98.35879516601562, 53.29750442504883, 27.29669952392578, 78.64875793457031, 78.67515563964844, 172.7925567626953, 156.09033203125, 83.72035217285156, 141.86907958984375, 44.04875564575195, 77.81243896484375, 178.86561584472656, 170.68133544921875, 155.67324829101562, 54.84177780151367, 171.51992797851562, 127.56707763671875, 172.82211303710938, 104.48490905761719, 77.2406234741211, 202.6155548095703, 69.97146606445312, 317.9996337890625, 117.7792739868164, 138.39979553222656, 151.34361267089844, 133.531494140625, 83.28119659423828, 145.43203735351562, 250.3285675048828, 363.6121520996094, 204.21058654785156, 155.6243896484375, 31.80956268310547, 108.20993041992188, 151.0573272705078, 163.6840057373047, 145.8620147705078, 84.1733169555664, 127.4947509765625, 171.52870178222656, 155.94371032714844, 332.890625, 128.34182739257812, 163.47970581054688, 93.99563598632812, 28.768640518188477, 45.054412841796875, 121.70781707763672, 45.99199676513672, 59.07778549194336, 114.21402740478516, 110.19255065917969, 31.1113224029541, 67.24009704589844, 35.50796127319336, 67.13339233398438, 30.757076263427734, 17.526351928710938, 19.47959327697754, 22.899906158447266, 12.075204849243164, 12.517772674560547, 7.2339677810668945, 14.024935722351074, 11.346755027770996, 5.458247184753418, 13.357185363769531, 6.385467052459717, 12.544171333312988, 4.351252555847168, 15.465495109558105, 4.565492153167725, 4.084517955780029, 7.658469200134277, 3.2003700733184814, 5.300878047943115, 5.717020034790039, 2.9199588298797607, 1.1952608823776245, 5.922914505004883, 6.6861796379089355, 4.994526386260986, 1.733810305595398, 2.1733999252319336, 3.7281594276428223, 2.254377841949463, 1.8993206024169922, 1.3863054513931274, 1.2548493146896362, 0.8674452304840088, 1.085731029510498, 0.5362292528152466, 0.8764925003051758, 1.5207831859588623, 1.5264118909835815, 0.7182156443595886, 0.6140661239624023, 0.5634563565254211, 0.6276091933250427, 0.9499597549438477, 0.9905175566673279, 0.3953680098056793, 0.8965446352958679, 0.8198719024658203, 0.1507442742586136], "true": [120.0, 120.0, 120.0, 120.0, 120.0, 119.0, 118.0, 117.0, 116.0, 115.0, 114.0, 113.0, 112.0, 111.0, 110.0, 109.0, 108.0, 107.0, 106.0, 105.0, 104.0, 103.0, 102.0, 101.0, 100.0, 99.0, 98.0, 97.0, 96.0, 95.0, 94.0, 93.0, 92.0, 91.0, 90.0, 89.0, 88.0, 87.0, 86.0, 85.0, 84.0, 83.0, 82.0, 81.0, 80.0, 79.0, 78.0, 77.0, 76.0, 75.0, 74.0, 73.0, 72.0, 71.0, 70.0, 69.0, 68.0, 67.0, 66.0, 65.0, 64.0, 63.0, 62.0, 61.0, 60.0, 59.0, 58.0, 57.0, 56.0, 55.0, 54.0, 53.0, 52.0, 51.0, 50.0, 49.0, 48.0, 47.0, 46.0, 45.0, 44.0, 43.0, 42.0, 41.0, 40.0, 39.0, 38.0, 37.0, 36.0, 35.0, 34.0, 33.0, 32.0, 31.0, 30.0, 29.0, 28.0, 27.0, 26.0, 25.0, 24.0, 23.0, 22.0, 21.0, 20.0, 19.0, 18.0, 17.0, 16.0, 15.0, 14.0, 13.0, 12.0, 11.0, 10.0, 9.0, 8.0, 7.0, 6.0, 5.0, 4.0, 3.0, 2.0, 1.0, 0.0], "RMSE": 10.48}