{"mean": [119.03985595703125, 113.5974349975586, 114.7291488647461, 117.146728515625, 117.48294830322266, 117.21187591552734, 119.44560241699219, 112.98487854003906, 117.96923828125, 114.3512191772461, 109.741943359375, 114.9363021850586, 120.3556900024414, 119.21681213378906, 116.46927642822266, 118.07139587402344, 118.71614837646484, 114.533935546875, 117.76292419433594, 118.90110778808594, 118.87933349609375, 120.72813415527344, 116.5672836303711, 116.66764068603516, 114.91584777832031, 120.61141204833984, 114.52069091796875, 113.5006332397461, 112.2131118774414, 110.57266998291016, 110.41483306884766, 108.2576675415039, 112.6312484741211, 113.29942321777344, 108.36039733886719, 103.12591552734375, 101.45333099365234, 106.68231201171875, 113.8664779663086, 98.49454498291016, 100.17191314697266, 91.06929016113281, 95.4853744506836, 98.09442138671875, 93.49864196777344, 105.181396484375, 95.43675231933594, 78.24686431884766, 87.53143310546875, 86.3946304321289, 86.89585876464844, 89.41462707519531, 83.20452880859375, 81.93910217285156, 79.48347473144531, 78.78019714355469, 77.67910766601562, 70.60646057128906, 78.48023986816406, 76.80150604248047, 75.54735565185547, 76.96023559570312, 61.66398239135742, 63.204437255859375, 65.64860534667969, 63.26311111450195, 66.93965148925781, 61.51320266723633, 60.987548828125, 57.86014938354492, 62.6014518737793, 56.281272888183594, 57.23334503173828, 56.27506637573242, 53.6339111328125, 56.85650634765625, 55.0164794921875, 53.3436164855957, 48.94292449951172, 49.31577682495117, 50.26505661010742, 49.12845993041992, 50.80860137939453, 46.161094665527344, 46.92432403564453, 41.520450592041016, 45.972476959228516, 40.654422760009766, 39.77124786376953, 38.70872116088867, 38.57600021362305, 38.00154495239258, 33.56965255737305, 36.03171920776367, 32.69175720214844, 29.82684326171875, 28.966060638427734, 28.6921443939209, 27.36751937866211, 27.24605941772461, 27.259838104248047, 25.261499404907227, 23.64777946472168, 23.134578704833984, 22.68214988708496, 22.265222549438477, 19.824983596801758, 17.524450302124023, 16.376537322998047, 16.18219757080078, 14.105196952819824, 13.808731079101562, 13.40412425994873, 12.755620956420898, 12.264983177185059, 11.78710651397705, 9.309679985046387, 8.98945140838623, 7.424191474914551, 7.2054643630981445, 5.572307109832764, 4.720810890197754, 3.584404468536377, 3.0711476802825928, 1.218379259109497, 0.792487621307373, -0.10163529217243195], "var": [32.44021224975586, 26.150983810424805, 22.303951263427734, 35.729576110839844, 33.51126480102539, 19.241050720214844, 38.29466247558594, 16.07781982421875, 45.467716217041016, 65.60123443603516, 44.47550582885742, 64.72772979736328, 35.592315673828125, 61.886436462402344, 74.20909881591797, 25.44099235534668, 37.97011184692383, 21.27263069152832, 87.05211639404297, 40.32410430908203, 36.0650520324707, 32.95842361450195, 39.295074462890625, 55.135894775390625, 86.20034790039062, 49.39164733886719, 39.21432113647461, 38.64543914794922, 39.62879180908203, 61.11758041381836, 119.33195495605469, 88.46158599853516, 125.71613311767578, 56.31654357910156, 100.54995727539062, 93.39887237548828, 126.91729736328125, 73.66674041748047, 26.047632217407227, 236.86961364746094, 214.56033325195312, 347.0419616699219, 230.5406951904297, 268.5876770019531, 156.04798889160156, 74.62435913085938, 136.69427490234375, 277.8836975097656, 291.323974609375, 256.33355712890625, 292.1454162597656, 249.7304229736328, 127.2973403930664, 307.7227783203125, 223.08621215820312, 149.62693786621094, 158.4547882080078, 118.03646850585938, 165.248291015625, 149.32693481445312, 153.91725158691406, 409.5294189453125, 86.10078430175781, 88.7837142944336, 193.39224243164062, 21.35395050048828, 52.3939208984375, 148.23190307617188, 64.87551879882812, 38.03644561767578, 148.09461975097656, 96.73418426513672, 30.39556121826172, 32.82111358642578, 41.813655853271484, 139.2364959716797, 73.85003662109375, 23.04378890991211, 26.75383758544922, 55.75828552246094, 31.73760414123535, 28.714265823364258, 16.064376831054688, 30.405298233032227, 12.026098251342773, 11.654980659484863, 14.957562446594238, 19.55034065246582, 25.019702911376953, 17.98511505126953, 30.86736488342285, 9.917742729187012, 10.63121223449707, 12.331757545471191, 6.585357189178467, 4.580816268920898, 6.583498954772949, 5.374911785125732, 2.094111919403076, 6.130098819732666, 8.646859169006348, 10.557892799377441, 2.3290908336639404, 4.237232685089111, 5.508628845214844, 2.46830415725708, 2.1125144958496094, 2.1648213863372803, 1.7115558385849, 2.0198564529418945, 1.8005224466323853, 0.9817500114440918, 0.7812780141830444, 2.633450508117676, 1.7061421871185303, 1.1438554525375366, 1.0451643466949463, 0.7252309322357178, 0.38275232911109924, 0.4343334138393402, 1.0508548021316528, 1.082045555114746, 1.262843132019043, 0.734998881816864, 0.5782439708709717, 0.2818295359611511, 0.8481864929199219], "true": [120.0, 120.0, 120.0, 120.0, 120.0, 120.0, 120.0, 119.0, 118.0, 117.0, 116.0, 115.0, 114.0, 113.0, 112.0, 111.0, 110.0, 109.0, 108.0, 107.0, 106.0, 105.0, 104.0, 103.0, 102.0, 101.0, 100.0, 99.0, 98.0, 97.0, 96.0, 95.0, 94.0, 93.0, 92.0, 91.0, 90.0, 89.0, 88.0, 87.0, 86.0, 85.0, 84.0, 83.0, 82.0, 81.0, 80.0, 79.0, 78.0, 77.0, 76.0, 75.0, 74.0, 73.0, 72.0, 71.0, 70.0, 69.0, 68.0, 67.0, 66.0, 65.0, 64.0, 63.0, 62.0, 61.0, 60.0, 59.0, 58.0, 57.0, 56.0, 55.0, 54.0, 53.0, 52.0, 51.0, 50.0, 49.0, 48.0, 47.0, 46.0, 45.0, 44.0, 43.0, 42.0, 41.0, 40.0, 39.0, 38.0, 37.0, 36.0, 35.0, 34.0, 33.0, 32.0, 31.0, 30.0, 29.0, 28.0, 27.0, 26.0, 25.0, 24.0, 23.0, 22.0, 21.0, 20.0, 19.0, 18.0, 17.0, 16.0, 15.0, 14.0, 13.0, 12.0, 11.0, 10.0, 9.0, 8.0, 7.0, 6.0, 5.0, 4.0, 3.0, 2.0, 1.0, 0.0], "RMSE": 8.36}