{"mean": [123.11286926269531, 119.50260925292969, 119.75724029541016, 122.66230773925781, 123.226318359375, 123.2204818725586, 124.4756088256836, 120.74696350097656, 122.78166198730469, 120.48454284667969, 117.93302917480469, 120.805908203125, 122.10340881347656, 123.1227035522461, 119.71647644042969, 121.15711975097656, 121.7486801147461, 117.49269104003906, 120.79874420166016, 118.1473388671875, 119.09513092041016, 120.41597747802734, 119.17192077636719, 120.12467956542969, 115.68840026855469, 120.33321380615234, 117.2842788696289, 117.21839904785156, 115.10981750488281, 118.42203521728516, 121.3013687133789, 117.5209732055664, 117.3853759765625, 114.3540267944336, 110.91130065917969, 114.036376953125, 114.4248275756836, 117.2835464477539, 115.10224914550781, 113.30824279785156, 112.26666259765625, 110.6251449584961, 116.22489929199219, 110.7505111694336, 113.1029052734375, 105.16397857666016, 109.91170501708984, 103.04439544677734, 101.51374816894531, 97.31764221191406, 97.38948822021484, 99.34781646728516, 82.652587890625, 91.64894104003906, 85.8143539428711, 81.45159912109375, 77.122802734375, 68.57423400878906, 77.15766143798828, 70.47462463378906, 69.6141128540039, 70.34443664550781, 62.643653869628906, 60.33600616455078, 60.60840606689453, 59.87891387939453, 62.5321044921875, 55.785362243652344, 55.65559005737305, 53.21649932861328, 57.0074462890625, 53.1577262878418, 47.943748474121094, 46.19782257080078, 48.30320739746094, 49.6370849609375, 49.38550567626953, 48.099456787109375, 43.99495315551758, 46.642311096191406, 44.37487030029297, 40.69966506958008, 46.159095764160156, 41.7271614074707, 41.48719787597656, 37.553951263427734, 40.955379486083984, 37.58335494995117, 35.09373474121094, 35.58022689819336, 35.8401985168457, 31.393117904663086, 31.92083168029785, 32.095436096191406, 30.68475914001465, 28.826303482055664, 27.849437713623047, 26.40730857849121, 25.453044891357422, 25.1885986328125, 25.451251983642578, 22.947084426879883, 22.160625457763672, 21.816923141479492, 21.53980255126953, 21.04002571105957, 16.034387588500977, 17.337024688720703, 15.834620475769043, 15.1360502243042, 13.12499713897705, 12.220444679260254, 11.905383110046387, 9.841841697692871, 10.414457321166992, 10.007440567016602, 6.985494136810303, 7.222853183746338, 6.006796836853027, 5.766200065612793, 4.138803958892822, 3.4614062309265137, 1.4036717414855957, 1.3061301708221436, 0.22366037964820862], "var": [20.547420501708984, 28.960735321044922, 19.727914810180664, 29.251493453979492, 19.54591941833496, 15.42809009552002, 20.065731048583984, 18.57685661315918, 19.50390625, 42.50025177001953, 41.0378303527832, 31.286380767822266, 37.35404968261719, 26.500158309936523, 39.94371032714844, 17.27931785583496, 22.801054000854492, 19.419057846069336, 41.85784912109375, 49.71953582763672, 56.67028045654297, 35.580989837646484, 34.94640350341797, 8.696653366088867, 59.63539505004883, 51.405357360839844, 61.27452087402344, 24.50054168701172, 24.886516571044922, 27.19058609008789, 60.59029769897461, 53.46384811401367, 87.06005096435547, 71.8151626586914, 79.58330535888672, 77.12565612792969, 92.16954040527344, 38.20561981201172, 76.3489761352539, 64.39349365234375, 116.47281646728516, 230.4964599609375, 64.9397201538086, 136.6539306640625, 39.407745361328125, 135.52413940429688, 93.9957504272461, 219.4503631591797, 306.3289794921875, 250.052490234375, 267.4082946777344, 163.08412170410156, 134.76065063476562, 196.4534149169922, 161.0460662841797, 177.29844665527344, 186.05870056152344, 111.56596374511719, 211.0596923828125, 96.84058380126953, 129.50164794921875, 344.9577331542969, 74.27850341796875, 71.86332702636719, 115.44110870361328, 27.287288665771484, 46.8426513671875, 85.27572631835938, 38.45058059692383, 30.42454719543457, 118.6515121459961, 68.90454864501953, 7.3759331703186035, 12.179697036743164, 16.089998245239258, 53.38254928588867, 45.11262893676758, 15.668930053710938, 17.219758987426758, 43.740779876708984, 18.365169525146484, 6.825088024139404, 7.161409378051758, 5.924554824829102, 5.340325355529785, 4.620847225189209, 12.238029479980469, 10.435956954956055, 7.354835033416748, 12.818531036376953, 19.89244270324707, 4.185499668121338, 3.804109811782837, 12.093789100646973, 4.853487968444824, 2.9996132850646973, 5.846450328826904, 4.558868885040283, 1.2382601499557495, 4.154151439666748, 4.902032852172852, 6.358255863189697, 1.6625134944915771, 3.928506851196289, 3.1763288974761963, 2.2262022495269775, 1.5695394277572632, 2.3791306018829346, 1.8193837404251099, 1.6219545602798462, 2.0522139072418213, 0.7562015652656555, 0.7984076142311096, 2.1419966220855713, 1.4709426164627075, 0.9485465884208679, 0.8159964084625244, 0.5812290906906128, 0.34136560559272766, 0.3682553470134735, 0.9765122532844543, 0.8755786418914795, 1.0015547275543213, 0.7475846409797668, 0.5657299160957336], "true": [120.0, 120.0, 120.0, 120.0, 120.0, 119.0, 118.0, 117.0, 116.0, 115.0, 114.0, 113.0, 112.0, 111.0, 110.0, 109.0, 108.0, 107.0, 106.0, 105.0, 104.0, 103.0, 102.0, 101.0, 100.0, 99.0, 98.0, 97.0, 96.0, 95.0, 94.0, 93.0, 92.0, 91.0, 90.0, 89.0, 88.0, 87.0, 86.0, 85.0, 84.0, 83.0, 82.0, 81.0, 80.0, 79.0, 78.0, 77.0, 76.0, 75.0, 74.0, 73.0, 72.0, 71.0, 70.0, 69.0, 68.0, 67.0, 66.0, 65.0, 64.0, 63.0, 62.0, 61.0, 60.0, 59.0, 58.0, 57.0, 56.0, 55.0, 54.0, 53.0, 52.0, 51.0, 50.0, 49.0, 48.0, 47.0, 46.0, 45.0, 44.0, 43.0, 42.0, 41.0, 40.0, 39.0, 38.0, 37.0, 36.0, 35.0, 34.0, 33.0, 32.0, 31.0, 30.0, 29.0, 28.0, 27.0, 26.0, 25.0, 24.0, 23.0, 22.0, 21.0, 20.0, 19.0, 18.0, 17.0, 16.0, 15.0, 14.0, 13.0, 12.0, 11.0, 10.0, 9.0, 8.0, 7.0, 6.0, 5.0, 4.0, 3.0, 2.0, 1.0, 0.0], "RMSE": 13.51}