{"mean": [119.7667465209961, 123.3811264038086, 121.80110168457031, 122.1569595336914, 122.54093170166016, 125.34465026855469, 118.38615417480469, 122.91386413574219, 120.76307678222656, 120.61669921875, 118.4438247680664, 120.85997009277344, 116.26236724853516, 117.6065673828125, 120.54801940917969, 124.3023452758789, 121.66331481933594, 117.34767150878906, 117.69905090332031, 117.0151138305664, 116.91373443603516, 121.98442077636719, 117.00714111328125, 115.83915710449219, 119.84901428222656, 113.12300872802734, 114.95924377441406, 111.22135925292969, 116.87260437011719, 119.94915771484375, 120.6218032836914, 117.64501953125, 113.3101806640625, 118.33744812011719, 114.7254638671875, 117.8683853149414, 110.75358581542969, 110.92704772949219, 111.42817687988281, 110.71744537353516, 113.31636047363281, 107.1878890991211, 119.56520080566406, 115.95149230957031, 107.07125091552734, 101.9305191040039, 104.512451171875, 101.7486343383789, 98.55183410644531, 97.31133270263672, 96.09721374511719, 93.87970733642578, 96.29878234863281, 80.57041931152344, 91.68826293945312, 80.22625732421875, 69.1103744506836, 76.41830444335938, 67.19828796386719, 69.69440460205078, 63.16606903076172, 63.5904426574707, 62.39110565185547, 63.6149787902832, 60.302703857421875, 54.20475387573242, 57.369728088378906, 62.16569900512695, 64.53780364990234, 61.14262771606445, 53.09144973754883, 50.25585174560547, 51.50431442260742, 47.84178161621094, 48.14817428588867, 50.57836151123047, 50.65708541870117, 46.9605827331543, 46.017738342285156, 46.02251434326172, 46.714866638183594, 42.87190628051758, 40.98438262939453, 40.947669982910156, 40.7585563659668, 37.51891326904297, 38.45907211303711, 35.72171401977539, 32.3433952331543, 35.636627197265625, 34.3348274230957, 33.25849151611328, 28.6240177154541, 30.495508193969727, 28.403650283813477, 28.385568618774414, 28.456340789794922, 25.657470703125, 25.529624938964844, 24.58602523803711, 23.398046493530273, 23.499481201171875, 21.540836334228516, 21.94707679748535, 19.297151565551758, 20.126371383666992, 19.456146240234375, 17.000076293945312, 16.1179256439209, 14.46563720703125, 11.817926406860352, 12.705108642578125, 11.553532600402832, 10.684751510620117, 9.524202346801758, 9.352714538574219, 8.630189895629883, 7.813214302062988, 6.1325507164001465, 4.640130519866943, 4.2475409507751465, 3.4403419494628906, 2.6578896045684814, 1.0005534887313843, 0.16208772361278534], "var": [32.209922790527344, 12.42428207397461, 21.42677879333496, 35.73455810546875, 20.001821517944336, 34.28475570678711, 46.147666931152344, 14.261970520019531, 46.94956588745117, 9.05223274230957, 57.625152587890625, 44.76276779174805, 28.123443603515625, 28.838380813598633, 25.003646850585938, 14.732102394104004, 22.903404235839844, 49.02994918823242, 57.07046127319336, 24.220924377441406, 65.6724853515625, 36.383087158203125, 35.674007415771484, 59.20191955566406, 29.79849624633789, 53.86357879638672, 63.64780044555664, 47.67486572265625, 64.69046783447266, 29.416019439697266, 36.231040954589844, 34.635276794433594, 109.29586791992188, 59.012027740478516, 100.46783447265625, 42.86091995239258, 103.1007308959961, 83.92417907714844, 71.43233489990234, 123.59188079833984, 64.35350036621094, 193.14517211914062, 61.146270751953125, 63.22600173950195, 132.62191772460938, 146.3822784423828, 252.50357055664062, 119.1034927368164, 132.41146850585938, 287.3077392578125, 189.63296508789062, 255.41375732421875, 321.58599853515625, 191.68922424316406, 261.52874755859375, 87.71537780761719, 81.72721862792969, 99.3924331665039, 137.67837524414062, 47.05465316772461, 67.84966278076172, 90.26057434082031, 21.42702865600586, 60.317596435546875, 70.03602600097656, 25.420841217041016, 41.21187210083008, 227.5294647216797, 261.9967956542969, 260.64068603515625, 113.81148529052734, 13.292803764343262, 27.0994815826416, 12.129948616027832, 14.504212379455566, 35.49191665649414, 29.64506721496582, 9.251559257507324, 5.240835189819336, 15.202690124511719, 15.763823509216309, 18.994979858398438, 6.565974235534668, 13.88144302368164, 4.535024642944336, 5.295528888702393, 5.062730312347412, 4.170009613037109, 6.957751750946045, 4.408703327178955, 6.233547687530518, 8.973907470703125, 0.9913500547409058, 4.595055103302002, 6.973055362701416, 2.5656025409698486, 8.646318435668945, 2.450667381286621, 4.846999168395996, 3.335143804550171, 4.208826541900635, 1.5879707336425781, 2.137308359146118, 8.181890487670898, 3.9542956352233887, 3.2350618839263916, 3.0208663940429688, 1.2486613988876343, 0.9891923666000366, 0.7172346711158752, 1.9444711208343506, 0.621607780456543, 0.8268779516220093, 0.5074052214622498, 1.013635516166687, 1.0865509510040283, 0.8570618629455566, 1.2137752771377563, 1.1801033020019531, 0.7493966817855835, 0.9526191353797913, 0.35650908946990967, 0.403937965631485, 0.7036808729171753, 0.2755590081214905], "true": [120.0, 120.0, 120.0, 120.0, 120.0, 119.0, 118.0, 117.0, 116.0, 115.0, 114.0, 113.0, 112.0, 111.0, 110.0, 109.0, 108.0, 107.0, 106.0, 105.0, 104.0, 103.0, 102.0, 101.0, 100.0, 99.0, 98.0, 97.0, 96.0, 95.0, 94.0, 93.0, 92.0, 91.0, 90.0, 89.0, 88.0, 87.0, 86.0, 85.0, 84.0, 83.0, 82.0, 81.0, 80.0, 79.0, 78.0, 77.0, 76.0, 75.0, 74.0, 73.0, 72.0, 71.0, 70.0, 69.0, 68.0, 67.0, 66.0, 65.0, 64.0, 63.0, 62.0, 61.0, 60.0, 59.0, 58.0, 57.0, 56.0, 55.0, 54.0, 53.0, 52.0, 51.0, 50.0, 49.0, 48.0, 47.0, 46.0, 45.0, 44.0, 43.0, 42.0, 41.0, 40.0, 39.0, 38.0, 37.0, 36.0, 35.0, 34.0, 33.0, 32.0, 31.0, 30.0, 29.0, 28.0, 27.0, 26.0, 25.0, 24.0, 23.0, 22.0, 21.0, 20.0, 19.0, 18.0, 17.0, 16.0, 15.0, 14.0, 13.0, 12.0, 11.0, 10.0, 9.0, 8.0, 7.0, 6.0, 5.0, 4.0, 3.0, 2.0, 1.0, 0.0], "RMSE": 12.94}