{"mean": [121.50093078613281, 119.04994201660156, 116.33586120605469, 116.38963317871094, 118.82749938964844, 118.3772201538086, 118.19068908691406, 119.48347473144531, 120.34134674072266, 119.36915588378906, 118.55961608886719, 115.76310729980469, 115.59248352050781, 116.04966735839844, 117.68745422363281, 118.1333999633789, 120.8813247680664, 115.13621520996094, 112.5035400390625, 116.4990463256836, 116.29524230957031, 118.31187438964844, 117.83525085449219, 115.90190124511719, 117.35820007324219, 116.93141174316406, 114.1402816772461, 114.7579574584961, 113.6228256225586, 118.3558120727539, 118.02250671386719, 116.48902893066406, 117.80522155761719, 113.4535903930664, 118.728271484375, 117.72523498535156, 116.9805679321289, 116.30137634277344, 114.14384460449219, 115.24749755859375, 115.7887954711914, 111.00794982910156, 103.30316162109375, 115.22703552246094, 107.02391052246094, 108.73936462402344, 105.98139953613281, 100.75945281982422, 104.84637451171875, 102.11947631835938, 109.847412109375, 95.3380126953125, 97.705322265625, 96.1673812866211, 95.69190216064453, 99.10652923583984, 84.0117416381836, 87.49785614013672, 92.86613464355469, 88.44941711425781, 88.83527374267578, 82.55587005615234, 88.9820785522461, 80.10677337646484, 71.18016052246094, 82.8416748046875, 74.52803802490234, 73.4145278930664, 70.95860290527344, 78.7394027709961, 68.21507263183594, 68.08548736572266, 62.62885284423828, 60.5079231262207, 58.866493225097656, 61.196197509765625, 60.96379852294922, 55.234222412109375, 49.68360137939453, 55.693321228027344, 57.227012634277344, 49.36366271972656, 51.178466796875, 48.580753326416016, 46.849178314208984, 47.47428512573242, 45.580326080322266, 42.727073669433594, 39.9251594543457, 38.569969177246094, 40.013484954833984, 35.60942840576172, 36.65873336791992, 34.37388610839844, 33.277503967285156, 31.2158260345459, 30.932424545288086, 26.815631866455078, 28.007816314697266, 27.26377296447754, 24.70013427734375, 26.0148868560791, 23.174365997314453, 21.906940460205078, 22.77988052368164, 20.783170700073242, 20.487621307373047, 18.40940284729004, 18.59557342529297, 17.75582504272461, 16.898408889770508, 15.48394775390625, 14.924337387084961, 14.295660018920898, 13.615750312805176, 12.3865327835083, 11.513741493225098, 10.84971809387207, 9.879902839660645, 8.482873916625977, 8.019277572631836, 6.458477020263672, 5.593296527862549, 4.422039985656738, 3.591832399368286, 2.5865838527679443], "var": [9.05257797241211, 13.707389831542969, 5.006967544555664, 36.96318435668945, 53.64448928833008, 10.862306594848633, 5.903034687042236, 19.091754913330078, 15.967672348022461, 8.413657188415527, 31.233928680419922, 39.99068069458008, 47.28873825073242, 18.58064842224121, 41.734256744384766, 26.702346801757812, 38.735992431640625, 43.40336608886719, 48.44469451904297, 21.417207717895508, 29.846281051635742, 25.67021369934082, 60.559329986572266, 19.84683609008789, 33.99033737182617, 32.7853889465332, 89.35375213623047, 45.97239685058594, 54.91352081298828, 50.921173095703125, 30.58560562133789, 41.56186294555664, 73.40245819091797, 46.99923324584961, 32.80462646484375, 28.07907485961914, 32.80580139160156, 92.6217269897461, 49.7327880859375, 50.123355865478516, 75.57095336914062, 58.008426666259766, 127.38550567626953, 94.52959442138672, 85.69175720214844, 109.06118774414062, 152.456298828125, 213.7300567626953, 143.65858459472656, 89.50891876220703, 219.89378356933594, 91.18682098388672, 156.3220977783203, 126.2776107788086, 140.1183319091797, 174.63609313964844, 178.16976928710938, 253.2790069580078, 624.8331298828125, 165.02267456054688, 317.266845703125, 100.61151123046875, 180.7646942138672, 101.23358154296875, 132.97093200683594, 200.46124267578125, 183.67933654785156, 135.3388214111328, 151.61813354492188, 217.52139282226562, 131.71987915039062, 303.0354919433594, 80.75961303710938, 26.579113006591797, 74.07616424560547, 43.223575592041016, 81.32923889160156, 31.64691925048828, 14.920451164245605, 65.78812408447266, 65.36467742919922, 14.202370643615723, 28.091508865356445, 30.90909767150879, 29.64570426940918, 30.18805694580078, 36.903194427490234, 7.440163612365723, 14.673158645629883, 18.98069190979004, 26.92870330810547, 16.813674926757812, 18.535789489746094, 13.222091674804688, 2.8710498809814453, 4.334700584411621, 13.824664115905762, 3.6330068111419678, 4.9845757484436035, 6.436116695404053, 3.2085564136505127, 8.523512840270996, 4.563230037689209, 2.719332456588745, 1.8990769386291504, 1.2734646797180176, 2.2539093494415283, 3.2016398906707764, 3.3888449668884277, 1.132435917854309, 1.8285881280899048, 1.3546783924102783, 1.6603078842163086, 2.410325527191162, 0.39854979515075684, 1.4624407291412354, 1.3747202157974243, 0.7810836434364319, 0.49212467670440674, 0.5912334322929382, 0.746148943901062, 1.6828546524047852, 2.025331974029541, 0.3540317416191101, 0.44601675868034363, 0.5354697108268738], "true": [120.0, 120.0, 120.0, 120.0, 120.0, 120.0, 119.0, 118.0, 117.0, 116.0, 115.0, 114.0, 113.0, 112.0, 111.0, 110.0, 109.0, 108.0, 107.0, 106.0, 105.0, 104.0, 103.0, 102.0, 101.0, 100.0, 99.0, 98.0, 97.0, 96.0, 95.0, 94.0, 93.0, 92.0, 91.0, 90.0, 89.0, 88.0, 87.0, 86.0, 85.0, 84.0, 83.0, 82.0, 81.0, 80.0, 79.0, 78.0, 77.0, 76.0, 75.0, 74.0, 73.0, 72.0, 71.0, 70.0, 69.0, 68.0, 67.0, 66.0, 65.0, 64.0, 63.0, 62.0, 61.0, 60.0, 59.0, 58.0, 57.0, 56.0, 55.0, 54.0, 53.0, 52.0, 51.0, 50.0, 49.0, 48.0, 47.0, 46.0, 45.0, 44.0, 43.0, 42.0, 41.0, 40.0, 39.0, 38.0, 37.0, 36.0, 35.0, 34.0, 33.0, 32.0, 31.0, 30.0, 29.0, 28.0, 27.0, 26.0, 25.0, 24.0, 23.0, 22.0, 21.0, 20.0, 19.0, 18.0, 17.0, 16.0, 15.0, 14.0, 13.0, 12.0, 11.0, 10.0, 9.0, 8.0, 7.0, 6.0, 5.0, 4.0, 3.0, 2.0, 1.0, 0.0], "RMSE": 15.13}