{"mean": [114.64225769042969, 115.71981048583984, 116.43693542480469, 117.2803726196289, 117.42411041259766, 115.6467056274414, 111.5679702758789, 112.67167663574219, 111.0594711303711, 116.01081848144531, 111.03553771972656, 114.5181884765625, 114.16127014160156, 116.36470794677734, 116.72346496582031, 110.54698181152344, 114.40425872802734, 115.8118667602539, 116.50569915771484, 111.18867492675781, 118.2080078125, 120.46334075927734, 115.53434753417969, 117.2550048828125, 113.20878601074219, 116.5641860961914, 114.74072265625, 115.5299072265625, 111.95802307128906, 114.7096939086914, 107.4178695678711, 109.84195709228516, 111.3938980102539, 103.79417419433594, 111.09516906738281, 107.38040924072266, 103.72792053222656, 110.67530822753906, 104.01080322265625, 106.74220275878906, 103.03254699707031, 97.96882629394531, 106.90177154541016, 102.10757446289062, 100.0520248413086, 106.21158599853516, 101.83453369140625, 93.70841217041016, 94.04203796386719, 86.41934204101562, 77.2127685546875, 80.08045959472656, 93.24874114990234, 88.80270385742188, 94.35684204101562, 90.48970031738281, 78.6966552734375, 77.43267822265625, 80.47289276123047, 83.67133331298828, 77.89942932128906, 77.39099884033203, 76.20378112792969, 72.8031997680664, 61.34465408325195, 69.98040008544922, 72.78984069824219, 70.00042724609375, 68.30326843261719, 68.5483169555664, 67.79449462890625, 56.989418029785156, 62.649169921875, 57.74766159057617, 54.415283203125, 55.54575729370117, 54.66263961791992, 51.013912200927734, 55.20914840698242, 48.93926239013672, 47.55305099487305, 49.22742462158203, 44.04426956176758, 43.532127380371094, 39.93400955200195, 42.113426208496094, 39.78541564941406, 40.45144271850586, 36.642494201660156, 35.71492004394531, 33.165733337402344, 32.86000442504883, 31.713104248046875, 31.632793426513672, 30.39569091796875, 28.969623565673828, 28.55558204650879, 26.35849380493164, 25.50183868408203, 25.345243453979492, 23.370967864990234, 22.685012817382812, 20.713558197021484, 20.441965103149414, 19.7747745513916, 18.145610809326172, 15.62732219696045, 15.17393684387207, 12.061617851257324, 13.791397094726562, 13.5010404586792, 12.512834548950195, 12.1456937789917, 11.771638870239258, 10.8765287399292, 9.784381866455078, 9.512720108032227, 8.431614875793457, 7.746691703796387, 7.052964210510254, 5.717194557189941, 4.451127052307129, 3.808565139770508, 2.335089683532715, 1.817831039428711], "var": [24.299814224243164, 20.113544464111328, 6.8195366859436035, 27.72877311706543, 14.153002738952637, 60.14915466308594, 48.76927947998047, 8.766217231750488, 41.408714294433594, 42.05746841430664, 62.575103759765625, 48.985633850097656, 55.554115295410156, 19.51713752746582, 59.04059600830078, 56.10853576660156, 41.087921142578125, 83.43856811523438, 15.995444297790527, 166.4228973388672, 50.92987060546875, 10.753589630126953, 39.9540901184082, 83.02561950683594, 63.80220031738281, 62.53181457519531, 49.98589324951172, 104.99340057373047, 42.40979766845703, 57.72500991821289, 388.1636962890625, 161.55833435058594, 148.62290954589844, 89.00025939941406, 204.26629638671875, 90.39141082763672, 92.01468658447266, 137.19566345214844, 155.43753051757812, 278.2599792480469, 227.13076782226562, 168.9157257080078, 232.12728881835938, 226.57870483398438, 203.5732421875, 280.084228515625, 184.24456787109375, 227.80848693847656, 286.6351623535156, 176.97415161132812, 76.2620620727539, 120.95234680175781, 204.9375, 217.8809356689453, 160.08802795410156, 124.74503326416016, 210.67489624023438, 92.16588592529297, 275.6416931152344, 263.9570007324219, 63.36277770996094, 228.91639709472656, 164.394287109375, 123.003662109375, 29.878734588623047, 93.91547393798828, 75.64049530029297, 121.79981231689453, 57.28921127319336, 197.23989868164062, 150.3570556640625, 20.436403274536133, 80.27633666992188, 61.22663879394531, 44.27170944213867, 32.80348587036133, 46.704307556152344, 29.998313903808594, 18.556238174438477, 17.712627410888672, 7.689564228057861, 17.305707931518555, 26.64824676513672, 20.7642765045166, 12.823134422302246, 13.852407455444336, 11.919763565063477, 4.915445327758789, 11.136425971984863, 14.319958686828613, 5.284818172454834, 4.048726558685303, 7.628690719604492, 9.146864891052246, 5.079686641693115, 1.8607581853866577, 4.4781060218811035, 6.7305755615234375, 2.1506688594818115, 3.6767168045043945, 5.1842780113220215, 2.683983087539673, 1.7112926244735718, 2.6492786407470703, 2.0203781127929688, 0.943265438079834, 2.5651421546936035, 1.9685214757919312, 2.0117533206939697, 0.46384114027023315, 1.7372207641601562, 1.369907021522522, 0.6189848780632019, 0.7985625267028809, 0.579169511795044, 0.6548452377319336, 1.1815996170043945, 0.2836686074733734, 0.9989119172096252, 1.0180290937423706, 0.5690010190010071, 1.1562035083770752, 1.1055423021316528, 0.44775277376174927, 0.21257825195789337], "true": [120.0, 120.0, 120.0, 120.0, 120.0, 119.0, 118.0, 117.0, 116.0, 115.0, 114.0, 113.0, 112.0, 111.0, 110.0, 109.0, 108.0, 107.0, 106.0, 105.0, 104.0, 103.0, 102.0, 101.0, 100.0, 99.0, 98.0, 97.0, 96.0, 95.0, 94.0, 93.0, 92.0, 91.0, 90.0, 89.0, 88.0, 87.0, 86.0, 85.0, 84.0, 83.0, 82.0, 81.0, 80.0, 79.0, 78.0, 77.0, 76.0, 75.0, 74.0, 73.0, 72.0, 71.0, 70.0, 69.0, 68.0, 67.0, 66.0, 65.0, 64.0, 63.0, 62.0, 61.0, 60.0, 59.0, 58.0, 57.0, 56.0, 55.0, 54.0, 53.0, 52.0, 51.0, 50.0, 49.0, 48.0, 47.0, 46.0, 45.0, 44.0, 43.0, 42.0, 41.0, 40.0, 39.0, 38.0, 37.0, 36.0, 35.0, 34.0, 33.0, 32.0, 31.0, 30.0, 29.0, 28.0, 27.0, 26.0, 25.0, 24.0, 23.0, 22.0, 21.0, 20.0, 19.0, 18.0, 17.0, 16.0, 15.0, 14.0, 13.0, 12.0, 11.0, 10.0, 9.0, 8.0, 7.0, 6.0, 5.0, 4.0, 3.0, 2.0, 1.0, 0.0], "RMSE": 11.21}