{"mean": [121.00516510009766, 114.55328369140625, 115.72776794433594, 118.2574691772461, 117.81932067871094, 119.8207778930664, 118.5881576538086, 119.02579498291016, 119.79736328125, 118.10025787353516, 113.24604797363281, 117.12278747558594, 119.40755462646484, 123.0205307006836, 116.7443618774414, 119.5044174194336, 118.47135925292969, 115.91996765136719, 118.70955657958984, 116.31024169921875, 119.05479431152344, 117.41878509521484, 117.36576080322266, 119.33290100097656, 114.7042465209961, 117.91120910644531, 113.6510009765625, 116.37422943115234, 115.93373107910156, 119.092041015625, 116.2112808227539, 113.56159973144531, 116.84425354003906, 115.6941146850586, 112.71965026855469, 117.51397705078125, 114.4178466796875, 115.44206237792969, 114.71150207519531, 114.56098937988281, 114.82232666015625, 110.19361877441406, 111.7742691040039, 118.65901184082031, 110.43272399902344, 112.36759948730469, 104.79405212402344, 104.85417175292969, 106.368408203125, 115.2019271850586, 105.6223373413086, 109.9627914428711, 104.59501647949219, 102.10414123535156, 91.02787780761719, 94.63964080810547, 91.20289611816406, 83.55908966064453, 90.74712371826172, 89.7995834350586, 87.93833923339844, 89.25874328613281, 78.48348236083984, 81.29689025878906, 73.20792388916016, 71.43899536132812, 75.01133728027344, 73.03886413574219, 69.56005096435547, 64.99221801757812, 71.90547180175781, 64.1268539428711, 64.12159729003906, 65.17897033691406, 57.11735916137695, 63.32135772705078, 58.039451599121094, 58.45281219482422, 53.462318420410156, 52.79473876953125, 53.56038284301758, 49.07197189331055, 53.099388122558594, 48.58018493652344, 46.61060333251953, 44.885738372802734, 47.85393524169922, 42.6667594909668, 39.95485305786133, 38.59605026245117, 39.313106536865234, 37.667747497558594, 34.98218536376953, 35.5272216796875, 31.808734893798828, 32.65045166015625, 29.451831817626953, 28.57181167602539, 27.051403045654297, 27.01509666442871, 26.983165740966797, 24.384136199951172, 23.551464080810547, 23.351381301879883, 23.878406524658203, 23.164377212524414, 21.16018295288086, 19.756858825683594, 19.41780662536621, 18.232690811157227, 16.337963104248047, 15.464479446411133, 13.871355056762695, 14.690406799316406, 13.7117338180542, 12.9350004196167, 11.052756309509277, 10.721597671508789, 9.624505043029785, 9.23548412322998, 7.135598182678223, 6.821483612060547, 5.009285926818848, 4.575962543487549, 3.1909236907958984, 2.772083044052124], "var": [15.077254295349121, 23.578577041625977, 11.040549278259277, 25.371368408203125, 15.714719772338867, 16.724218368530273, 17.669147491455078, 18.95817756652832, 20.89885711669922, 27.610498428344727, 30.467464447021484, 27.172441482543945, 26.416658401489258, 13.173873901367188, 33.13496398925781, 21.864744186401367, 19.64898109436035, 15.863677024841309, 34.85453796386719, 37.99370574951172, 42.58515548706055, 31.893095016479492, 29.06895637512207, 11.130128860473633, 38.70901107788086, 36.6047248840332, 45.28983688354492, 23.231464385986328, 29.99574089050293, 20.327869415283203, 63.05207443237305, 55.87565231323242, 42.81959533691406, 16.090164184570312, 59.21139907836914, 50.44015121459961, 80.16844940185547, 49.4477653503418, 62.78671646118164, 54.5822639465332, 63.32383346557617, 114.26107025146484, 111.75625610351562, 54.77528762817383, 61.3845100402832, 55.71767044067383, 76.39063262939453, 148.1917266845703, 240.6392364501953, 133.0352783203125, 183.53663635253906, 87.34333801269531, 32.1796989440918, 175.7391357421875, 240.39349365234375, 157.2719268798828, 128.9736328125, 135.25738525390625, 159.8971710205078, 217.396484375, 204.31851196289062, 569.4392700195312, 204.23001098632812, 171.5569305419922, 142.8562469482422, 42.33938217163086, 59.974403381347656, 208.86770629882812, 104.17499542236328, 43.780982971191406, 217.60569763183594, 157.98094177246094, 28.522335052490234, 70.48405456542969, 44.83857345581055, 202.5856170654297, 55.52302551269531, 29.304481506347656, 37.043296813964844, 50.30949401855469, 30.202756881713867, 21.841684341430664, 14.113760948181152, 24.42975425720215, 9.351264953613281, 15.39467716217041, 14.293033599853516, 20.610754013061523, 21.696271896362305, 11.901634216308594, 26.19971466064453, 9.454964637756348, 9.362581253051758, 15.701443672180176, 7.574792861938477, 5.485421657562256, 8.777331352233887, 7.123377323150635, 2.070199728012085, 5.478130340576172, 7.894701957702637, 10.193814277648926, 2.066669225692749, 6.269506454467773, 8.933287620544434, 3.1948602199554443, 2.111708164215088, 1.9569754600524902, 2.787687301635742, 1.2605628967285156, 1.5591119527816772, 0.7491181492805481, 1.1882907152175903, 1.6796610355377197, 1.2252660989761353, 0.5992348194122314, 0.9695881009101868, 0.6764660477638245, 0.8268511295318604, 0.7605481147766113, 0.7422229647636414, 0.6247898936271667, 1.203852653503418, 1.08987557888031, 0.2934008240699768, 0.24273766577243805], "true": [120.0, 120.0, 120.0, 120.0, 120.0, 120.0, 119.0, 118.0, 117.0, 116.0, 115.0, 114.0, 113.0, 112.0, 111.0, 110.0, 109.0, 108.0, 107.0, 106.0, 105.0, 104.0, 103.0, 102.0, 101.0, 100.0, 99.0, 98.0, 97.0, 96.0, 95.0, 94.0, 93.0, 92.0, 91.0, 90.0, 89.0, 88.0, 87.0, 86.0, 85.0, 84.0, 83.0, 82.0, 81.0, 80.0, 79.0, 78.0, 77.0, 76.0, 75.0, 74.0, 73.0, 72.0, 71.0, 70.0, 69.0, 68.0, 67.0, 66.0, 65.0, 64.0, 63.0, 62.0, 61.0, 60.0, 59.0, 58.0, 57.0, 56.0, 55.0, 54.0, 53.0, 52.0, 51.0, 50.0, 49.0, 48.0, 47.0, 46.0, 45.0, 44.0, 43.0, 42.0, 41.0, 40.0, 39.0, 38.0, 37.0, 36.0, 35.0, 34.0, 33.0, 32.0, 31.0, 30.0, 29.0, 28.0, 27.0, 26.0, 25.0, 24.0, 23.0, 22.0, 21.0, 20.0, 19.0, 18.0, 17.0, 16.0, 15.0, 14.0, 13.0, 12.0, 11.0, 10.0, 9.0, 8.0, 7.0, 6.0, 5.0, 4.0, 3.0, 2.0, 1.0, 0.0], "RMSE": 15.63}