{"pred": [101.935302734375, 101.81117248535156, 100.51853942871094, 97.89250946044922, 97.19184112548828, 95.27047729492188, 95.44005584716797, 93.54466247558594, 96.93128967285156, 94.73828887939453, 94.6253662109375, 95.62439727783203, 91.65048217773438, 88.6588134765625, 85.37654876708984, 83.47218322753906, 84.98741149902344, 82.3548583984375, 83.75349426269531, 83.37861633300781, 83.7088394165039, 85.79442596435547, 80.81594848632812, 78.11782836914062, 75.3287124633789, 73.56639862060547, 67.906982421875, 70.27641296386719, 68.4859390258789, 62.77585220336914, 61.31223678588867, 61.0333366394043, 65.09400939941406, 68.01858520507812, 67.75829315185547, 67.17387390136719, 67.82182312011719, 68.23966979980469, 68.48121643066406, 69.17057800292969, 69.03662109375, 67.58973693847656, 69.5148696899414, 67.48007202148438, 68.57405090332031, 64.36091613769531, 61.86928939819336, 59.51138687133789, 57.08039855957031, 56.622764587402344, 54.54060745239258, 58.22407150268555, 59.51233673095703, 61.96232986450195, 59.99766540527344, 54.85855484008789, 54.56470489501953, 53.30447006225586, 50.39008712768555, 49.44272994995117, 54.029964447021484, 55.80165100097656, 53.53933334350586, 48.9185676574707, 44.15260696411133, 44.769840240478516, 44.84769821166992, 45.522701263427734, 44.96696090698242, 41.43887710571289, 41.8438720703125, 42.10737991333008, 43.17817306518555, 46.72067642211914, 43.91958999633789, 44.06850051879883, 44.672149658203125, 44.38944625854492, 44.23456954956055, 40.51386642456055, 45.167999267578125, 41.78091812133789, 39.764766693115234, 35.38308334350586, 32.23847198486328, 33.50562286376953, 32.739200592041016, 34.164005279541016, 31.03638458251953, 26.962059020996094, 29.71367835998535, 27.110843658447266, 25.32274055480957, 23.134931564331055, 18.820192337036133, 18.46482276916504, 14.694927215576172, 12.612381935119629, 10.750781059265137, 10.03497314453125, 10.76862907409668, 11.214010238647461, 8.9239501953125, 7.3242645263671875, 5.964555740356445, 5.011399745941162], "RMSE": 8.44}