{"pred": [118.22915649414062, 119.0847396850586, 118.74403381347656, 119.33906555175781, 119.306884765625, 118.92916870117188, 118.7265625, 118.88160705566406, 117.81087493896484, 117.78703308105469, 117.05075073242188, 118.31755065917969, 118.88406372070312, 118.62132263183594, 118.10446166992188, 118.60327911376953, 117.90385437011719, 117.29441833496094, 117.50880432128906, 118.0799331665039, 118.21820068359375, 117.22122192382812, 117.79215240478516, 117.99211120605469, 118.03650665283203, 118.11126708984375, 118.23611450195312, 117.62965393066406, 117.47608947753906, 117.06449890136719, 116.96165466308594, 116.65362548828125, 116.02354431152344, 115.86528015136719, 115.85679626464844, 117.95954895019531, 116.55714416503906, 115.71238708496094, 115.77520751953125, 115.99686431884766, 114.44227600097656, 114.19439697265625, 113.97702026367188, 113.01179504394531, 112.5730972290039, 110.1259765625, 109.73454284667969, 106.86553955078125, 108.56076049804688, 107.61237335205078, 107.73906707763672, 108.0459976196289, 105.71488952636719, 102.36941528320312, 100.80995178222656, 98.92317962646484, 95.47079467773438, 88.5821533203125, 84.71187591552734, 86.03124237060547, 86.35958862304688, 88.5157699584961, 89.66500854492188, 87.0887680053711, 86.70921325683594, 86.29678344726562, 88.03707122802734, 87.95862579345703, 87.22279357910156, 90.54678344726562, 87.76348876953125, 85.05317687988281, 78.05374145507812, 72.35043334960938, 69.89860534667969, 63.9313850402832, 62.524024963378906, 57.46013641357422, 53.77241516113281, 49.510250091552734, 45.87516403198242, 46.97110366821289, 47.38948440551758, 46.93125534057617, 43.05223846435547, 41.45047378540039, 42.849998474121094, 42.487491607666016, 41.00588607788086, 39.733150482177734, 38.85817337036133, 39.34267044067383, 38.549869537353516, 38.34634017944336, 38.265384674072266, 31.982532501220703, 31.309385299682617, 32.056766510009766, 32.50724792480469, 34.08293151855469, 34.29121017456055, 32.1895637512207, 30.831438064575195, 28.242679595947266, 27.627410888671875, 26.634286880493164, 24.484817504882812, 22.763338088989258, 20.71659278869629, 22.729534149169922, 20.01310157775879, 18.880290985107422, 18.404207229614258, 16.860776901245117, 15.274007797241211, 11.91528606414795, 11.910391807556152, 10.934300422668457, 8.94543170928955, 7.270350933074951, 6.589293956756592, 5.338506698608398, 4.891034126281738, 4.717203617095947, 4.1050825119018555, 3.847477674484253], "RMSE": 17.87}