{"pred": [119.91531372070312, 120.23471069335938, 120.1516342163086, 120.13069152832031, 120.56133270263672, 120.63995361328125, 120.5772705078125, 120.19999694824219, 119.87796020507812, 119.81765747070312, 119.834228515625, 119.07769775390625, 119.24269104003906, 119.89196014404297, 119.5501708984375, 118.88330078125, 118.68766784667969, 118.65187072753906, 118.91513061523438, 118.8045654296875, 119.35626220703125, 118.81993103027344, 118.51640319824219, 118.58406066894531, 119.48516845703125, 119.22274780273438, 119.34336853027344, 118.29383850097656, 118.22836303710938, 117.32232666015625, 117.19357299804688, 116.72177124023438, 116.2366943359375, 115.86764526367188, 114.750244140625, 114.71971893310547, 112.80072021484375, 111.0477294921875, 110.08287048339844, 110.60444641113281, 109.31977844238281, 106.73236083984375, 104.93510437011719, 103.43302154541016, 102.71478271484375, 102.66351318359375, 103.93113708496094, 103.32794189453125, 102.43307495117188, 101.3468017578125, 98.07125854492188, 96.36534118652344, 92.48365783691406, 89.69273376464844, 84.93163299560547, 85.22013092041016, 79.73614501953125, 78.33587646484375, 75.46830749511719, 73.0267562866211, 74.51105499267578, 76.06326293945312, 73.62130737304688, 72.68099975585938, 70.63778686523438, 64.35734558105469, 60.60268020629883, 59.874427795410156, 62.637393951416016, 68.28404235839844, 70.7599868774414, 69.55110168457031, 69.63383483886719, 67.71633911132812, 67.05499267578125, 65.8963623046875, 62.30111312866211, 60.11496353149414, 60.95527267456055, 62.99805450439453, 58.637977600097656, 59.50533676147461, 54.274784088134766, 56.55327224731445, 53.90399932861328, 55.03725051879883, 52.33900833129883, 51.53562545776367, 51.372615814208984, 50.61357498168945, 50.45249938964844, 50.412288665771484, 49.170894622802734, 48.016292572021484, 46.726932525634766, 44.872257232666016, 43.82834243774414, 45.993167877197266, 43.09002685546875, 41.967647552490234, 40.29667282104492, 40.20546340942383, 36.32477951049805, 34.09530258178711, 29.1502742767334, 28.094982147216797, 25.97369956970215, 25.34168815612793, 25.681522369384766, 21.925193786621094, 21.631685256958008, 20.766780853271484, 17.865642547607422, 16.509323120117188, 18.55141258239746, 16.764249801635742, 16.96855354309082, 15.511249542236328, 16.313203811645508, 13.809800148010254, 11.608442306518555, 10.438006401062012, 8.934764862060547, 6.824818134307861, 5.796994686126709], "RMSE": 15.66}