{"pred": [114.4487075805664, 114.74324798583984, 115.1495590209961, 111.12863159179688, 111.03194427490234, 110.49851989746094, 109.28388214111328, 110.17471313476562, 109.14730834960938, 109.48495483398438, 109.15046691894531, 109.41619873046875, 112.06654357910156, 114.82147216796875, 116.77104187011719, 116.75775146484375, 116.74250030517578, 117.18095397949219, 115.85831451416016, 115.55851745605469, 115.45857238769531, 115.86174011230469, 115.12539672851562, 115.31861877441406, 114.42137908935547, 113.95804595947266, 115.44804382324219, 116.53135681152344, 115.77206420898438, 114.78639221191406, 113.71757507324219, 111.7169418334961, 113.01531982421875, 112.61463928222656, 110.29135131835938, 111.29414367675781, 112.03023529052734, 111.4792709350586, 108.42333984375, 103.50814819335938, 102.51498413085938, 106.50706481933594, 102.89714050292969, 105.88648986816406, 105.65139770507812, 104.87488555908203, 104.94258117675781, 104.65428924560547, 102.47716522216797, 98.47901916503906, 94.15972137451172, 93.54480743408203, 92.909912109375, 94.64306640625, 92.16285705566406, 93.56698608398438, 91.7040023803711, 91.0784912109375, 90.26461791992188, 86.12895965576172, 87.87113952636719, 83.76165771484375, 84.09675598144531, 80.28973388671875, 75.12222290039062, 67.12217712402344, 65.08662414550781, 63.00053787231445, 60.616024017333984, 58.913509368896484, 59.26334762573242, 58.218570709228516, 59.79971694946289, 62.14695358276367, 64.99169921875, 60.03177261352539, 59.387454986572266, 57.33708572387695, 59.00388717651367, 55.291412353515625, 56.07168960571289, 54.03166580200195, 56.92879867553711, 48.528560638427734, 50.124595642089844, 48.79227828979492, 46.528263092041016, 41.64947509765625, 39.70841598510742, 41.21665954589844, 42.841495513916016, 43.8773078918457, 41.73273849487305, 41.331180572509766, 38.92692184448242, 34.22713088989258, 35.20473098754883, 32.30770492553711, 28.72309684753418, 26.698938369750977, 26.36965560913086, 29.509660720825195, 26.683256149291992, 26.233366012573242, 27.144620895385742, 25.060510635375977, 23.965742111206055, 21.427846908569336, 20.12392234802246, 19.59001350402832, 16.994985580444336, 17.083951950073242, 17.373865127563477, 17.403139114379883, 14.510664939880371, 12.991504669189453, 12.148303985595703, 12.660626411437988, 10.425467491149902, 7.360100746154785, 6.107484817504883, 6.05842924118042, 5.636974334716797, 5.046977519989014, 4.474705696105957], "RMSE": 14.07}