{"pred": [117.70760345458984, 118.19496154785156, 118.67221069335938, 119.09931945800781, 118.70829772949219, 119.11904907226562, 118.61322784423828, 118.18902587890625, 118.08570861816406, 118.17416381835938, 115.9167709350586, 117.55413818359375, 117.03715515136719, 116.07300567626953, 116.0611572265625, 114.90825653076172, 113.44313049316406, 112.49024963378906, 113.02139282226562, 114.75753784179688, 115.06339263916016, 113.26155090332031, 111.36668395996094, 110.30960083007812, 107.80484771728516, 108.00366973876953, 105.63103485107422, 107.41075134277344, 110.05805206298828, 110.92814636230469, 111.27455139160156, 109.76639556884766, 103.87958526611328, 98.38420104980469, 94.17617797851562, 93.41484069824219, 95.31205749511719, 94.96516418457031, 97.56438446044922, 95.93080139160156, 95.37274169921875, 96.60443115234375, 96.45578002929688, 91.6672134399414, 92.2347412109375, 90.50527954101562, 94.53904724121094, 91.25828552246094, 86.94308471679688, 80.29158782958984, 80.54666137695312, 74.81040954589844, 73.55838012695312, 71.49746704101562, 73.6450424194336, 73.88751220703125, 70.63703155517578, 69.85519409179688, 68.82197570800781, 70.37663269042969, 71.4171142578125, 69.90892028808594, 64.78073120117188, 63.35076904296875, 66.9122314453125, 63.34852981567383, 66.12582397460938, 64.56271362304688, 62.12453842163086, 56.37409591674805, 57.2510871887207, 54.42772674560547, 51.3903923034668, 53.56206130981445, 56.510231018066406, 55.61100769042969, 53.99594497680664, 52.33525466918945, 53.98001480102539, 50.966983795166016, 52.40791320800781, 50.53665542602539, 51.35940933227539, 50.230533599853516, 49.59056091308594, 47.99863052368164, 51.60470199584961, 48.9764289855957, 47.66908645629883, 44.79130172729492, 43.77923583984375, 40.49680709838867, 39.05387496948242, 40.71269607543945, 40.36726379394531, 40.55954360961914, 36.341552734375, 34.91268539428711, 37.88827896118164, 37.35285568237305, 31.575241088867188, 30.019853591918945, 33.36729049682617, 30.93195915222168, 30.649534225463867, 29.364471435546875, 25.785234451293945, 26.72307777404785, 23.225175857543945, 21.710363388061523, 19.428876876831055, 16.56992530822754, 16.16568374633789, 13.626072883605957, 13.779206275939941, 12.162428855895996, 11.966202735900879, 10.03053092956543, 7.755117416381836, 8.377163887023926, 6.881199836730957, 5.591151237487793, 4.73036527633667, 4.275872230529785, 4.02700662612915, 3.761028528213501, 3.615591526031494], "RMSE": 6.32}